Van (datum);Van (tijdstip);Tot (datum);Tot (tijdstip);EAN-code;Meter;Metertype;Register;Volume;Eenheid;Validatiestatus;Omschrijving
27-05-2025;00:00:00;28-05-2025;00:00:00;="541448820043562075";1SAG1100625708;Digitale meter;Afname Dag;0,424;kWh;Uitgelezen;Zonnepanelen
27-05-2025;00:00:00;28-05-2025;00:00:00;="541448820043562075";1SAG1100625708;Digitale meter;Injectie Dag;0,000;kWh;Uitgelezen;Zonnepanelen
27-05-2025;00:00:00;28-05-2025;00:00:00;="541448820043562075";1SAG1100625708;Digitale meter;Afname Nacht;0,454;kWh;Uitgelezen;Zonnepanelen
27-05-2025;00:00:00;28-05-2025;00:00:00;="541448820043562075";1SAG1100625708;Digitale meter;Injectie Nacht;0,000;kWh;Uitgelezen;Zonnepanelen
28-05-2025;00:00:00;29-05-2025;00:00:00;="541448820043562075";1SAG1100625708;Digitale meter;Afname Dag;2,017;kWh;Uitgelezen;Zonnepanelen
28-05-2025;00:00:00;29-05-2025;00:00:00;="541448820043562075";1SAG1100625708;Digitale meter;Injectie Dag;0,000;kWh;Uitgelezen;Zonnepanelen
28-05-2025;00:00:00;29-05-2025;00:00:00;="541448820043562075";1SAG1100625708;Digitale meter;Afname Nacht;0,519;kWh;Uitgelezen;Zonnepanelen
28-05-2025;00:00:00;29-05-2025;00:00:00;="541448820043562075";1SAG1100625708;Digitale meter;Injectie Nacht;0,000;kWh;Uitgelezen;Zonnepanelen
29-05-2025;00:00:00;30-05-2025;00:00:00;="541448820043562075";1SAG1100625708;Digitale meter;Afname Dag;0,914;kWh;Uitgelezen;Zonnepanelen
29-05-2025;00:00:00;30-05-2025;00:00:00;="541448820043562075";1SAG1100625708;Digitale meter;Injectie Dag;0,000;kWh;Uitgelezen;Zonnepanelen
29-05-2025;00:00:00;30-05-2025;00:00:00;="541448820043562075";1SAG1100625708;Digitale meter;Afname Nacht;0,576;kWh;Uitgelezen;Zonnepanelen
29-05-2025;00:00:00;30-05-2025;00:00:00;="541448820043562075";1SAG1100625708;Digitale meter;Injectie Nacht;0,000;kWh;Uitgelezen;Zonnepanelen
30-05-2025;00:00:00;31-05-2025;00:00:00;="541448820043562075";1SAG1100625708;Digitale meter;Afname Dag;0,871;kWh;Uitgelezen;Zonnepanelen
30-05-2025;00:00:00;31-05-2025;00:00:00;="541448820043562075";1SAG1100625708;Digitale meter;Injectie Dag;0,000;kWh;Uitgelezen;Zonnepanelen
30-05-2025;00:00:00;31-05-2025;00:00:00;="541448820043562075";1SAG1100625708;Digitale meter;Afname Nacht;0,501;kWh;Uitgelezen;Zonnepanelen
30-05-2025;00:00:00;31-05-2025;00:00:00;="541448820043562075";1SAG1100625708;Digitale meter;Injectie Nacht;0,000;kWh;Uitgelezen;Zonnepanelen
31-05-2025;00:00:00;01-06-2025;00:00:00;="541448820043562075";1SAG1100625708;Digitale meter;Afname Dag;0,000;kWh;Uitgelezen;Zonnepanelen
31-05-2025;00:00:00;01-06-2025;00:00:00;="541448820043562075";1SAG1100625708;Digitale meter;Injectie Dag;0,000;kWh;Uitgelezen;Zonnepanelen
31-05-2025;00:00:00;01-06-2025;00:00:00;="541448820043562075";1SAG1100625708;Digitale meter;Afname Nacht;0,771;kWh;Uitgelezen;Zonnepanelen
31-05-2025;00:00:00;01-06-2025;00:00:00;="541448820043562075";1SAG1100625708;Digitale meter;Injectie Nacht;0,000;kWh;Uitgelezen;Zonnepanelen
01-06-2025;00:00:00;02-06-2025;00:00:00;="541448820043562075";1SAG1100625708;Digitale meter;Afname Dag;0,000;kWh;Uitgelezen;Zonnepanelen
01-06-2025;00:00:00;02-06-2025;00:00:00;="541448820043562075";1SAG1100625708;Digitale meter;Injectie Dag;0,000;kWh;Uitgelezen;Zonnepanelen
01-06-2025;00:00:00;02-06-2025;00:00:00;="541448820043562075";1SAG1100625708;Digitale meter;Afname Nacht;0,769;kWh;Uitgelezen;Zonnepanelen
01-06-2025;00:00:00;02-06-2025;00:00:00;="541448820043562075";1SAG1100625708;Digitale meter;Injectie Nacht;0,000;kWh;Uitgelezen;Zonnepanelen
02-06-2025;00:00:00;03-06-2025;00:00:00;="541448820043562075";1SAG1100625708;Digitale meter;Afname Dag;0,954;kWh;Uitgelezen;Zonnepanelen
02-06-2025;00:00:00;03-06-2025;00:00:00;="541448820043562075";1SAG1100625708;Digitale meter;Injectie Dag;0,000;kWh;Uitgelezen;Zonnepanelen
02-06-2025;00:00:00;03-06-2025;00:00:00;="541448820043562075";1SAG1100625708;Digitale meter;Afname Nacht;0,354;kWh;Uitgelezen;Zonnepanelen
02-06-2025;00:00:00;03-06-2025;00:00:00;="541448820043562075";1SAG1100625708;Digitale meter;Injectie Nacht;0,000;kWh;Uitgelezen;Zonnepanelen
03-06-2025;00:00:00;04-06-2025;00:00:00;="541448820043562075";1SAG1100625708;Digitale meter;Afname Dag;1,034;kWh;Uitgelezen;Zonnepanelen
03-06-2025;00:00:00;04-06-2025;00:00:00;="541448820043562075";1SAG1100625708;Digitale meter;Injectie Dag;0,000;kWh;Uitgelezen;Zonnepanelen
03-06-2025;00:00:00;04-06-2025;00:00:00;="541448820043562075";1SAG1100625708;Digitale meter;Afname Nacht;0,625;kWh;Uitgelezen;Zonnepanelen
03-06-2025;00:00:00;04-06-2025;00:00:00;="541448820043562075";1SAG1100625708;Digitale meter;Injectie Nacht;0,000;kWh;Uitgelezen;Zonnepanelen
04-06-2025;00:00:00;05-06-2025;00:00:00;="541448820043562075";1SAG1100625708;Digitale meter;Afname Dag;1,022;kWh;Uitgelezen;Zonnepanelen
04-06-2025;00:00:00;05-06-2025;00:00:00;="541448820043562075";1SAG1100625708;Digitale meter;Injectie Dag;0,000;kWh;Uitgelezen;Zonnepanelen
04-06-2025;00:00:00;05-06-2025;00:00:00;="541448820043562075";1SAG1100625708;Digitale meter;Afname Nacht;0,646;kWh;Uitgelezen;Zonnepanelen
04-06-2025;00:00:00;05-06-2025;00:00:00;="541448820043562075";1SAG1100625708;Digitale meter;Injectie Nacht;0,000;kWh;Uitgelezen;Zonnepanelen
05-06-2025;00:00:00;06-06-2025;00:00:00;="541448820043562075";1SAG1100625708;Digitale meter;Afname Dag;1,010;kWh;Uitgelezen;Zonnepanelen
05-06-2025;00:00:00;06-06-2025;00:00:00;="541448820043562075";1SAG1100625708;Digitale meter;Injectie Dag;0,000;kWh;Uitgelezen;Zonnepanelen
05-06-2025;00:00:00;06-06-2025;00:00:00;="541448820043562075";1SAG1100625708;Digitale meter;Afname Nacht;0,633;kWh;Uitgelezen;Zonnepanelen
05-06-2025;00:00:00;06-06-2025;00:00:00;="541448820043562075";1SAG1100625708;Digitale meter;Injectie Nacht;0,000;kWh;Uitgelezen;Zonnepanelen
06-06-2025;00:00:00;07-06-2025;00:00:00;="541448820043562075";1SAG1100625708;Digitale meter;Afname Dag;0,771;kWh;Uitgelezen;Zonnepanelen
06-06-2025;00:00:00;07-06-2025;00:00:00;="541448820043562075";1SAG1100625708;Digitale meter;Injectie Dag;0,000;kWh;Uitgelezen;Zonnepanelen
06-06-2025;00:00:00;07-06-2025;00:00:00;="541448820043562075";1SAG1100625708;Digitale meter;Afname Nacht;0,551;kWh;Uitgelezen;Zonnepanelen
06-06-2025;00:00:00;07-06-2025;00:00:00;="541448820043562075";1SAG1100625708;Digitale meter;Injectie Nacht;0,000;kWh;Uitgelezen;Zonnepanelen
07-06-2025;00:00:00;08-06-2025;00:00:00;="541448820043562075";1SAG1100625708;Digitale meter;Afname Dag;0,000;kWh;Uitgelezen;Zonnepanelen
07-06-2025;00:00:00;08-06-2025;00:00:00;="541448820043562075";1SAG1100625708;Digitale meter;Injectie Dag;0,000;kWh;Uitgelezen;Zonnepanelen
07-06-2025;00:00:00;08-06-2025;00:00:00;="541448820043562075";1SAG1100625708;Digitale meter;Afname Nacht;1,066;kWh;Uitgelezen;Zonnepanelen
07-06-2025;00:00:00;08-06-2025;00:00:00;="541448820043562075";1SAG1100625708;Digitale meter;Injectie Nacht;0,000;kWh;Uitgelezen;Zonnepanelen
08-06-2025;00:00:00;09-06-2025;00:00:00;="541448820043562075";1SAG1100625708;Digitale meter;Afname Dag;0,000;kWh;Uitgelezen;Zonnepanelen
08-06-2025;00:00:00;09-06-2025;00:00:00;="541448820043562075";1SAG1100625708;Digitale meter;Injectie Dag;0,000;kWh;Uitgelezen;Zonnepanelen
08-06-2025;00:00:00;09-06-2025;00:00:00;="541448820043562075";1SAG1100625708;Digitale meter;Afname Nacht;3,090;kWh;Uitgelezen;Zonnepanelen
08-06-2025;00:00:00;09-06-2025;00:00:00;="541448820043562075";1SAG1100625708;Digitale meter;Injectie Nacht;0,000;kWh;Uitgelezen;Zonnepanelen
09-06-2025;00:00:00;10-06-2025;00:00:00;="541448820043562075";1SAG1100625708;Digitale meter;Afname Dag;1,366;kWh;Uitgelezen;Zonnepanelen
09-06-2025;00:00:00;10-06-2025;00:00:00;="541448820043562075";1SAG1100625708;Digitale meter;Injectie Dag;0,000;kWh;Uitgelezen;Zonnepanelen
09-06-2025;00:00:00;10-06-2025;00:00:00;="541448820043562075";1SAG1100625708;Digitale meter;Afname Nacht;0,299;kWh;Uitgelezen;Zonnepanelen
09-06-2025;00:00:00;10-06-2025;00:00:00;="541448820043562075";1SAG1100625708;Digitale meter;Injectie Nacht;0,000;kWh;Uitgelezen;Zonnepanelen
10-06-2025;00:00:00;11-06-2025;00:00:00;="541448820043562075";1SAG1100625708;Digitale meter;Afname Dag;1,775;kWh;Uitgelezen;Zonnepanelen
10-06-2025;00:00:00;11-06-2025;00:00:00;="541448820043562075";1SAG1100625708;Digitale meter;Injectie Dag;0,000;kWh;Uitgelezen;Zonnepanelen
10-06-2025;00:00:00;11-06-2025;00:00:00;="541448820043562075";1SAG1100625708;Digitale meter;Afname Nacht;0,346;kWh;Uitgelezen;Zonnepanelen
10-06-2025;00:00:00;11-06-2025;00:00:00;="541448820043562075";1SAG1100625708;Digitale meter;Injectie Nacht;0,000;kWh;Uitgelezen;Zonnepanelen
11-06-2025;00:00:00;12-06-2025;00:00:00;="541448820043562075";1SAG1100625708;Digitale meter;Afname Dag;4,807;kWh;Uitgelezen;Zonnepanelen
11-06-2025;00:00:00;12-06-2025;00:00:00;="541448820043562075";1SAG1100625708;Digitale meter;Injectie Dag;0,000;kWh;Uitgelezen;Zonnepanelen
11-06-2025;00:00:00;12-06-2025;00:00:00;="541448820043562075";1SAG1100625708;Digitale meter;Afname Nacht;0,640;kWh;Uitgelezen;Zonnepanelen
11-06-2025;00:00:00;12-06-2025;00:00:00;="541448820043562075";1SAG1100625708;Digitale meter;Injectie Nacht;0,000;kWh;Uitgelezen;Zonnepanelen
12-06-2025;00:00:00;13-06-2025;00:00:00;="541448820043562075";1SAG1100625708;Digitale meter;Afname Dag;0,509;kWh;Uitgelezen;Zonnepanelen
12-06-2025;00:00:00;13-06-2025;00:00:00;="541448820043562075";1SAG1100625708;Digitale meter;Injectie Dag;0,000;kWh;Uitgelezen;Zonnepanelen
12-06-2025;00:00:00;13-06-2025;00:00:00;="541448820043562075";1SAG1100625708;Digitale meter;Afname Nacht;0,336;kWh;Uitgelezen;Zonnepanelen
12-06-2025;00:00:00;13-06-2025;00:00:00;="541448820043562075";1SAG1100625708;Digitale meter;Injectie Nacht;0,000;kWh;Uitgelezen;Zonnepanelen
13-06-2025;00:00:00;14-06-2025;00:00:00;="541448820043562075";1SAG1100625708;Digitale meter;Afname Dag;1,965;kWh;Uitgelezen;Zonnepanelen
13-06-2025;00:00:00;14-06-2025;00:00:00;="541448820043562075";1SAG1100625708;Digitale meter;Injectie Dag;0,000;kWh;Uitgelezen;Zonnepanelen
13-06-2025;00:00:00;14-06-2025;00:00:00;="541448820043562075";1SAG1100625708;Digitale meter;Afname Nacht;0,512;kWh;Uitgelezen;Zonnepanelen
13-06-2025;00:00:00;14-06-2025;00:00:00;="541448820043562075";1SAG1100625708;Digitale meter;Injectie Nacht;0,000;kWh;Uitgelezen;Zonnepanelen
14-06-2025;00:00:00;15-06-2025;00:00:00;="541448820043562075";1SAG1100625708;Digitale meter;Afname Dag;0,000;kWh;Uitgelezen;Zonnepanelen
14-06-2025;00:00:00;15-06-2025;00:00:00;="541448820043562075";1SAG1100625708;Digitale meter;Injectie Dag;0,000;kWh;Uitgelezen;Zonnepanelen
14-06-2025;00:00:00;15-06-2025;00:00:00;="541448820043562075";1SAG1100625708;Digitale meter;Afname Nacht;2,785;kWh;Uitgelezen;Zonnepanelen
14-06-2025;00:00:00;15-06-2025;00:00:00;="541448820043562075";1SAG1100625708;Digitale meter;Injectie Nacht;0,000;kWh;Uitgelezen;Zonnepanelen
15-06-2025;00:00:00;16-06-2025;00:00:00;="541448820043562075";1SAG1100625708;Digitale meter;Afname Dag;0,000;kWh;Uitgelezen;Zonnepanelen
15-06-2025;00:00:00;16-06-2025;00:00:00;="541448820043562075";1SAG1100625708;Digitale meter;Injectie Dag;0,000;kWh;Uitgelezen;Zonnepanelen
15-06-2025;00:00:00;16-06-2025;00:00:00;="541448820043562075";1SAG1100625708;Digitale meter;Afname Nacht;5,302;kWh;Uitgelezen;Zonnepanelen
15-06-2025;00:00:00;16-06-2025;00:00:00;="541448820043562075";1SAG1100625708;Digitale meter;Injectie Nacht;0,000;kWh;Uitgelezen;Zonnepanelen
16-06-2025;00:00:00;17-06-2025;00:00:00;="541448820043562075";1SAG1100625708;Digitale meter;Afname Dag;1,302;kWh;Uitgelezen;Zonnepanelen
16-06-2025;00:00:00;17-06-2025;00:00:00;="541448820043562075";1SAG1100625708;Digitale meter;Injectie Dag;0,000;kWh;Uitgelezen;Zonnepanelen
16-06-2025;00:00:00;17-06-2025;00:00:00;="541448820043562075";1SAG1100625708;Digitale meter;Afname Nacht;0,962;kWh;Uitgelezen;Zonnepanelen
16-06-2025;00:00:00;17-06-2025;00:00:00;="541448820043562075";1SAG1100625708;Digitale meter;Injectie Nacht;0,000;kWh;Uitgelezen;Zonnepanelen
17-06-2025;00:00:00;18-06-2025;00:00:00;="541448820043562075";1SAG1100625708;Digitale meter;Afname Dag;2,367;kWh;Uitgelezen;Zonnepanelen
17-06-2025;00:00:00;18-06-2025;00:00:00;="541448820043562075";1SAG1100625708;Digitale meter;Injectie Dag;0,000;kWh;Uitgelezen;Zonnepanelen
17-06-2025;00:00:00;18-06-2025;00:00:00;="541448820043562075";1SAG1100625708;Digitale meter;Afname Nacht;0,752;kWh;Uitgelezen;Zonnepanelen
17-06-2025;00:00:00;18-06-2025;00:00:00;="541448820043562075";1SAG1100625708;Digitale meter;Injectie Nacht;0,000;kWh;Uitgelezen;Zonnepanelen
18-06-2025;00:00:00;19-06-2025;00:00:00;="541448820043562075";1SAG1100625708;Digitale meter;Afname Dag;1,497;kWh;Uitgelezen;Zonnepanelen
18-06-2025;00:00:00;19-06-2025;00:00:00;="541448820043562075";1SAG1100625708;Digitale meter;Injectie Dag;0,000;kWh;Uitgelezen;Zonnepanelen
18-06-2025;00:00:00;19-06-2025;00:00:00;="541448820043562075";1SAG1100625708;Digitale meter;Afname Nacht;1,407;kWh;Uitgelezen;Zonnepanelen
18-06-2025;00:00:00;19-06-2025;00:00:00;="541448820043562075";1SAG1100625708;Digitale meter;Injectie Nacht;0,000;kWh;Uitgelezen;Zonnepanelen
19-06-2025;00:00:00;20-06-2025;00:00:00;="541448820043562075";1SAG1100625708;Digitale meter;Afname Dag;0,697;kWh;Uitgelezen;Zonnepanelen
19-06-2025;00:00:00;20-06-2025;00:00:00;="541448820043562075";1SAG1100625708;Digitale meter;Injectie Dag;0,000;kWh;Uitgelezen;Zonnepanelen
19-06-2025;00:00:00;20-06-2025;00:00:00;="541448820043562075";1SAG1100625708;Digitale meter;Afname Nacht;0,471;kWh;Uitgelezen;Zonnepanelen
19-06-2025;00:00:00;20-06-2025;00:00:00;="541448820043562075";1SAG1100625708;Digitale meter;Injectie Nacht;0,000;kWh;Uitgelezen;Zonnepanelen
20-06-2025;00:00:00;21-06-2025;00:00:00;="541448820043562075";1SAG1100625708;Digitale meter;Afname Dag;1,806;kWh;Uitgelezen;Zonnepanelen
20-06-2025;00:00:00;21-06-2025;00:00:00;="541448820043562075";1SAG1100625708;Digitale meter;Injectie Dag;0,000;kWh;Uitgelezen;Zonnepanelen
20-06-2025;00:00:00;21-06-2025;00:00:00;="541448820043562075";1SAG1100625708;Digitale meter;Afname Nacht;0,583;kWh;Uitgelezen;Zonnepanelen
20-06-2025;00:00:00;21-06-2025;00:00:00;="541448820043562075";1SAG1100625708;Digitale meter;Injectie Nacht;0,000;kWh;Uitgelezen;Zonnepanelen
21-06-2025;00:00:00;22-06-2025;00:00:00;="541448820043562075";1SAG1100625708;Digitale meter;Afname Dag;0,000;kWh;Uitgelezen;Zonnepanelen
21-06-2025;00:00:00;22-06-2025;00:00:00;="541448820043562075";1SAG1100625708;Digitale meter;Injectie Dag;0,000;kWh;Uitgelezen;Zonnepanelen
21-06-2025;00:00:00;22-06-2025;00:00:00;="541448820043562075";1SAG1100625708;Digitale meter;Afname Nacht;6,716;kWh;Uitgelezen;Zonnepanelen
21-06-2025;00:00:00;22-06-2025;00:00:00;="541448820043562075";1SAG1100625708;Digitale meter;Injectie Nacht;0,000;kWh;Uitgelezen;Zonnepanelen
22-06-2025;00:00:00;23-06-2025;00:00:00;="541448820043562075";1SAG1100625708;Digitale meter;Afname Dag;0,000;kWh;Uitgelezen;Zonnepanelen
22-06-2025;00:00:00;23-06-2025;00:00:00;="541448820043562075";1SAG1100625708;Digitale meter;Injectie Dag;0,000;kWh;Uitgelezen;Zonnepanelen
22-06-2025;00:00:00;23-06-2025;00:00:00;="541448820043562075";1SAG1100625708;Digitale meter;Afname Nacht;2,897;kWh;Uitgelezen;Zonnepanelen
22-06-2025;00:00:00;23-06-2025;00:00:00;="541448820043562075";1SAG1100625708;Digitale meter;Injectie Nacht;0,000;kWh;Uitgelezen;Zonnepanelen
23-06-2025;00:00:00;24-06-2025;00:00:00;="541448820043562075";1SAG1100625708;Digitale meter;Afname Dag;2,793;kWh;Uitgelezen;Zonnepanelen
23-06-2025;00:00:00;24-06-2025;00:00:00;="541448820043562075";1SAG1100625708;Digitale meter;Injectie Dag;0,000;kWh;Uitgelezen;Zonnepanelen
23-06-2025;00:00:00;24-06-2025;00:00:00;="541448820043562075";1SAG1100625708;Digitale meter;Afname Nacht;1,124;kWh;Uitgelezen;Zonnepanelen
23-06-2025;00:00:00;24-06-2025;00:00:00;="541448820043562075";1SAG1100625708;Digitale meter;Injectie Nacht;0,000;kWh;Uitgelezen;Zonnepanelen
24-06-2025;00:00:00;25-06-2025;00:00:00;="541448820043562075";1SAG1100625708;Digitale meter;Afname Dag;0,835;kWh;Uitgelezen;Zonnepanelen
24-06-2025;00:00:00;25-06-2025;00:00:00;="541448820043562075";1SAG1100625708;Digitale meter;Injectie Dag;0,000;kWh;Uitgelezen;Zonnepanelen
24-06-2025;00:00:00;25-06-2025;00:00:00;="541448820043562075";1SAG1100625708;Digitale meter;Afname Nacht;0,452;kWh;Uitgelezen;Zonnepanelen
24-06-2025;00:00:00;25-06-2025;00:00:00;="541448820043562075";1SAG1100625708;Digitale meter;Injectie Nacht;0,000;kWh;Uitgelezen;Zonnepanelen
25-06-2025;00:00:00;26-06-2025;00:00:00;="541448820043562075";1SAG1100625708;Digitale meter;Afname Dag;3,485;kWh;Uitgelezen;Zonnepanelen
25-06-2025;00:00:00;26-06-2025;00:00:00;="541448820043562075";1SAG1100625708;Digitale meter;Injectie Dag;0,000;kWh;Uitgelezen;Zonnepanelen
25-06-2025;00:00:00;26-06-2025;00:00:00;="541448820043562075";1SAG1100625708;Digitale meter;Afname Nacht;0,889;kWh;Uitgelezen;Zonnepanelen
25-06-2025;00:00:00;26-06-2025;00:00:00;="541448820043562075";1SAG1100625708;Digitale meter;Injectie Nacht;0,000;kWh;Uitgelezen;Zonnepanelen
26-06-2025;00:00:00;27-06-2025;00:00:00;="541448820043562075";1SAG1100625708;Digitale meter;Afname Dag;1,329;kWh;Uitgelezen;Zonnepanelen
26-06-2025;00:00:00;27-06-2025;00:00:00;="541448820043562075";1SAG1100625708;Digitale meter;Injectie Dag;0,000;kWh;Uitgelezen;Zonnepanelen
26-06-2025;00:00:00;27-06-2025;00:00:00;="541448820043562075";1SAG1100625708;Digitale meter;Afname Nacht;0,514;kWh;Uitgelezen;Zonnepanelen
26-06-2025;00:00:00;27-06-2025;00:00:00;="541448820043562075";1SAG1100625708;Digitale meter;Injectie Nacht;0,000;kWh;Uitgelezen;Zonnepanelen
27-06-2025;00:00:00;28-06-2025;00:00:00;="541448820043562075";1SAG1100625708;Digitale meter;Afname Dag;1,499;kWh;Uitgelezen;Zonnepanelen
27-06-2025;00:00:00;28-06-2025;00:00:00;="541448820043562075";1SAG1100625708;Digitale meter;Injectie Dag;0,000;kWh;Uitgelezen;Zonnepanelen
27-06-2025;00:00:00;28-06-2025;00:00:00;="541448820043562075";1SAG1100625708;Digitale meter;Afname Nacht;0,427;kWh;Uitgelezen;Zonnepanelen
27-06-2025;00:00:00;28-06-2025;00:00:00;="541448820043562075";1SAG1100625708;Digitale meter;Injectie Nacht;0,000;kWh;Uitgelezen;Zonnepanelen
28-06-2025;00:00:00;29-06-2025;00:00:00;="541448820043562075";1SAG1100625708;Digitale meter;Afname Dag;0,000;kWh;Uitgelezen;Zonnepanelen
28-06-2025;00:00:00;29-06-2025;00:00:00;="541448820043562075";1SAG1100625708;Digitale meter;Injectie Dag;0,000;kWh;Uitgelezen;Zonnepanelen
28-06-2025;00:00:00;29-06-2025;00:00:00;="541448820043562075";1SAG1100625708;Digitale meter;Afname Nacht;1,246;kWh;Uitgelezen;Zonnepanelen
28-06-2025;00:00:00;29-06-2025;00:00:00;="541448820043562075";1SAG1100625708;Digitale meter;Injectie Nacht;0,000;kWh;Uitgelezen;Zonnepanelen
29-06-2025;00:00:00;30-06-2025;00:00:00;="541448820043562075";1SAG1100625708;Digitale meter;Afname Dag;0,000;kWh;Uitgelezen;Zonnepanelen
29-06-2025;00:00:00;30-06-2025;00:00:00;="541448820043562075";1SAG1100625708;Digitale meter;Injectie Dag;0,000;kWh;Uitgelezen;Zonnepanelen
29-06-2025;00:00:00;30-06-2025;00:00:00;="541448820043562075";1SAG1100625708;Digitale meter;Afname Nacht;6,327;kWh;Uitgelezen;Zonnepanelen
29-06-2025;00:00:00;30-06-2025;00:00:00;="541448820043562075";1SAG1100625708;Digitale meter;Injectie Nacht;0,000;kWh;Uitgelezen;Zonnepanelen
30-06-2025;00:00:00;01-07-2025;00:00:00;="541448820043562075";1SAG1100625708;Digitale meter;Afname Dag;2,710;kWh;Uitgelezen;Zonnepanelen
30-06-2025;00:00:00;01-07-2025;00:00:00;="541448820043562075";1SAG1100625708;Digitale meter;Injectie Dag;0,000;kWh;Uitgelezen;Zonnepanelen
30-06-2025;00:00:00;01-07-2025;00:00:00;="541448820043562075";1SAG1100625708;Digitale meter;Afname Nacht;1,463;kWh;Uitgelezen;Zonnepanelen
30-06-2025;00:00:00;01-07-2025;00:00:00;="541448820043562075";1SAG1100625708;Digitale meter;Injectie Nacht;0,000;kWh;Uitgelezen;Zonnepanelen
01-07-2025;00:00:00;02-07-2025;00:00:00;="541448820043562075";1SAG1100625708;Digitale meter;Afname Dag;2,417;kWh;Uitgelezen;Zonnepanelen
01-07-2025;00:00:00;02-07-2025;00:00:00;="541448820043562075";1SAG1100625708;Digitale meter;Injectie Dag;0,000;kWh;Uitgelezen;Zonnepanelen
01-07-2025;00:00:00;02-07-2025;00:00:00;="541448820043562075";1SAG1100625708;Digitale meter;Afname Nacht;1,887;kWh;Uitgelezen;Zonnepanelen
01-07-2025;00:00:00;02-07-2025;00:00:00;="541448820043562075";1SAG1100625708;Digitale meter;Injectie Nacht;0,000;kWh;Uitgelezen;Zonnepanelen
02-07-2025;00:00:00;03-07-2025;00:00:00;="541448820043562075";1SAG1100625708;Digitale meter;Afname Dag;1,402;kWh;Uitgelezen;Zonnepanelen
02-07-2025;00:00:00;03-07-2025;00:00:00;="541448820043562075";1SAG1100625708;Digitale meter;Injectie Dag;0,000;kWh;Uitgelezen;Zonnepanelen
02-07-2025;00:00:00;03-07-2025;00:00:00;="541448820043562075";1SAG1100625708;Digitale meter;Afname Nacht;2,012;kWh;Uitgelezen;Zonnepanelen
02-07-2025;00:00:00;03-07-2025;00:00:00;="541448820043562075";1SAG1100625708;Digitale meter;Injectie Nacht;0,000;kWh;Uitgelezen;Zonnepanelen
03-07-2025;00:00:00;04-07-2025;00:00:00;="541448820043562075";1SAG1100625708;Digitale meter;Afname Dag;0,660;kWh;Uitgelezen;Zonnepanelen
03-07-2025;00:00:00;04-07-2025;00:00:00;="541448820043562075";1SAG1100625708;Digitale meter;Injectie Dag;0,000;kWh;Uitgelezen;Zonnepanelen
03-07-2025;00:00:00;04-07-2025;00:00:00;="541448820043562075";1SAG1100625708;Digitale meter;Afname Nacht;0,387;kWh;Uitgelezen;Zonnepanelen
03-07-2025;00:00:00;04-07-2025;00:00:00;="541448820043562075";1SAG1100625708;Digitale meter;Injectie Nacht;0,000;kWh;Uitgelezen;Zonnepanelen
04-07-2025;00:00:00;05-07-2025;00:00:00;="541448820043562075";1SAG1100625708;Digitale meter;Afname Dag;0,630;kWh;Uitgelezen;Zonnepanelen
04-07-2025;00:00:00;05-07-2025;00:00:00;="541448820043562075";1SAG1100625708;Digitale meter;Injectie Dag;0,000;kWh;Uitgelezen;Zonnepanelen
04-07-2025;00:00:00;05-07-2025;00:00:00;="541448820043562075";1SAG1100625708;Digitale meter;Afname Nacht;0,379;kWh;Uitgelezen;Zonnepanelen
04-07-2025;00:00:00;05-07-2025;00:00:00;="541448820043562075";1SAG1100625708;Digitale meter;Injectie Nacht;0,000;kWh;Uitgelezen;Zonnepanelen
05-07-2025;00:00:00;06-07-2025;00:00:00;="541448820043562075";1SAG1100625708;Digitale meter;Afname Dag;0,000;kWh;Geschat;Zonnepanelen
05-07-2025;00:00:00;06-07-2025;00:00:00;="541448820043562075";1SAG1100625708;Digitale meter;Injectie Dag;0,000;kWh;Geschat;Zonnepanelen
05-07-2025;00:00:00;06-07-2025;00:00:00;="541448820043562075";1SAG1100625708;Digitale meter;Afname Nacht;1,232;kWh;Geschat;Zonnepanelen
05-07-2025;00:00:00;06-07-2025;00:00:00;="541448820043562075";1SAG1100625708;Digitale meter;Injectie Nacht;0,000;kWh;Geschat;Zonnepanelen
06-07-2025;00:00:00;07-07-2025;00:00:00;="541448820043562075";1SAG1100625708;Digitale meter;Afname Dag;0,000;kWh;Geschat;Zonnepanelen
06-07-2025;00:00:00;07-07-2025;00:00:00;="541448820043562075";1SAG1100625708;Digitale meter;Injectie Dag;0,000;kWh;Geschat;Zonnepanelen
06-07-2025;00:00:00;07-07-2025;00:00:00;="541448820043562075";1SAG1100625708;Digitale meter;Afname Nacht;1,232;kWh;Geschat;Zonnepanelen
06-07-2025;00:00:00;07-07-2025;00:00:00;="541448820043562075";1SAG1100625708;Digitale meter;Injectie Nacht;0,000;kWh;Geschat;Zonnepanelen
07-07-2025;00:00:00;08-07-2025;00:00:00;="541448820043562075";1SAG1100625708;Digitale meter;Afname Dag;4,084;kWh;Uitgelezen;Zonnepanelen
07-07-2025;00:00:00;08-07-2025;00:00:00;="541448820043562075";1SAG1100625708;Digitale meter;Injectie Dag;0,000;kWh;Uitgelezen;Zonnepanelen
07-07-2025;00:00:00;08-07-2025;00:00:00;="541448820043562075";1SAG1100625708;Digitale meter;Afname Nacht;0,831;kWh;Uitgelezen;Zonnepanelen
07-07-2025;00:00:00;08-07-2025;00:00:00;="541448820043562075";1SAG1100625708;Digitale meter;Injectie Nacht;0,000;kWh;Uitgelezen;Zonnepanelen
08-07-2025;00:00:00;09-07-2025;00:00:00;="541448820043562075";1SAG1100625708;Digitale meter;Afname Dag;11,472;kWh;Uitgelezen;Zonnepanelen
08-07-2025;00:00:00;09-07-2025;00:00:00;="541448820043562075";1SAG1100625708;Digitale meter;Injectie Dag;0,000;kWh;Uitgelezen;Zonnepanelen
08-07-2025;00:00:00;09-07-2025;00:00:00;="541448820043562075";1SAG1100625708;Digitale meter;Afname Nacht;0,718;kWh;Uitgelezen;Zonnepanelen
08-07-2025;00:00:00;09-07-2025;00:00:00;="541448820043562075";1SAG1100625708;Digitale meter;Injectie Nacht;0,000;kWh;Uitgelezen;Zonnepanelen
09-07-2025;00:00:00;10-07-2025;00:00:00;="541448820043562075";1SAG1100625708;Digitale meter;Afname Dag;5,024;kWh;Uitgelezen;Zonnepanelen
09-07-2025;00:00:00;10-07-2025;00:00:00;="541448820043562075";1SAG1100625708;Digitale meter;Injectie Dag;0,000;kWh;Uitgelezen;Zonnepanelen
09-07-2025;00:00:00;10-07-2025;00:00:00;="541448820043562075";1SAG1100625708;Digitale meter;Afname Nacht;1,226;kWh;Uitgelezen;Zonnepanelen
09-07-2025;00:00:00;10-07-2025;00:00:00;="541448820043562075";1SAG1100625708;Digitale meter;Injectie Nacht;0,000;kWh;Uitgelezen;Zonnepanelen
10-07-2025;00:00:00;11-07-2025;00:00:00;="541448820043562075";1SAG1100625708;Digitale meter;Afname Dag;3,622;kWh;Uitgelezen;Zonnepanelen
10-07-2025;00:00:00;11-07-2025;00:00:00;="541448820043562075";1SAG1100625708;Digitale meter;Injectie Dag;0,000;kWh;Uitgelezen;Zonnepanelen
10-07-2025;00:00:00;11-07-2025;00:00:00;="541448820043562075";1SAG1100625708;Digitale meter;Afname Nacht;0,450;kWh;Uitgelezen;Zonnepanelen
10-07-2025;00:00:00;11-07-2025;00:00:00;="541448820043562075";1SAG1100625708;Digitale meter;Injectie Nacht;0,000;kWh;Uitgelezen;Zonnepanelen
11-07-2025;00:00:00;12-07-2025;00:00:00;="541448820043562075";1SAG1100625708;Digitale meter;Afname Dag;3,647;kWh;Uitgelezen;Zonnepanelen
11-07-2025;00:00:00;12-07-2025;00:00:00;="541448820043562075";1SAG1100625708;Digitale meter;Injectie Dag;0,000;kWh;Uitgelezen;Zonnepanelen
11-07-2025;00:00:00;12-07-2025;00:00:00;="541448820043562075";1SAG1100625708;Digitale meter;Afname Nacht;1,043;kWh;Uitgelezen;Zonnepanelen
11-07-2025;00:00:00;12-07-2025;00:00:00;="541448820043562075";1SAG1100625708;Digitale meter;Injectie Nacht;0,000;kWh;Uitgelezen;Zonnepanelen
12-07-2025;00:00:00;13-07-2025;00:00:00;="541448820043562075";1SAG1100625708;Digitale meter;Afname Dag;0,000;kWh;Uitgelezen;Zonnepanelen
12-07-2025;00:00:00;13-07-2025;00:00:00;="541448820043562075";1SAG1100625708;Digitale meter;Injectie Dag;0,000;kWh;Uitgelezen;Zonnepanelen
12-07-2025;00:00:00;13-07-2025;00:00:00;="541448820043562075";1SAG1100625708;Digitale meter;Afname Nacht;2,116;kWh;Uitgelezen;Zonnepanelen
12-07-2025;00:00:00;13-07-2025;00:00:00;="541448820043562075";1SAG1100625708;Digitale meter;Injectie Nacht;0,000;kWh;Uitgelezen;Zonnepanelen
13-07-2025;00:00:00;14-07-2025;00:00:00;="541448820043562075";1SAG1100625708;Digitale meter;Afname Dag;0,000;kWh;Uitgelezen;Zonnepanelen
13-07-2025;00:00:00;14-07-2025;00:00:00;="541448820043562075";1SAG1100625708;Digitale meter;Injectie Dag;0,000;kWh;Uitgelezen;Zonnepanelen
13-07-2025;00:00:00;14-07-2025;00:00:00;="541448820043562075";1SAG1100625708;Digitale meter;Afname Nacht;3,753;kWh;Uitgelezen;Zonnepanelen
13-07-2025;00:00:00;14-07-2025;00:00:00;="541448820043562075";1SAG1100625708;Digitale meter;Injectie Nacht;0,000;kWh;Uitgelezen;Zonnepanelen
14-07-2025;00:00:00;15-07-2025;00:00:00;="541448820043562075";1SAG1100625708;Digitale meter;Afname Dag;3,066;kWh;Uitgelezen;Zonnepanelen
14-07-2025;00:00:00;15-07-2025;00:00:00;="541448820043562075";1SAG1100625708;Digitale meter;Injectie Dag;0,000;kWh;Uitgelezen;Zonnepanelen
14-07-2025;00:00:00;15-07-2025;00:00:00;="541448820043562075";1SAG1100625708;Digitale meter;Afname Nacht;1,003;kWh;Uitgelezen;Zonnepanelen
14-07-2025;00:00:00;15-07-2025;00:00:00;="541448820043562075";1SAG1100625708;Digitale meter;Injectie Nacht;0,000;kWh;Uitgelezen;Zonnepanelen
15-07-2025;00:00:00;16-07-2025;00:00:00;="541448820043562075";1SAG1100625708;Digitale meter;Afname Dag;2,455;kWh;Uitgelezen;Zonnepanelen
15-07-2025;00:00:00;16-07-2025;00:00:00;="541448820043562075";1SAG1100625708;Digitale meter;Injectie Dag;0,000;kWh;Uitgelezen;Zonnepanelen
15-07-2025;00:00:00;16-07-2025;00:00:00;="541448820043562075";1SAG1100625708;Digitale meter;Afname Nacht;0,938;kWh;Uitgelezen;Zonnepanelen
15-07-2025;00:00:00;16-07-2025;00:00:00;="541448820043562075";1SAG1100625708;Digitale meter;Injectie Nacht;0,000;kWh;Uitgelezen;Zonnepanelen
16-07-2025;00:00:00;17-07-2025;00:00:00;="541448820043562075";1SAG1100625708;Digitale meter;Afname Dag;4,356;kWh;Uitgelezen;Zonnepanelen
16-07-2025;00:00:00;17-07-2025;00:00:00;="541448820043562075";1SAG1100625708;Digitale meter;Injectie Dag;0,000;kWh;Uitgelezen;Zonnepanelen
16-07-2025;00:00:00;17-07-2025;00:00:00;="541448820043562075";1SAG1100625708;Digitale meter;Afname Nacht;0,500;kWh;Uitgelezen;Zonnepanelen
16-07-2025;00:00:00;17-07-2025;00:00:00;="541448820043562075";1SAG1100625708;Digitale meter;Injectie Nacht;0,000;kWh;Uitgelezen;Zonnepanelen
17-07-2025;00:00:00;18-07-2025;00:00:00;="541448820043562075";1SAG1100625708;Digitale meter;Afname Dag;2,361;kWh;Uitgelezen;Zonnepanelen
17-07-2025;00:00:00;18-07-2025;00:00:00;="541448820043562075";1SAG1100625708;Digitale meter;Injectie Dag;0,000;kWh;Uitgelezen;Zonnepanelen
17-07-2025;00:00:00;18-07-2025;00:00:00;="541448820043562075";1SAG1100625708;Digitale meter;Afname Nacht;0,598;kWh;Uitgelezen;Zonnepanelen
17-07-2025;00:00:00;18-07-2025;00:00:00;="541448820043562075";1SAG1100625708;Digitale meter;Injectie Nacht;0,000;kWh;Uitgelezen;Zonnepanelen
18-07-2025;00:00:00;19-07-2025;00:00:00;="541448820043562075";1SAG1100625708;Digitale meter;Afname Dag;3,559;kWh;Uitgelezen;Zonnepanelen
18-07-2025;00:00:00;19-07-2025;00:00:00;="541448820043562075";1SAG1100625708;Digitale meter;Injectie Dag;0,000;kWh;Uitgelezen;Zonnepanelen
18-07-2025;00:00:00;19-07-2025;00:00:00;="541448820043562075";1SAG1100625708;Digitale meter;Afname Nacht;0,446;kWh;Uitgelezen;Zonnepanelen
18-07-2025;00:00:00;19-07-2025;00:00:00;="541448820043562075";1SAG1100625708;Digitale meter;Injectie Nacht;0,000;kWh;Uitgelezen;Zonnepanelen
19-07-2025;00:00:00;20-07-2025;00:00:00;="541448820043562075";1SAG1100625708;Digitale meter;Afname Dag;0,000;kWh;Uitgelezen;Zonnepanelen
19-07-2025;00:00:00;20-07-2025;00:00:00;="541448820043562075";1SAG1100625708;Digitale meter;Injectie Dag;0,000;kWh;Uitgelezen;Zonnepanelen
19-07-2025;00:00:00;20-07-2025;00:00:00;="541448820043562075";1SAG1100625708;Digitale meter;Afname Nacht;7,225;kWh;Uitgelezen;Zonnepanelen
19-07-2025;00:00:00;20-07-2025;00:00:00;="541448820043562075";1SAG1100625708;Digitale meter;Injectie Nacht;0,000;kWh;Uitgelezen;Zonnepanelen
20-07-2025;00:00:00;21-07-2025;00:00:00;="541448820043562075";1SAG1100625708;Digitale meter;Afname Dag;0,000;kWh;Uitgelezen;Zonnepanelen
20-07-2025;00:00:00;21-07-2025;00:00:00;="541448820043562075";1SAG1100625708;Digitale meter;Injectie Dag;0,000;kWh;Uitgelezen;Zonnepanelen
20-07-2025;00:00:00;21-07-2025;00:00:00;="541448820043562075";1SAG1100625708;Digitale meter;Afname Nacht;4,125;kWh;Uitgelezen;Zonnepanelen
20-07-2025;00:00:00;21-07-2025;00:00:00;="541448820043562075";1SAG1100625708;Digitale meter;Injectie Nacht;0,000;kWh;Uitgelezen;Zonnepanelen
21-07-2025;00:00:00;22-07-2025;00:00:00;="541448820043562075";1SAG1100625708;Digitale meter;Afname Dag;2,528;kWh;Uitgelezen;Zonnepanelen
21-07-2025;00:00:00;22-07-2025;00:00:00;="541448820043562075";1SAG1100625708;Digitale meter;Injectie Dag;0,000;kWh;Uitgelezen;Zonnepanelen
21-07-2025;00:00:00;22-07-2025;00:00:00;="541448820043562075";1SAG1100625708;Digitale meter;Afname Nacht;0,983;kWh;Uitgelezen;Zonnepanelen
21-07-2025;00:00:00;22-07-2025;00:00:00;="541448820043562075";1SAG1100625708;Digitale meter;Injectie Nacht;0,000;kWh;Uitgelezen;Zonnepanelen
22-07-2025;00:00:00;23-07-2025;00:00:00;="541448820043562075";1SAG1100625708;Digitale meter;Afname Dag;2,185;kWh;Uitgelezen;Zonnepanelen
22-07-2025;00:00:00;23-07-2025;00:00:00;="541448820043562075";1SAG1100625708;Digitale meter;Injectie Dag;0,000;kWh;Uitgelezen;Zonnepanelen
22-07-2025;00:00:00;23-07-2025;00:00:00;="541448820043562075";1SAG1100625708;Digitale meter;Afname Nacht;0,769;kWh;Uitgelezen;Zonnepanelen
22-07-2025;00:00:00;23-07-2025;00:00:00;="541448820043562075";1SAG1100625708;Digitale meter;Injectie Nacht;0,000;kWh;Uitgelezen;Zonnepanelen
23-07-2025;00:00:00;24-07-2025;00:00:00;="541448820043562075";1SAG1100625708;Digitale meter;Afname Dag;1,766;kWh;Uitgelezen;Zonnepanelen
23-07-2025;00:00:00;24-07-2025;00:00:00;="541448820043562075";1SAG1100625708;Digitale meter;Injectie Dag;0,000;kWh;Uitgelezen;Zonnepanelen
23-07-2025;00:00:00;24-07-2025;00:00:00;="541448820043562075";1SAG1100625708;Digitale meter;Afname Nacht;0,460;kWh;Uitgelezen;Zonnepanelen
23-07-2025;00:00:00;24-07-2025;00:00:00;="541448820043562075";1SAG1100625708;Digitale meter;Injectie Nacht;0,000;kWh;Uitgelezen;Zonnepanelen
24-07-2025;00:00:00;25-07-2025;00:00:00;="541448820043562075";1SAG1100625708;Digitale meter;Afname Dag;1,671;kWh;Uitgelezen;Zonnepanelen
24-07-2025;00:00:00;25-07-2025;00:00:00;="541448820043562075";1SAG1100625708;Digitale meter;Injectie Dag;0,000;kWh;Uitgelezen;Zonnepanelen
24-07-2025;00:00:00;25-07-2025;00:00:00;="541448820043562075";1SAG1100625708;Digitale meter;Afname Nacht;0,869;kWh;Uitgelezen;Zonnepanelen
24-07-2025;00:00:00;25-07-2025;00:00:00;="541448820043562075";1SAG1100625708;Digitale meter;Injectie Nacht;0,000;kWh;Uitgelezen;Zonnepanelen
25-07-2025;00:00:00;26-07-2025;00:00:00;="541448820043562075";1SAG1100625708;Digitale meter;Afname Dag;4,542;kWh;Uitgelezen;Zonnepanelen
25-07-2025;00:00:00;26-07-2025;00:00:00;="541448820043562075";1SAG1100625708;Digitale meter;Injectie Dag;0,000;kWh;Uitgelezen;Zonnepanelen
25-07-2025;00:00:00;26-07-2025;00:00:00;="541448820043562075";1SAG1100625708;Digitale meter;Afname Nacht;0,518;kWh;Uitgelezen;Zonnepanelen
25-07-2025;00:00:00;26-07-2025;00:00:00;="541448820043562075";1SAG1100625708;Digitale meter;Injectie Nacht;0,000;kWh;Uitgelezen;Zonnepanelen
26-07-2025;00:00:00;27-07-2025;00:00:00;="541448820043562075";1SAG1100625708;Digitale meter;Afname Dag;0,000;kWh;Uitgelezen;Zonnepanelen
26-07-2025;00:00:00;27-07-2025;00:00:00;="541448820043562075";1SAG1100625708;Digitale meter;Injectie Dag;0,000;kWh;Uitgelezen;Zonnepanelen
26-07-2025;00:00:00;27-07-2025;00:00:00;="541448820043562075";1SAG1100625708;Digitale meter;Afname Nacht;3,065;kWh;Uitgelezen;Zonnepanelen
26-07-2025;00:00:00;27-07-2025;00:00:00;="541448820043562075";1SAG1100625708;Digitale meter;Injectie Nacht;0,000;kWh;Uitgelezen;Zonnepanelen
27-07-2025;00:00:00;28-07-2025;00:00:00;="541448820043562075";1SAG1100625708;Digitale meter;Afname Dag;0,000;kWh;Uitgelezen;Zonnepanelen
27-07-2025;00:00:00;28-07-2025;00:00:00;="541448820043562075";1SAG1100625708;Digitale meter;Injectie Dag;0,000;kWh;Uitgelezen;Zonnepanelen
27-07-2025;00:00:00;28-07-2025;00:00:00;="541448820043562075";1SAG1100625708;Digitale meter;Afname Nacht;6,093;kWh;Uitgelezen;Zonnepanelen
27-07-2025;00:00:00;28-07-2025;00:00:00;="541448820043562075";1SAG1100625708;Digitale meter;Injectie Nacht;0,000;kWh;Uitgelezen;Zonnepanelen
28-07-2025;00:00:00;29-07-2025;00:00:00;="541448820043562075";1SAG1100625708;Digitale meter;Afname Dag;4,136;kWh;Uitgelezen;Zonnepanelen
28-07-2025;00:00:00;29-07-2025;00:00:00;="541448820043562075";1SAG1100625708;Digitale meter;Injectie Dag;0,000;kWh;Uitgelezen;Zonnepanelen
28-07-2025;00:00:00;29-07-2025;00:00:00;="541448820043562075";1SAG1100625708;Digitale meter;Afname Nacht;0,664;kWh;Uitgelezen;Zonnepanelen
28-07-2025;00:00:00;29-07-2025;00:00:00;="541448820043562075";1SAG1100625708;Digitale meter;Injectie Nacht;0,000;kWh;Uitgelezen;Zonnepanelen
29-07-2025;00:00:00;30-07-2025;00:00:00;="541448820043562075";1SAG1100625708;Digitale meter;Afname Dag;3,425;kWh;Uitgelezen;Zonnepanelen
29-07-2025;00:00:00;30-07-2025;00:00:00;="541448820043562075";1SAG1100625708;Digitale meter;Injectie Dag;0,000;kWh;Uitgelezen;Zonnepanelen
29-07-2025;00:00:00;30-07-2025;00:00:00;="541448820043562075";1SAG1100625708;Digitale meter;Afname Nacht;0,494;kWh;Uitgelezen;Zonnepanelen
29-07-2025;00:00:00;30-07-2025;00:00:00;="541448820043562075";1SAG1100625708;Digitale meter;Injectie Nacht;0,000;kWh;Uitgelezen;Zonnepanelen
30-07-2025;00:00:00;31-07-2025;00:00:00;="541448820043562075";1SAG1100625708;Digitale meter;Afname Dag;3,104;kWh;Uitgelezen;Zonnepanelen
30-07-2025;00:00:00;31-07-2025;00:00:00;="541448820043562075";1SAG1100625708;Digitale meter;Injectie Dag;0,000;kWh;Uitgelezen;Zonnepanelen
30-07-2025;00:00:00;31-07-2025;00:00:00;="541448820043562075";1SAG1100625708;Digitale meter;Afname Nacht;0,853;kWh;Uitgelezen;Zonnepanelen
30-07-2025;00:00:00;31-07-2025;00:00:00;="541448820043562075";1SAG1100625708;Digitale meter;Injectie Nacht;0,000;kWh;Uitgelezen;Zonnepanelen
31-07-2025;00:00:00;01-08-2025;00:00:00;="541448820043562075";1SAG1100625708;Digitale meter;Afname Dag;1,808;kWh;Uitgelezen;Zonnepanelen
31-07-2025;00:00:00;01-08-2025;00:00:00;="541448820043562075";1SAG1100625708;Digitale meter;Injectie Dag;0,000;kWh;Uitgelezen;Zonnepanelen
31-07-2025;00:00:00;01-08-2025;00:00:00;="541448820043562075";1SAG1100625708;Digitale meter;Afname Nacht;1,116;kWh;Uitgelezen;Zonnepanelen
31-07-2025;00:00:00;01-08-2025;00:00:00;="541448820043562075";1SAG1100625708;Digitale meter;Injectie Nacht;0,000;kWh;Uitgelezen;Zonnepanelen
01-08-2025;00:00:00;02-08-2025;00:00:00;="541448820043562075";1SAG1100625708;Digitale meter;Afname Dag;4,042;kWh;Uitgelezen;Zonnepanelen
01-08-2025;00:00:00;02-08-2025;00:00:00;="541448820043562075";1SAG1100625708;Digitale meter;Injectie Dag;0,000;kWh;Uitgelezen;Zonnepanelen
01-08-2025;00:00:00;02-08-2025;00:00:00;="541448820043562075";1SAG1100625708;Digitale meter;Afname Nacht;0,659;kWh;Uitgelezen;Zonnepanelen
01-08-2025;00:00:00;02-08-2025;00:00:00;="541448820043562075";1SAG1100625708;Digitale meter;Injectie Nacht;0,000;kWh;Uitgelezen;Zonnepanelen
02-08-2025;00:00:00;03-08-2025;00:00:00;="541448820043562075";1SAG1100625708;Digitale meter;Afname Dag;0,000;kWh;Uitgelezen;Zonnepanelen
02-08-2025;00:00:00;03-08-2025;00:00:00;="541448820043562075";1SAG1100625708;Digitale meter;Injectie Dag;0,000;kWh;Uitgelezen;Zonnepanelen
02-08-2025;00:00:00;03-08-2025;00:00:00;="541448820043562075";1SAG1100625708;Digitale meter;Afname Nacht;4,484;kWh;Uitgelezen;Zonnepanelen
02-08-2025;00:00:00;03-08-2025;00:00:00;="541448820043562075";1SAG1100625708;Digitale meter;Injectie Nacht;0,000;kWh;Uitgelezen;Zonnepanelen
03-08-2025;00:00:00;04-08-2025;00:00:00;="541448820043562075";1SAG1100625708;Digitale meter;Afname Dag;0,000;kWh;Uitgelezen;Zonnepanelen
03-08-2025;00:00:00;04-08-2025;00:00:00;="541448820043562075";1SAG1100625708;Digitale meter;Injectie Dag;0,000;kWh;Uitgelezen;Zonnepanelen
03-08-2025;00:00:00;04-08-2025;00:00:00;="541448820043562075";1SAG1100625708;Digitale meter;Afname Nacht;1,394;kWh;Uitgelezen;Zonnepanelen
03-08-2025;00:00:00;04-08-2025;00:00:00;="541448820043562075";1SAG1100625708;Digitale meter;Injectie Nacht;0,000;kWh;Uitgelezen;Zonnepanelen
04-08-2025;00:00:00;05-08-2025;00:00:00;="541448820043562075";1SAG1100625708;Digitale meter;Afname Dag;3,644;kWh;Geschat;Zonnepanelen
04-08-2025;00:00:00;05-08-2025;00:00:00;="541448820043562075";1SAG1100625708;Digitale meter;Injectie Dag;0,000;kWh;Geschat;Zonnepanelen
04-08-2025;00:00:00;05-08-2025;00:00:00;="541448820043562075";1SAG1100625708;Digitale meter;Afname Nacht;0,782;kWh;Geschat;Zonnepanelen
04-08-2025;00:00:00;05-08-2025;00:00:00;="541448820043562075";1SAG1100625708;Digitale meter;Injectie Nacht;0,000;kWh;Geschat;Zonnepanelen
05-08-2025;00:00:00;06-08-2025;00:00:00;="541448820043562075";1SAG1100625708;Digitale meter;Afname Dag;3,644;kWh;Geschat;Zonnepanelen
05-08-2025;00:00:00;06-08-2025;00:00:00;="541448820043562075";1SAG1100625708;Digitale meter;Injectie Dag;0,000;kWh;Geschat;Zonnepanelen
05-08-2025;00:00:00;06-08-2025;00:00:00;="541448820043562075";1SAG1100625708;Digitale meter;Afname Nacht;0,782;kWh;Geschat;Zonnepanelen
05-08-2025;00:00:00;06-08-2025;00:00:00;="541448820043562075";1SAG1100625708;Digitale meter;Injectie Nacht;0,000;kWh;Geschat;Zonnepanelen
06-08-2025;00:00:00;07-08-2025;00:00:00;="541448820043562075";1SAG1100625708;Digitale meter;Afname Dag;3,078;kWh;Uitgelezen;Zonnepanelen
06-08-2025;00:00:00;07-08-2025;00:00:00;="541448820043562075";1SAG1100625708;Digitale meter;Injectie Dag;0,000;kWh;Uitgelezen;Zonnepanelen
06-08-2025;00:00:00;07-08-2025;00:00:00;="541448820043562075";1SAG1100625708;Digitale meter;Afname Nacht;1,108;kWh;Uitgelezen;Zonnepanelen
06-08-2025;00:00:00;07-08-2025;00:00:00;="541448820043562075";1SAG1100625708;Digitale meter;Injectie Nacht;0,000;kWh;Uitgelezen;Zonnepanelen
07-08-2025;00:00:00;08-08-2025;00:00:00;="541448820043562075";1SAG1100625708;Digitale meter;Afname Dag;1,603;kWh;Uitgelezen;Zonnepanelen
07-08-2025;00:00:00;08-08-2025;00:00:00;="541448820043562075";1SAG1100625708;Digitale meter;Injectie Dag;0,000;kWh;Uitgelezen;Zonnepanelen
07-08-2025;00:00:00;08-08-2025;00:00:00;="541448820043562075";1SAG1100625708;Digitale meter;Afname Nacht;0,535;kWh;Uitgelezen;Zonnepanelen
07-08-2025;00:00:00;08-08-2025;00:00:00;="541448820043562075";1SAG1100625708;Digitale meter;Injectie Nacht;0,000;kWh;Uitgelezen;Zonnepanelen
08-08-2025;00:00:00;09-08-2025;00:00:00;="541448820043562075";1SAG1100625708;Digitale meter;Afname Dag;2,487;kWh;Uitgelezen;Zonnepanelen
08-08-2025;00:00:00;09-08-2025;00:00:00;="541448820043562075";1SAG1100625708;Digitale meter;Injectie Dag;0,000;kWh;Uitgelezen;Zonnepanelen
08-08-2025;00:00:00;09-08-2025;00:00:00;="541448820043562075";1SAG1100625708;Digitale meter;Afname Nacht;0,468;kWh;Uitgelezen;Zonnepanelen
08-08-2025;00:00:00;09-08-2025;00:00:00;="541448820043562075";1SAG1100625708;Digitale meter;Injectie Nacht;0,000;kWh;Uitgelezen;Zonnepanelen
09-08-2025;00:00:00;10-08-2025;00:00:00;="541448820043562075";1SAG1100625708;Digitale meter;Afname Dag;0,000;kWh;Uitgelezen;Zonnepanelen
09-08-2025;00:00:00;10-08-2025;00:00:00;="541448820043562075";1SAG1100625708;Digitale meter;Injectie Dag;0,000;kWh;Uitgelezen;Zonnepanelen
09-08-2025;00:00:00;10-08-2025;00:00:00;="541448820043562075";1SAG1100625708;Digitale meter;Afname Nacht;1,181;kWh;Uitgelezen;Zonnepanelen
09-08-2025;00:00:00;10-08-2025;00:00:00;="541448820043562075";1SAG1100625708;Digitale meter;Injectie Nacht;0,000;kWh;Uitgelezen;Zonnepanelen
10-08-2025;00:00:00;11-08-2025;00:00:00;="541448820043562075";1SAG1100625708;Digitale meter;Afname Dag;0,000;kWh;Uitgelezen;Zonnepanelen
10-08-2025;00:00:00;11-08-2025;00:00:00;="541448820043562075";1SAG1100625708;Digitale meter;Injectie Dag;0,000;kWh;Uitgelezen;Zonnepanelen
10-08-2025;00:00:00;11-08-2025;00:00:00;="541448820043562075";1SAG1100625708;Digitale meter;Afname Nacht;1,415;kWh;Uitgelezen;Zonnepanelen
10-08-2025;00:00:00;11-08-2025;00:00:00;="541448820043562075";1SAG1100625708;Digitale meter;Injectie Nacht;0,000;kWh;Uitgelezen;Zonnepanelen
11-08-2025;00:00:00;12-08-2025;00:00:00;="541448820043562075";1SAG1100625708;Digitale meter;Afname Dag;4,019;kWh;Uitgelezen;Zonnepanelen
11-08-2025;00:00:00;12-08-2025;00:00:00;="541448820043562075";1SAG1100625708;Digitale meter;Injectie Dag;0,000;kWh;Uitgelezen;Zonnepanelen
11-08-2025;00:00:00;12-08-2025;00:00:00;="541448820043562075";1SAG1100625708;Digitale meter;Afname Nacht;0,787;kWh;Uitgelezen;Zonnepanelen
11-08-2025;00:00:00;12-08-2025;00:00:00;="541448820043562075";1SAG1100625708;Digitale meter;Injectie Nacht;0,000;kWh;Uitgelezen;Zonnepanelen
12-08-2025;00:00:00;13-08-2025;00:00:00;="541448820043562075";1SAG1100625708;Digitale meter;Afname Dag;4,312;kWh;Uitgelezen;Zonnepanelen
12-08-2025;00:00:00;13-08-2025;00:00:00;="541448820043562075";1SAG1100625708;Digitale meter;Injectie Dag;0,000;kWh;Uitgelezen;Zonnepanelen
12-08-2025;00:00:00;13-08-2025;00:00:00;="541448820043562075";1SAG1100625708;Digitale meter;Afname Nacht;1,160;kWh;Uitgelezen;Zonnepanelen
12-08-2025;00:00:00;13-08-2025;00:00:00;="541448820043562075";1SAG1100625708;Digitale meter;Injectie Nacht;0,000;kWh;Uitgelezen;Zonnepanelen
13-08-2025;00:00:00;14-08-2025;00:00:00;="541448820043562075";1SAG1100625708;Digitale meter;Afname Dag;0,900;kWh;Uitgelezen;Zonnepanelen
13-08-2025;00:00:00;14-08-2025;00:00:00;="541448820043562075";1SAG1100625708;Digitale meter;Injectie Dag;0,000;kWh;Uitgelezen;Zonnepanelen
13-08-2025;00:00:00;14-08-2025;00:00:00;="541448820043562075";1SAG1100625708;Digitale meter;Afname Nacht;0,689;kWh;Uitgelezen;Zonnepanelen
13-08-2025;00:00:00;14-08-2025;00:00:00;="541448820043562075";1SAG1100625708;Digitale meter;Injectie Nacht;0,000;kWh;Uitgelezen;Zonnepanelen
14-08-2025;00:00:00;15-08-2025;00:00:00;="541448820043562075";1SAG1100625708;Digitale meter;Afname Dag;3,133;kWh;Uitgelezen;Zonnepanelen
14-08-2025;00:00:00;15-08-2025;00:00:00;="541448820043562075";1SAG1100625708;Digitale meter;Injectie Dag;0,000;kWh;Uitgelezen;Zonnepanelen
14-08-2025;00:00:00;15-08-2025;00:00:00;="541448820043562075";1SAG1100625708;Digitale meter;Afname Nacht;0,932;kWh;Uitgelezen;Zonnepanelen
14-08-2025;00:00:00;15-08-2025;00:00:00;="541448820043562075";1SAG1100625708;Digitale meter;Injectie Nacht;0,000;kWh;Uitgelezen;Zonnepanelen
15-08-2025;00:00:00;16-08-2025;00:00:00;="541448820043562075";1SAG1100625708;Digitale meter;Afname Dag;2,043;kWh;Uitgelezen;Zonnepanelen
15-08-2025;00:00:00;16-08-2025;00:00:00;="541448820043562075";1SAG1100625708;Digitale meter;Injectie Dag;0,000;kWh;Uitgelezen;Zonnepanelen
15-08-2025;00:00:00;16-08-2025;00:00:00;="541448820043562075";1SAG1100625708;Digitale meter;Afname Nacht;0,949;kWh;Uitgelezen;Zonnepanelen
15-08-2025;00:00:00;16-08-2025;00:00:00;="541448820043562075";1SAG1100625708;Digitale meter;Injectie Nacht;0,000;kWh;Uitgelezen;Zonnepanelen
16-08-2025;00:00:00;17-08-2025;00:00:00;="541448820043562075";1SAG1100625708;Digitale meter;Afname Dag;0,000;kWh;Uitgelezen;Zonnepanelen
16-08-2025;00:00:00;17-08-2025;00:00:00;="541448820043562075";1SAG1100625708;Digitale meter;Injectie Dag;0,000;kWh;Uitgelezen;Zonnepanelen
16-08-2025;00:00:00;17-08-2025;00:00:00;="541448820043562075";1SAG1100625708;Digitale meter;Afname Nacht;1,149;kWh;Uitgelezen;Zonnepanelen
16-08-2025;00:00:00;17-08-2025;00:00:00;="541448820043562075";1SAG1100625708;Digitale meter;Injectie Nacht;0,000;kWh;Uitgelezen;Zonnepanelen
17-08-2025;00:00:00;18-08-2025;00:00:00;="541448820043562075";1SAG1100625708;Digitale meter;Afname Dag;0,000;kWh;Uitgelezen;Zonnepanelen
17-08-2025;00:00:00;18-08-2025;00:00:00;="541448820043562075";1SAG1100625708;Digitale meter;Injectie Dag;0,000;kWh;Uitgelezen;Zonnepanelen
17-08-2025;00:00:00;18-08-2025;00:00:00;="541448820043562075";1SAG1100625708;Digitale meter;Afname Nacht;4,296;kWh;Uitgelezen;Zonnepanelen
17-08-2025;00:00:00;18-08-2025;00:00:00;="541448820043562075";1SAG1100625708;Digitale meter;Injectie Nacht;0,000;kWh;Uitgelezen;Zonnepanelen
18-08-2025;00:00:00;19-08-2025;00:00:00;="541448820043562075";1SAG1100625708;Digitale meter;Afname Dag;2,507;kWh;Uitgelezen;Zonnepanelen
18-08-2025;00:00:00;19-08-2025;00:00:00;="541448820043562075";1SAG1100625708;Digitale meter;Injectie Dag;0,000;kWh;Uitgelezen;Zonnepanelen
18-08-2025;00:00:00;19-08-2025;00:00:00;="541448820043562075";1SAG1100625708;Digitale meter;Afname Nacht;0,968;kWh;Uitgelezen;Zonnepanelen
18-08-2025;00:00:00;19-08-2025;00:00:00;="541448820043562075";1SAG1100625708;Digitale meter;Injectie Nacht;0,000;kWh;Uitgelezen;Zonnepanelen
19-08-2025;00:00:00;20-08-2025;00:00:00;="541448820043562075";1SAG1100625708;Digitale meter;Afname Dag;3,102;kWh;Uitgelezen;Zonnepanelen
19-08-2025;00:00:00;20-08-2025;00:00:00;="541448820043562075";1SAG1100625708;Digitale meter;Injectie Dag;0,000;kWh;Uitgelezen;Zonnepanelen
19-08-2025;00:00:00;20-08-2025;00:00:00;="541448820043562075";1SAG1100625708;Digitale meter;Afname Nacht;1,377;kWh;Uitgelezen;Zonnepanelen
19-08-2025;00:00:00;20-08-2025;00:00:00;="541448820043562075";1SAG1100625708;Digitale meter;Injectie Nacht;0,000;kWh;Uitgelezen;Zonnepanelen
20-08-2025;00:00:00;21-08-2025;00:00:00;="541448820043562075";1SAG1100625708;Digitale meter;Afname Dag;1,933;kWh;Uitgelezen;Zonnepanelen
20-08-2025;00:00:00;21-08-2025;00:00:00;="541448820043562075";1SAG1100625708;Digitale meter;Injectie Dag;0,000;kWh;Uitgelezen;Zonnepanelen
20-08-2025;00:00:00;21-08-2025;00:00:00;="541448820043562075";1SAG1100625708;Digitale meter;Afname Nacht;1,068;kWh;Uitgelezen;Zonnepanelen
20-08-2025;00:00:00;21-08-2025;00:00:00;="541448820043562075";1SAG1100625708;Digitale meter;Injectie Nacht;0,000;kWh;Uitgelezen;Zonnepanelen
21-08-2025;00:00:00;22-08-2025;00:00:00;="541448820043562075";1SAG1100625708;Digitale meter;Afname Dag;2,215;kWh;Uitgelezen;Zonnepanelen
21-08-2025;00:00:00;22-08-2025;00:00:00;="541448820043562075";1SAG1100625708;Digitale meter;Injectie Dag;0,000;kWh;Uitgelezen;Zonnepanelen
21-08-2025;00:00:00;22-08-2025;00:00:00;="541448820043562075";1SAG1100625708;Digitale meter;Afname Nacht;1,039;kWh;Uitgelezen;Zonnepanelen
21-08-2025;00:00:00;22-08-2025;00:00:00;="541448820043562075";1SAG1100625708;Digitale meter;Injectie Nacht;0,000;kWh;Uitgelezen;Zonnepanelen
22-08-2025;00:00:00;23-08-2025;00:00:00;="541448820043562075";1SAG1100625708;Digitale meter;Afname Dag;2,214;kWh;Uitgelezen;Zonnepanelen
22-08-2025;00:00:00;23-08-2025;00:00:00;="541448820043562075";1SAG1100625708;Digitale meter;Injectie Dag;0,000;kWh;Uitgelezen;Zonnepanelen
22-08-2025;00:00:00;23-08-2025;00:00:00;="541448820043562075";1SAG1100625708;Digitale meter;Afname Nacht;0,423;kWh;Uitgelezen;Zonnepanelen
22-08-2025;00:00:00;23-08-2025;00:00:00;="541448820043562075";1SAG1100625708;Digitale meter;Injectie Nacht;0,000;kWh;Uitgelezen;Zonnepanelen
23-08-2025;00:00:00;24-08-2025;00:00:00;="541448820043562075";1SAG1100625708;Digitale meter;Afname Dag;0,000;kWh;Uitgelezen;Zonnepanelen
23-08-2025;00:00:00;24-08-2025;00:00:00;="541448820043562075";1SAG1100625708;Digitale meter;Injectie Dag;0,000;kWh;Uitgelezen;Zonnepanelen
23-08-2025;00:00:00;24-08-2025;00:00:00;="541448820043562075";1SAG1100625708;Digitale meter;Afname Nacht;4,280;kWh;Uitgelezen;Zonnepanelen
23-08-2025;00:00:00;24-08-2025;00:00:00;="541448820043562075";1SAG1100625708;Digitale meter;Injectie Nacht;0,000;kWh;Uitgelezen;Zonnepanelen
24-08-2025;00:00:00;25-08-2025;00:00:00;="541448820043562075";1SAG1100625708;Digitale meter;Afname Dag;0,000;kWh;Uitgelezen;Zonnepanelen
24-08-2025;00:00:00;25-08-2025;00:00:00;="541448820043562075";1SAG1100625708;Digitale meter;Injectie Dag;0,000;kWh;Uitgelezen;Zonnepanelen
24-08-2025;00:00:00;25-08-2025;00:00:00;="541448820043562075";1SAG1100625708;Digitale meter;Afname Nacht;4,240;kWh;Uitgelezen;Zonnepanelen
24-08-2025;00:00:00;25-08-2025;00:00:00;="541448820043562075";1SAG1100625708;Digitale meter;Injectie Nacht;0,000;kWh;Uitgelezen;Zonnepanelen
25-08-2025;00:00:00;26-08-2025;00:00:00;="541448820043562075";1SAG1100625708;Digitale meter;Afname Dag;2,497;kWh;Uitgelezen;Zonnepanelen
25-08-2025;00:00:00;26-08-2025;00:00:00;="541448820043562075";1SAG1100625708;Digitale meter;Injectie Dag;0,000;kWh;Uitgelezen;Zonnepanelen
25-08-2025;00:00:00;26-08-2025;00:00:00;="541448820043562075";1SAG1100625708;Digitale meter;Afname Nacht;1,112;kWh;Uitgelezen;Zonnepanelen
25-08-2025;00:00:00;26-08-2025;00:00:00;="541448820043562075";1SAG1100625708;Digitale meter;Injectie Nacht;0,000;kWh;Uitgelezen;Zonnepanelen
26-08-2025;00:00:00;27-08-2025;00:00:00;="541448820043562075";1SAG1100625708;Digitale meter;Afname Dag;1,701;kWh;Uitgelezen;Zonnepanelen
26-08-2025;00:00:00;27-08-2025;00:00:00;="541448820043562075";1SAG1100625708;Digitale meter;Injectie Dag;0,000;kWh;Uitgelezen;Zonnepanelen
26-08-2025;00:00:00;27-08-2025;00:00:00;="541448820043562075";1SAG1100625708;Digitale meter;Afname Nacht;1,253;kWh;Uitgelezen;Zonnepanelen
26-08-2025;00:00:00;27-08-2025;00:00:00;="541448820043562075";1SAG1100625708;Digitale meter;Injectie Nacht;0,000;kWh;Uitgelezen;Zonnepanelen
27-08-2025;00:00:00;28-08-2025;00:00:00;="541448820043562075";1SAG1100625708;Digitale meter;Afname Dag;3,877;kWh;Uitgelezen;Zonnepanelen
27-08-2025;00:00:00;28-08-2025;00:00:00;="541448820043562075";1SAG1100625708;Digitale meter;Injectie Dag;0,000;kWh;Uitgelezen;Zonnepanelen
27-08-2025;00:00:00;28-08-2025;00:00:00;="541448820043562075";1SAG1100625708;Digitale meter;Afname Nacht;1,054;kWh;Uitgelezen;Zonnepanelen
27-08-2025;00:00:00;28-08-2025;00:00:00;="541448820043562075";1SAG1100625708;Digitale meter;Injectie Nacht;0,000;kWh;Uitgelezen;Zonnepanelen
28-08-2025;00:00:00;29-08-2025;00:00:00;="541448820043562075";1SAG1100625708;Digitale meter;Afname Dag;2,684;kWh;Uitgelezen;Zonnepanelen
28-08-2025;00:00:00;29-08-2025;00:00:00;="541448820043562075";1SAG1100625708;Digitale meter;Injectie Dag;0,000;kWh;Uitgelezen;Zonnepanelen
28-08-2025;00:00:00;29-08-2025;00:00:00;="541448820043562075";1SAG1100625708;Digitale meter;Afname Nacht;0,806;kWh;Uitgelezen;Zonnepanelen
28-08-2025;00:00:00;29-08-2025;00:00:00;="541448820043562075";1SAG1100625708;Digitale meter;Injectie Nacht;0,000;kWh;Uitgelezen;Zonnepanelen
29-08-2025;00:00:00;30-08-2025;00:00:00;="541448820043562075";1SAG1100625708;Digitale meter;Afname Dag;1,730;kWh;Uitgelezen;Zonnepanelen
29-08-2025;00:00:00;30-08-2025;00:00:00;="541448820043562075";1SAG1100625708;Digitale meter;Injectie Dag;0,000;kWh;Uitgelezen;Zonnepanelen
29-08-2025;00:00:00;30-08-2025;00:00:00;="541448820043562075";1SAG1100625708;Digitale meter;Afname Nacht;0,978;kWh;Uitgelezen;Zonnepanelen
29-08-2025;00:00:00;30-08-2025;00:00:00;="541448820043562075";1SAG1100625708;Digitale meter;Injectie Nacht;0,000;kWh;Uitgelezen;Zonnepanelen
30-08-2025;00:00:00;31-08-2025;00:00:00;="541448820043562075";1SAG1100625708;Digitale meter;Afname Dag;0,000;kWh;Uitgelezen;Zonnepanelen
30-08-2025;00:00:00;31-08-2025;00:00:00;="541448820043562075";1SAG1100625708;Digitale meter;Injectie Dag;0,000;kWh;Uitgelezen;Zonnepanelen
30-08-2025;00:00:00;31-08-2025;00:00:00;="541448820043562075";1SAG1100625708;Digitale meter;Afname Nacht;1,729;kWh;Uitgelezen;Zonnepanelen
30-08-2025;00:00:00;31-08-2025;00:00:00;="541448820043562075";1SAG1100625708;Digitale meter;Injectie Nacht;0,000;kWh;Uitgelezen;Zonnepanelen
31-08-2025;00:00:00;01-09-2025;00:00:00;="541448820043562075";1SAG1100625708;Digitale meter;Afname Dag;0,000;kWh;Uitgelezen;Zonnepanelen
31-08-2025;00:00:00;01-09-2025;00:00:00;="541448820043562075";1SAG1100625708;Digitale meter;Injectie Dag;0,000;kWh;Uitgelezen;Zonnepanelen
31-08-2025;00:00:00;01-09-2025;00:00:00;="541448820043562075";1SAG1100625708;Digitale meter;Afname Nacht;6,597;kWh;Uitgelezen;Zonnepanelen
31-08-2025;00:00:00;01-09-2025;00:00:00;="541448820043562075";1SAG1100625708;Digitale meter;Injectie Nacht;0,000;kWh;Uitgelezen;Zonnepanelen
01-09-2025;00:00:00;02-09-2025;00:00:00;="541448820043562075";1SAG1100625708;Digitale meter;Afname Dag;2,106;kWh;Uitgelezen;Zonnepanelen
01-09-2025;00:00:00;02-09-2025;00:00:00;="541448820043562075";1SAG1100625708;Digitale meter;Injectie Dag;0,000;kWh;Uitgelezen;Zonnepanelen
01-09-2025;00:00:00;02-09-2025;00:00:00;="541448820043562075";1SAG1100625708;Digitale meter;Afname Nacht;0,607;kWh;Uitgelezen;Zonnepanelen
01-09-2025;00:00:00;02-09-2025;00:00:00;="541448820043562075";1SAG1100625708;Digitale meter;Injectie Nacht;0,000;kWh;Uitgelezen;Zonnepanelen
02-09-2025;00:00:00;03-09-2025;00:00:00;="541448820043562075";1SAG1100625708;Digitale meter;Afname Dag;2,799;kWh;Uitgelezen;Zonnepanelen
02-09-2025;00:00:00;03-09-2025;00:00:00;="541448820043562075";1SAG1100625708;Digitale meter;Injectie Dag;0,000;kWh;Uitgelezen;Zonnepanelen
02-09-2025;00:00:00;03-09-2025;00:00:00;="541448820043562075";1SAG1100625708;Digitale meter;Afname Nacht;0,481;kWh;Uitgelezen;Zonnepanelen
02-09-2025;00:00:00;03-09-2025;00:00:00;="541448820043562075";1SAG1100625708;Digitale meter;Injectie Nacht;0,000;kWh;Uitgelezen;Zonnepanelen
03-09-2025;00:00:00;04-09-2025;00:00:00;="541448820043562075";1SAG1100625708;Digitale meter;Afname Dag;1,123;kWh;Uitgelezen;Zonnepanelen
03-09-2025;00:00:00;04-09-2025;00:00:00;="541448820043562075";1SAG1100625708;Digitale meter;Injectie Dag;0,000;kWh;Uitgelezen;Zonnepanelen
03-09-2025;00:00:00;04-09-2025;00:00:00;="541448820043562075";1SAG1100625708;Digitale meter;Afname Nacht;0,569;kWh;Uitgelezen;Zonnepanelen
03-09-2025;00:00:00;04-09-2025;00:00:00;="541448820043562075";1SAG1100625708;Digitale meter;Injectie Nacht;0,000;kWh;Uitgelezen;Zonnepanelen
04-09-2025;00:00:00;05-09-2025;00:00:00;="541448820043562075";1SAG1100625708;Digitale meter;Afname Dag;2,525;kWh;Uitgelezen;Zonnepanelen
04-09-2025;00:00:00;05-09-2025;00:00:00;="541448820043562075";1SAG1100625708;Digitale meter;Injectie Dag;0,000;kWh;Uitgelezen;Zonnepanelen
04-09-2025;00:00:00;05-09-2025;00:00:00;="541448820043562075";1SAG1100625708;Digitale meter;Afname Nacht;0,433;kWh;Uitgelezen;Zonnepanelen
04-09-2025;00:00:00;05-09-2025;00:00:00;="541448820043562075";1SAG1100625708;Digitale meter;Injectie Nacht;0,000;kWh;Uitgelezen;Zonnepanelen
05-09-2025;00:00:00;06-09-2025;00:00:00;="541448820043562075";1SAG1100625708;Digitale meter;Afname Dag;1,570;kWh;Uitgelezen;Zonnepanelen
05-09-2025;00:00:00;06-09-2025;00:00:00;="541448820043562075";1SAG1100625708;Digitale meter;Injectie Dag;7,290;kWh;Uitgelezen;Zonnepanelen
05-09-2025;00:00:00;06-09-2025;00:00:00;="541448820043562075";1SAG1100625708;Digitale meter;Afname Nacht;0,440;kWh;Uitgelezen;Zonnepanelen
05-09-2025;00:00:00;06-09-2025;00:00:00;="541448820043562075";1SAG1100625708;Digitale meter;Injectie Nacht;0,000;kWh;Uitgelezen;Zonnepanelen
06-09-2025;00:00:00;07-09-2025;00:00:00;="541448820043562075";1SAG1100625708;Digitale meter;Afname Dag;0,000;kWh;Uitgelezen;Zonnepanelen
06-09-2025;00:00:00;07-09-2025;00:00:00;="541448820043562075";1SAG1100625708;Digitale meter;Injectie Dag;0,000;kWh;Uitgelezen;Zonnepanelen
06-09-2025;00:00:00;07-09-2025;00:00:00;="541448820043562075";1SAG1100625708;Digitale meter;Afname Nacht;4,114;kWh;Uitgelezen;Zonnepanelen
06-09-2025;00:00:00;07-09-2025;00:00:00;="541448820043562075";1SAG1100625708;Digitale meter;Injectie Nacht;7,987;kWh;Uitgelezen;Zonnepanelen
07-09-2025;00:00:00;08-09-2025;00:00:00;="541448820043562075";1SAG1100625708;Digitale meter;Afname Dag;0,000;kWh;Uitgelezen;Zonnepanelen
07-09-2025;00:00:00;08-09-2025;00:00:00;="541448820043562075";1SAG1100625708;Digitale meter;Injectie Dag;0,000;kWh;Uitgelezen;Zonnepanelen
07-09-2025;00:00:00;08-09-2025;00:00:00;="541448820043562075";1SAG1100625708;Digitale meter;Afname Nacht;0,726;kWh;Uitgelezen;Zonnepanelen
07-09-2025;00:00:00;08-09-2025;00:00:00;="541448820043562075";1SAG1100625708;Digitale meter;Injectie Nacht;11,112;kWh;Uitgelezen;Zonnepanelen
08-09-2025;00:00:00;09-09-2025;00:00:00;="541448820043562075";1SAG1100625708;Digitale meter;Afname Dag;1,768;kWh;Uitgelezen;Zonnepanelen
08-09-2025;00:00:00;09-09-2025;00:00:00;="541448820043562075";1SAG1100625708;Digitale meter;Injectie Dag;5,889;kWh;Uitgelezen;Zonnepanelen
08-09-2025;00:00:00;09-09-2025;00:00:00;="541448820043562075";1SAG1100625708;Digitale meter;Afname Nacht;0,699;kWh;Uitgelezen;Zonnepanelen
08-09-2025;00:00:00;09-09-2025;00:00:00;="541448820043562075";1SAG1100625708;Digitale meter;Injectie Nacht;0,000;kWh;Uitgelezen;Zonnepanelen
09-09-2025;00:00:00;10-09-2025;00:00:00;="541448820043562075";1SAG1100625708;Digitale meter;Afname Dag;0,612;kWh;Uitgelezen;Zonnepanelen
09-09-2025;00:00:00;10-09-2025;00:00:00;="541448820043562075";1SAG1100625708;Digitale meter;Injectie Dag;4,783;kWh;Uitgelezen;Zonnepanelen
09-09-2025;00:00:00;10-09-2025;00:00:00;="541448820043562075";1SAG1100625708;Digitale meter;Afname Nacht;0,937;kWh;Uitgelezen;Zonnepanelen
09-09-2025;00:00:00;10-09-2025;00:00:00;="541448820043562075";1SAG1100625708;Digitale meter;Injectie Nacht;0,000;kWh;Uitgelezen;Zonnepanelen
10-09-2025;00:00:00;11-09-2025;00:00:00;="541448820043562075";1SAG1100625708;Digitale meter;Afname Dag;1,513;kWh;Uitgelezen;Zonnepanelen
10-09-2025;00:00:00;11-09-2025;00:00:00;="541448820043562075";1SAG1100625708;Digitale meter;Injectie Dag;5,707;kWh;Uitgelezen;Zonnepanelen
10-09-2025;00:00:00;11-09-2025;00:00:00;="541448820043562075";1SAG1100625708;Digitale meter;Afname Nacht;2,312;kWh;Uitgelezen;Zonnepanelen
10-09-2025;00:00:00;11-09-2025;00:00:00;="541448820043562075";1SAG1100625708;Digitale meter;Injectie Nacht;0,000;kWh;Uitgelezen;Zonnepanelen
11-09-2025;00:00:00;12-09-2025;00:00:00;="541448820043562075";1SAG1100625708;Digitale meter;Afname Dag;0,688;kWh;Uitgelezen;Zonnepanelen
11-09-2025;00:00:00;12-09-2025;00:00:00;="541448820043562075";1SAG1100625708;Digitale meter;Injectie Dag;5,447;kWh;Uitgelezen;Zonnepanelen
11-09-2025;00:00:00;12-09-2025;00:00:00;="541448820043562075";1SAG1100625708;Digitale meter;Afname Nacht;0,776;kWh;Uitgelezen;Zonnepanelen
11-09-2025;00:00:00;12-09-2025;00:00:00;="541448820043562075";1SAG1100625708;Digitale meter;Injectie Nacht;0,000;kWh;Uitgelezen;Zonnepanelen
12-09-2025;00:00:00;13-09-2025;00:00:00;="541448820043562075";1SAG1100625708;Digitale meter;Afname Dag;0,813;kWh;Uitgelezen;Zonnepanelen
12-09-2025;00:00:00;13-09-2025;00:00:00;="541448820043562075";1SAG1100625708;Digitale meter;Injectie Dag;8,316;kWh;Uitgelezen;Zonnepanelen
12-09-2025;00:00:00;13-09-2025;00:00:00;="541448820043562075";1SAG1100625708;Digitale meter;Afname Nacht;0,480;kWh;Uitgelezen;Zonnepanelen
12-09-2025;00:00:00;13-09-2025;00:00:00;="541448820043562075";1SAG1100625708;Digitale meter;Injectie Nacht;0,000;kWh;Uitgelezen;Zonnepanelen
13-09-2025;00:00:00;14-09-2025;00:00:00;="541448820043562075";1SAG1100625708;Digitale meter;Afname Dag;0,000;kWh;Uitgelezen;Zonnepanelen
13-09-2025;00:00:00;14-09-2025;00:00:00;="541448820043562075";1SAG1100625708;Digitale meter;Injectie Dag;0,000;kWh;Uitgelezen;Zonnepanelen
13-09-2025;00:00:00;14-09-2025;00:00:00;="541448820043562075";1SAG1100625708;Digitale meter;Afname Nacht;2,517;kWh;Uitgelezen;Zonnepanelen
13-09-2025;00:00:00;14-09-2025;00:00:00;="541448820043562075";1SAG1100625708;Digitale meter;Injectie Nacht;5,586;kWh;Uitgelezen;Zonnepanelen
14-09-2025;00:00:00;15-09-2025;00:00:00;="541448820043562075";1SAG1100625708;Digitale meter;Afname Dag;0,000;kWh;Uitgelezen;Zonnepanelen
14-09-2025;00:00:00;15-09-2025;00:00:00;="541448820043562075";1SAG1100625708;Digitale meter;Injectie Dag;0,000;kWh;Uitgelezen;Zonnepanelen
14-09-2025;00:00:00;15-09-2025;00:00:00;="541448820043562075";1SAG1100625708;Digitale meter;Afname Nacht;3,192;kWh;Uitgelezen;Zonnepanelen
14-09-2025;00:00:00;15-09-2025;00:00:00;="541448820043562075";1SAG1100625708;Digitale meter;Injectie Nacht;6,954;kWh;Uitgelezen;Zonnepanelen
15-09-2025;00:00:00;16-09-2025;00:00:00;="541448820043562075";1SAG1100625708;Digitale meter;Afname Dag;3,276;kWh;Uitgelezen;Zonnepanelen
15-09-2025;00:00:00;16-09-2025;00:00:00;="541448820043562075";1SAG1100625708;Digitale meter;Injectie Dag;6,906;kWh;Uitgelezen;Zonnepanelen
15-09-2025;00:00:00;16-09-2025;00:00:00;="541448820043562075";1SAG1100625708;Digitale meter;Afname Nacht;0,517;kWh;Uitgelezen;Zonnepanelen
15-09-2025;00:00:00;16-09-2025;00:00:00;="541448820043562075";1SAG1100625708;Digitale meter;Injectie Nacht;0,000;kWh;Uitgelezen;Zonnepanelen
16-09-2025;00:00:00;17-09-2025;00:00:00;="541448820043562075";1SAG1100625708;Digitale meter;Afname Dag;1,047;kWh;Uitgelezen;Zonnepanelen
16-09-2025;00:00:00;17-09-2025;00:00:00;="541448820043562075";1SAG1100625708;Digitale meter;Injectie Dag;8,279;kWh;Uitgelezen;Zonnepanelen
16-09-2025;00:00:00;17-09-2025;00:00:00;="541448820043562075";1SAG1100625708;Digitale meter;Afname Nacht;1,200;kWh;Uitgelezen;Zonnepanelen
16-09-2025;00:00:00;17-09-2025;00:00:00;="541448820043562075";1SAG1100625708;Digitale meter;Injectie Nacht;0,000;kWh;Uitgelezen;Zonnepanelen
17-09-2025;00:00:00;18-09-2025;00:00:00;="541448820043562075";1SAG1100625708;Digitale meter;Afname Dag;1,795;kWh;Uitgelezen;Zonnepanelen
17-09-2025;00:00:00;18-09-2025;00:00:00;="541448820043562075";1SAG1100625708;Digitale meter;Injectie Dag;2,252;kWh;Uitgelezen;Zonnepanelen
17-09-2025;00:00:00;18-09-2025;00:00:00;="541448820043562075";1SAG1100625708;Digitale meter;Afname Nacht;0,746;kWh;Uitgelezen;Zonnepanelen
17-09-2025;00:00:00;18-09-2025;00:00:00;="541448820043562075";1SAG1100625708;Digitale meter;Injectie Nacht;0,000;kWh;Uitgelezen;Zonnepanelen
18-09-2025;00:00:00;19-09-2025;00:00:00;="541448820043562075";1SAG1100625708;Digitale meter;Afname Dag;3,085;kWh;Uitgelezen;Zonnepanelen
18-09-2025;00:00:00;19-09-2025;00:00:00;="541448820043562075";1SAG1100625708;Digitale meter;Injectie Dag;1,282;kWh;Uitgelezen;Zonnepanelen
18-09-2025;00:00:00;19-09-2025;00:00:00;="541448820043562075";1SAG1100625708;Digitale meter;Afname Nacht;0,596;kWh;Uitgelezen;Zonnepanelen
18-09-2025;00:00:00;19-09-2025;00:00:00;="541448820043562075";1SAG1100625708;Digitale meter;Injectie Nacht;0,000;kWh;Uitgelezen;Zonnepanelen
19-09-2025;00:00:00;20-09-2025;00:00:00;="541448820043562075";1SAG1100625708;Digitale meter;Afname Dag;1,837;kWh;Uitgelezen;Zonnepanelen
19-09-2025;00:00:00;20-09-2025;00:00:00;="541448820043562075";1SAG1100625708;Digitale meter;Injectie Dag;8,415;kWh;Uitgelezen;Zonnepanelen
19-09-2025;00:00:00;20-09-2025;00:00:00;="541448820043562075";1SAG1100625708;Digitale meter;Afname Nacht;0,477;kWh;Uitgelezen;Zonnepanelen
19-09-2025;00:00:00;20-09-2025;00:00:00;="541448820043562075";1SAG1100625708;Digitale meter;Injectie Nacht;0,000;kWh;Uitgelezen;Zonnepanelen
20-09-2025;00:00:00;21-09-2025;00:00:00;="541448820043562075";1SAG1100625708;Digitale meter;Afname Dag;0,000;kWh;Uitgelezen;Zonnepanelen
20-09-2025;00:00:00;21-09-2025;00:00:00;="541448820043562075";1SAG1100625708;Digitale meter;Injectie Dag;0,000;kWh;Uitgelezen;Zonnepanelen
20-09-2025;00:00:00;21-09-2025;00:00:00;="541448820043562075";1SAG1100625708;Digitale meter;Afname Nacht;3,804;kWh;Uitgelezen;Zonnepanelen
20-09-2025;00:00:00;21-09-2025;00:00:00;="541448820043562075";1SAG1100625708;Digitale meter;Injectie Nacht;2,541;kWh;Uitgelezen;Zonnepanelen
21-09-2025;00:00:00;22-09-2025;00:00:00;="541448820043562075";1SAG1100625708;Digitale meter;Afname Dag;0,000;kWh;Uitgelezen;Zonnepanelen
21-09-2025;00:00:00;22-09-2025;00:00:00;="541448820043562075";1SAG1100625708;Digitale meter;Injectie Dag;0,000;kWh;Uitgelezen;Zonnepanelen
21-09-2025;00:00:00;22-09-2025;00:00:00;="541448820043562075";1SAG1100625708;Digitale meter;Afname Nacht;5,095;kWh;Uitgelezen;Zonnepanelen
21-09-2025;00:00:00;22-09-2025;00:00:00;="541448820043562075";1SAG1100625708;Digitale meter;Injectie Nacht;1,629;kWh;Uitgelezen;Zonnepanelen
22-09-2025;00:00:00;23-09-2025;00:00:00;="541448820043562075";1SAG1100625708;Digitale meter;Afname Dag;0,877;kWh;Uitgelezen;Zonnepanelen
22-09-2025;00:00:00;23-09-2025;00:00:00;="541448820043562075";1SAG1100625708;Digitale meter;Injectie Dag;8,830;kWh;Uitgelezen;Zonnepanelen
22-09-2025;00:00:00;23-09-2025;00:00:00;="541448820043562075";1SAG1100625708;Digitale meter;Afname Nacht;0,958;kWh;Uitgelezen;Zonnepanelen
22-09-2025;00:00:00;23-09-2025;00:00:00;="541448820043562075";1SAG1100625708;Digitale meter;Injectie Nacht;0,000;kWh;Uitgelezen;Zonnepanelen
23-09-2025;00:00:00;24-09-2025;00:00:00;="541448820043562075";1SAG1100625708;Digitale meter;Afname Dag;1,782;kWh;Uitgelezen;Zonnepanelen
23-09-2025;00:00:00;24-09-2025;00:00:00;="541448820043562075";1SAG1100625708;Digitale meter;Injectie Dag;7,543;kWh;Uitgelezen;Zonnepanelen
23-09-2025;00:00:00;24-09-2025;00:00:00;="541448820043562075";1SAG1100625708;Digitale meter;Afname Nacht;1,004;kWh;Uitgelezen;Zonnepanelen
23-09-2025;00:00:00;24-09-2025;00:00:00;="541448820043562075";1SAG1100625708;Digitale meter;Injectie Nacht;0,000;kWh;Uitgelezen;Zonnepanelen
24-09-2025;00:00:00;25-09-2025;00:00:00;="541448820043562075";1SAG1100625708;Digitale meter;Afname Dag;0,294;kWh;Uitgelezen;Zonnepanelen
24-09-2025;00:00:00;25-09-2025;00:00:00;="541448820043562075";1SAG1100625708;Digitale meter;Injectie Dag;4,951;kWh;Uitgelezen;Zonnepanelen
24-09-2025;00:00:00;25-09-2025;00:00:00;="541448820043562075";1SAG1100625708;Digitale meter;Afname Nacht;0,645;kWh;Uitgelezen;Zonnepanelen
24-09-2025;00:00:00;25-09-2025;00:00:00;="541448820043562075";1SAG1100625708;Digitale meter;Injectie Nacht;0,000;kWh;Uitgelezen;Zonnepanelen
25-09-2025;00:00:00;26-09-2025;00:00:00;="541448820043562075";1SAG1100625708;Digitale meter;Afname Dag;2,422;kWh;Uitgelezen;Zonnepanelen
25-09-2025;00:00:00;26-09-2025;00:00:00;="541448820043562075";1SAG1100625708;Digitale meter;Injectie Dag;2,026;kWh;Uitgelezen;Zonnepanelen
25-09-2025;00:00:00;26-09-2025;00:00:00;="541448820043562075";1SAG1100625708;Digitale meter;Afname Nacht;0,554;kWh;Uitgelezen;Zonnepanelen
25-09-2025;00:00:00;26-09-2025;00:00:00;="541448820043562075";1SAG1100625708;Digitale meter;Injectie Nacht;0,000;kWh;Uitgelezen;Zonnepanelen
26-09-2025;00:00:00;27-09-2025;00:00:00;="541448820043562075";1SAG1100625708;Digitale meter;Afname Dag;0,863;kWh;Uitgelezen;Zonnepanelen
26-09-2025;00:00:00;27-09-2025;00:00:00;="541448820043562075";1SAG1100625708;Digitale meter;Injectie Dag;2,074;kWh;Uitgelezen;Zonnepanelen
26-09-2025;00:00:00;27-09-2025;00:00:00;="541448820043562075";1SAG1100625708;Digitale meter;Afname Nacht;0,381;kWh;Uitgelezen;Zonnepanelen
26-09-2025;00:00:00;27-09-2025;00:00:00;="541448820043562075";1SAG1100625708;Digitale meter;Injectie Nacht;0,000;kWh;Uitgelezen;Zonnepanelen
27-09-2025;00:00:00;28-09-2025;00:00:00;="541448820043562075";1SAG1100625708;Digitale meter;Afname Dag;0,000;kWh;Uitgelezen;Zonnepanelen
27-09-2025;00:00:00;28-09-2025;00:00:00;="541448820043562075";1SAG1100625708;Digitale meter;Injectie Dag;0,000;kWh;Uitgelezen;Zonnepanelen
27-09-2025;00:00:00;28-09-2025;00:00:00;="541448820043562075";1SAG1100625708;Digitale meter;Afname Nacht;2,374;kWh;Uitgelezen;Zonnepanelen
27-09-2025;00:00:00;28-09-2025;00:00:00;="541448820043562075";1SAG1100625708;Digitale meter;Injectie Nacht;8,673;kWh;Uitgelezen;Zonnepanelen
28-09-2025;00:00:00;29-09-2025;00:00:00;="541448820043562075";1SAG1100625708;Digitale meter;Afname Dag;0,000;kWh;Uitgelezen;Zonnepanelen
28-09-2025;00:00:00;29-09-2025;00:00:00;="541448820043562075";1SAG1100625708;Digitale meter;Injectie Dag;0,000;kWh;Uitgelezen;Zonnepanelen
28-09-2025;00:00:00;29-09-2025;00:00:00;="541448820043562075";1SAG1100625708;Digitale meter;Afname Nacht;4,962;kWh;Uitgelezen;Zonnepanelen
28-09-2025;00:00:00;29-09-2025;00:00:00;="541448820043562075";1SAG1100625708;Digitale meter;Injectie Nacht;9,272;kWh;Uitgelezen;Zonnepanelen
29-09-2025;00:00:00;30-09-2025;00:00:00;="541448820043562075";1SAG1100625708;Digitale meter;Afname Dag;1,154;kWh;Uitgelezen;Zonnepanelen
29-09-2025;00:00:00;30-09-2025;00:00:00;="541448820043562075";1SAG1100625708;Digitale meter;Injectie Dag;7,749;kWh;Uitgelezen;Zonnepanelen
29-09-2025;00:00:00;30-09-2025;00:00:00;="541448820043562075";1SAG1100625708;Digitale meter;Afname Nacht;0,497;kWh;Uitgelezen;Zonnepanelen
29-09-2025;00:00:00;30-09-2025;00:00:00;="541448820043562075";1SAG1100625708;Digitale meter;Injectie Nacht;0,000;kWh;Uitgelezen;Zonnepanelen
30-09-2025;00:00:00;01-10-2025;00:00:00;="541448820043562075";1SAG1100625708;Digitale meter;Afname Dag;2,549;kWh;Uitgelezen;Zonnepanelen
30-09-2025;00:00:00;01-10-2025;00:00:00;="541448820043562075";1SAG1100625708;Digitale meter;Injectie Dag;5,422;kWh;Uitgelezen;Zonnepanelen
30-09-2025;00:00:00;01-10-2025;00:00:00;="541448820043562075";1SAG1100625708;Digitale meter;Afname Nacht;0,491;kWh;Uitgelezen;Zonnepanelen
30-09-2025;00:00:00;01-10-2025;00:00:00;="541448820043562075";1SAG1100625708;Digitale meter;Injectie Nacht;0,000;kWh;Uitgelezen;Zonnepanelen
01-10-2025;00:00:00;02-10-2025;00:00:00;="541448820043562075";1SAG1100625708;Digitale meter;Afname Dag;2,339;kWh;Uitgelezen;Zonnepanelen
01-10-2025;00:00:00;02-10-2025;00:00:00;="541448820043562075";1SAG1100625708;Digitale meter;Injectie Dag;4,534;kWh;Uitgelezen;Zonnepanelen
01-10-2025;00:00:00;02-10-2025;00:00:00;="541448820043562075";1SAG1100625708;Digitale meter;Afname Nacht;0,414;kWh;Uitgelezen;Zonnepanelen
01-10-2025;00:00:00;02-10-2025;00:00:00;="541448820043562075";1SAG1100625708;Digitale meter;Injectie Nacht;0,000;kWh;Uitgelezen;Zonnepanelen
02-10-2025;00:00:00;03-10-2025;00:00:00;="541448820043562075";1SAG1100625708;Digitale meter;Afname Dag;0,506;kWh;Uitgelezen;Zonnepanelen
02-10-2025;00:00:00;03-10-2025;00:00:00;="541448820043562075";1SAG1100625708;Digitale meter;Injectie Dag;3,431;kWh;Uitgelezen;Zonnepanelen
02-10-2025;00:00:00;03-10-2025;00:00:00;="541448820043562075";1SAG1100625708;Digitale meter;Afname Nacht;0,366;kWh;Uitgelezen;Zonnepanelen
02-10-2025;00:00:00;03-10-2025;00:00:00;="541448820043562075";1SAG1100625708;Digitale meter;Injectie Nacht;0,000;kWh;Uitgelezen;Zonnepanelen
03-10-2025;00:00:00;04-10-2025;00:00:00;="541448820043562075";1SAG1100625708;Digitale meter;Afname Dag;2,423;kWh;Uitgelezen;Zonnepanelen
03-10-2025;00:00:00;04-10-2025;00:00:00;="541448820043562075";1SAG1100625708;Digitale meter;Injectie Dag;0,533;kWh;Uitgelezen;Zonnepanelen
03-10-2025;00:00:00;04-10-2025;00:00:00;="541448820043562075";1SAG1100625708;Digitale meter;Afname Nacht;1,058;kWh;Uitgelezen;Zonnepanelen
03-10-2025;00:00:00;04-10-2025;00:00:00;="541448820043562075";1SAG1100625708;Digitale meter;Injectie Nacht;0,000;kWh;Uitgelezen;Zonnepanelen
04-10-2025;00:00:00;05-10-2025;00:00:00;="541448820043562075";1SAG1100625708;Digitale meter;Afname Dag;0,000;kWh;Uitgelezen;Zonnepanelen
04-10-2025;00:00:00;05-10-2025;00:00:00;="541448820043562075";1SAG1100625708;Digitale meter;Injectie Dag;0,000;kWh;Uitgelezen;Zonnepanelen
04-10-2025;00:00:00;05-10-2025;00:00:00;="541448820043562075";1SAG1100625708;Digitale meter;Afname Nacht;1,934;kWh;Uitgelezen;Zonnepanelen
04-10-2025;00:00:00;05-10-2025;00:00:00;="541448820043562075";1SAG1100625708;Digitale meter;Injectie Nacht;6,729;kWh;Uitgelezen;Zonnepanelen
05-10-2025;00:00:00;06-10-2025;00:00:00;="541448820043562075";1SAG1100625708;Digitale meter;Afname Dag;0,000;kWh;Uitgelezen;Zonnepanelen
05-10-2025;00:00:00;06-10-2025;00:00:00;="541448820043562075";1SAG1100625708;Digitale meter;Injectie Dag;0,000;kWh;Uitgelezen;Zonnepanelen
05-10-2025;00:00:00;06-10-2025;00:00:00;="541448820043562075";1SAG1100625708;Digitale meter;Afname Nacht;0,854;kWh;Uitgelezen;Zonnepanelen
05-10-2025;00:00:00;06-10-2025;00:00:00;="541448820043562075";1SAG1100625708;Digitale meter;Injectie Nacht;2,838;kWh;Uitgelezen;Zonnepanelen
06-10-2025;00:00:00;07-10-2025;00:00:00;="541448820043562075";1SAG1100625708;Digitale meter;Afname Dag;1,759;kWh;Uitgelezen;Zonnepanelen
06-10-2025;00:00:00;07-10-2025;00:00:00;="541448820043562075";1SAG1100625708;Digitale meter;Injectie Dag;2,032;kWh;Uitgelezen;Zonnepanelen
06-10-2025;00:00:00;07-10-2025;00:00:00;="541448820043562075";1SAG1100625708;Digitale meter;Afname Nacht;0,392;kWh;Uitgelezen;Zonnepanelen
06-10-2025;00:00:00;07-10-2025;00:00:00;="541448820043562075";1SAG1100625708;Digitale meter;Injectie Nacht;0,000;kWh;Uitgelezen;Zonnepanelen
07-10-2025;00:00:00;08-10-2025;00:00:00;="541448820043562075";1SAG1100625708;Digitale meter;Afname Dag;2,771;kWh;Uitgelezen;Zonnepanelen
07-10-2025;00:00:00;08-10-2025;00:00:00;="541448820043562075";1SAG1100625708;Digitale meter;Injectie Dag;0,491;kWh;Uitgelezen;Zonnepanelen
07-10-2025;00:00:00;08-10-2025;00:00:00;="541448820043562075";1SAG1100625708;Digitale meter;Afname Nacht;0,532;kWh;Uitgelezen;Zonnepanelen
07-10-2025;00:00:00;08-10-2025;00:00:00;="541448820043562075";1SAG1100625708;Digitale meter;Injectie Nacht;0,000;kWh;Uitgelezen;Zonnepanelen
08-10-2025;00:00:00;09-10-2025;00:00:00;="541448820043562075";1SAG1100625708;Digitale meter;Afname Dag;1,316;kWh;Uitgelezen;Zonnepanelen
08-10-2025;00:00:00;09-10-2025;00:00:00;="541448820043562075";1SAG1100625708;Digitale meter;Injectie Dag;0,798;kWh;Uitgelezen;Zonnepanelen
08-10-2025;00:00:00;09-10-2025;00:00:00;="541448820043562075";1SAG1100625708;Digitale meter;Afname Nacht;1,016;kWh;Uitgelezen;Zonnepanelen
08-10-2025;00:00:00;09-10-2025;00:00:00;="541448820043562075";1SAG1100625708;Digitale meter;Injectie Nacht;0,000;kWh;Uitgelezen;Zonnepanelen
09-10-2025;00:00:00;10-10-2025;00:00:00;="541448820043562075";1SAG1100625708;Digitale meter;Afname Dag;1,749;kWh;Uitgelezen;Zonnepanelen
09-10-2025;00:00:00;10-10-2025;00:00:00;="541448820043562075";1SAG1100625708;Digitale meter;Injectie Dag;5,872;kWh;Uitgelezen;Zonnepanelen
09-10-2025;00:00:00;10-10-2025;00:00:00;="541448820043562075";1SAG1100625708;Digitale meter;Afname Nacht;0,465;kWh;Uitgelezen;Zonnepanelen
09-10-2025;00:00:00;10-10-2025;00:00:00;="541448820043562075";1SAG1100625708;Digitale meter;Injectie Nacht;0,000;kWh;Uitgelezen;Zonnepanelen
10-10-2025;00:00:00;11-10-2025;00:00:00;="541448820043562075";1SAG1100625708;Digitale meter;Afname Dag;2,568;kWh;Uitgelezen;Zonnepanelen
10-10-2025;00:00:00;11-10-2025;00:00:00;="541448820043562075";1SAG1100625708;Digitale meter;Injectie Dag;0,328;kWh;Uitgelezen;Zonnepanelen
10-10-2025;00:00:00;11-10-2025;00:00:00;="541448820043562075";1SAG1100625708;Digitale meter;Afname Nacht;0,764;kWh;Uitgelezen;Zonnepanelen
10-10-2025;00:00:00;11-10-2025;00:00:00;="541448820043562075";1SAG1100625708;Digitale meter;Injectie Nacht;0,000;kWh;Uitgelezen;Zonnepanelen
11-10-2025;00:00:00;12-10-2025;00:00:00;="541448820043562075";1SAG1100625708;Digitale meter;Afname Dag;0,000;kWh;Uitgelezen;Zonnepanelen
11-10-2025;00:00:00;12-10-2025;00:00:00;="541448820043562075";1SAG1100625708;Digitale meter;Injectie Dag;0,000;kWh;Uitgelezen;Zonnepanelen
11-10-2025;00:00:00;12-10-2025;00:00:00;="541448820043562075";1SAG1100625708;Digitale meter;Afname Nacht;2,309;kWh;Uitgelezen;Zonnepanelen
11-10-2025;00:00:00;12-10-2025;00:00:00;="541448820043562075";1SAG1100625708;Digitale meter;Injectie Nacht;0,283;kWh;Uitgelezen;Zonnepanelen
12-10-2025;00:00:00;13-10-2025;00:00:00;="541448820043562075";1SAG1100625708;Digitale meter;Afname Dag;0,000;kWh;Uitgelezen;Zonnepanelen
12-10-2025;00:00:00;13-10-2025;00:00:00;="541448820043562075";1SAG1100625708;Digitale meter;Injectie Dag;0,000;kWh;Uitgelezen;Zonnepanelen
12-10-2025;00:00:00;13-10-2025;00:00:00;="541448820043562075";1SAG1100625708;Digitale meter;Afname Nacht;0,869;kWh;Uitgelezen;Zonnepanelen
12-10-2025;00:00:00;13-10-2025;00:00:00;="541448820043562075";1SAG1100625708;Digitale meter;Injectie Nacht;2,707;kWh;Uitgelezen;Zonnepanelen
13-10-2025;00:00:00;14-10-2025;00:00:00;="541448820043562075";1SAG1100625708;Digitale meter;Afname Dag;2,365;kWh;Uitgelezen;Zonnepanelen
13-10-2025;00:00:00;14-10-2025;00:00:00;="541448820043562075";1SAG1100625708;Digitale meter;Injectie Dag;0,000;kWh;Uitgelezen;Zonnepanelen
13-10-2025;00:00:00;14-10-2025;00:00:00;="541448820043562075";1SAG1100625708;Digitale meter;Afname Nacht;0,603;kWh;Uitgelezen;Zonnepanelen
13-10-2025;00:00:00;14-10-2025;00:00:00;="541448820043562075";1SAG1100625708;Digitale meter;Injectie Nacht;0,000;kWh;Uitgelezen;Zonnepanelen
14-10-2025;00:00:00;15-10-2025;00:00:00;="541448820043562075";1SAG1100625708;Digitale meter;Afname Dag;1,638;kWh;Uitgelezen;Zonnepanelen
14-10-2025;00:00:00;15-10-2025;00:00:00;="541448820043562075";1SAG1100625708;Digitale meter;Injectie Dag;0,795;kWh;Uitgelezen;Zonnepanelen
14-10-2025;00:00:00;15-10-2025;00:00:00;="541448820043562075";1SAG1100625708;Digitale meter;Afname Nacht;0,388;kWh;Uitgelezen;Zonnepanelen
14-10-2025;00:00:00;15-10-2025;00:00:00;="541448820043562075";1SAG1100625708;Digitale meter;Injectie Nacht;0,000;kWh;Uitgelezen;Zonnepanelen
15-10-2025;00:00:00;16-10-2025;00:00:00;="541448820043562075";1SAG1100625708;Digitale meter;Afname Dag;1,057;kWh;Uitgelezen;Zonnepanelen
15-10-2025;00:00:00;16-10-2025;00:00:00;="541448820043562075";1SAG1100625708;Digitale meter;Injectie Dag;0,345;kWh;Uitgelezen;Zonnepanelen
15-10-2025;00:00:00;16-10-2025;00:00:00;="541448820043562075";1SAG1100625708;Digitale meter;Afname Nacht;1,237;kWh;Uitgelezen;Zonnepanelen
15-10-2025;00:00:00;16-10-2025;00:00:00;="541448820043562075";1SAG1100625708;Digitale meter;Injectie Nacht;0,000;kWh;Uitgelezen;Zonnepanelen
16-10-2025;00:00:00;17-10-2025;00:00:00;="541448820043562075";1SAG1100625708;Digitale meter;Afname Dag;1,010;kWh;Uitgelezen;Zonnepanelen
16-10-2025;00:00:00;17-10-2025;00:00:00;="541448820043562075";1SAG1100625708;Digitale meter;Injectie Dag;0,831;kWh;Uitgelezen;Zonnepanelen
16-10-2025;00:00:00;17-10-2025;00:00:00;="541448820043562075";1SAG1100625708;Digitale meter;Afname Nacht;1,825;kWh;Uitgelezen;Zonnepanelen
16-10-2025;00:00:00;17-10-2025;00:00:00;="541448820043562075";1SAG1100625708;Digitale meter;Injectie Nacht;0,000;kWh;Uitgelezen;Zonnepanelen
17-10-2025;00:00:00;18-10-2025;00:00:00;="541448820043562075";1SAG1100625708;Digitale meter;Afname Dag;1,365;kWh;Uitgelezen;Zonnepanelen
17-10-2025;00:00:00;18-10-2025;00:00:00;="541448820043562075";1SAG1100625708;Digitale meter;Injectie Dag;0,272;kWh;Uitgelezen;Zonnepanelen
17-10-2025;00:00:00;18-10-2025;00:00:00;="541448820043562075";1SAG1100625708;Digitale meter;Afname Nacht;0,371;kWh;Uitgelezen;Zonnepanelen
17-10-2025;00:00:00;18-10-2025;00:00:00;="541448820043562075";1SAG1100625708;Digitale meter;Injectie Nacht;0,000;kWh;Uitgelezen;Zonnepanelen
18-10-2025;00:00:00;19-10-2025;00:00:00;="541448820043562075";1SAG1100625708;Digitale meter;Afname Dag;0,000;kWh;Uitgelezen;Zonnepanelen
18-10-2025;00:00:00;19-10-2025;00:00:00;="541448820043562075";1SAG1100625708;Digitale meter;Injectie Dag;0,000;kWh;Uitgelezen;Zonnepanelen
18-10-2025;00:00:00;19-10-2025;00:00:00;="541448820043562075";1SAG1100625708;Digitale meter;Afname Nacht;3,081;kWh;Uitgelezen;Zonnepanelen
18-10-2025;00:00:00;19-10-2025;00:00:00;="541448820043562075";1SAG1100625708;Digitale meter;Injectie Nacht;0,971;kWh;Uitgelezen;Zonnepanelen
19-10-2025;00:00:00;20-10-2025;00:00:00;="541448820043562075";1SAG1100625708;Digitale meter;Afname Dag;0,000;kWh;Uitgelezen;Zonnepanelen
19-10-2025;00:00:00;20-10-2025;00:00:00;="541448820043562075";1SAG1100625708;Digitale meter;Injectie Dag;0,000;kWh;Uitgelezen;Zonnepanelen
19-10-2025;00:00:00;20-10-2025;00:00:00;="541448820043562075";1SAG1100625708;Digitale meter;Afname Nacht;4,192;kWh;Uitgelezen;Zonnepanelen
19-10-2025;00:00:00;20-10-2025;00:00:00;="541448820043562075";1SAG1100625708;Digitale meter;Injectie Nacht;2,065;kWh;Uitgelezen;Zonnepanelen
20-10-2025;00:00:00;21-10-2025;00:00:00;="541448820043562075";1SAG1100625708;Digitale meter;Afname Dag;3,046;kWh;Uitgelezen;Zonnepanelen
20-10-2025;00:00:00;21-10-2025;00:00:00;="541448820043562075";1SAG1100625708;Digitale meter;Injectie Dag;0,947;kWh;Uitgelezen;Zonnepanelen
20-10-2025;00:00:00;21-10-2025;00:00:00;="541448820043562075";1SAG1100625708;Digitale meter;Afname Nacht;2,255;kWh;Uitgelezen;Zonnepanelen
20-10-2025;00:00:00;21-10-2025;00:00:00;="541448820043562075";1SAG1100625708;Digitale meter;Injectie Nacht;0,000;kWh;Uitgelezen;Zonnepanelen
21-10-2025;00:00:00;22-10-2025;00:00:00;="541448820043562075";1SAG1100625708;Digitale meter;Afname Dag;2,303;kWh;Uitgelezen;Zonnepanelen
21-10-2025;00:00:00;22-10-2025;00:00:00;="541448820043562075";1SAG1100625708;Digitale meter;Injectie Dag;1,209;kWh;Uitgelezen;Zonnepanelen
21-10-2025;00:00:00;22-10-2025;00:00:00;="541448820043562075";1SAG1100625708;Digitale meter;Afname Nacht;0,469;kWh;Uitgelezen;Zonnepanelen
21-10-2025;00:00:00;22-10-2025;00:00:00;="541448820043562075";1SAG1100625708;Digitale meter;Injectie Nacht;0,000;kWh;Uitgelezen;Zonnepanelen
22-10-2025;00:00:00;23-10-2025;00:00:00;="541448820043562075";1SAG1100625708;Digitale meter;Afname Dag;1,226;kWh;Uitgelezen;Zonnepanelen
22-10-2025;00:00:00;23-10-2025;00:00:00;="541448820043562075";1SAG1100625708;Digitale meter;Injectie Dag;1,974;kWh;Uitgelezen;Zonnepanelen
22-10-2025;00:00:00;23-10-2025;00:00:00;="541448820043562075";1SAG1100625708;Digitale meter;Afname Nacht;0,629;kWh;Uitgelezen;Zonnepanelen
22-10-2025;00:00:00;23-10-2025;00:00:00;="541448820043562075";1SAG1100625708;Digitale meter;Injectie Nacht;0,000;kWh;Uitgelezen;Zonnepanelen
23-10-2025;00:00:00;24-10-2025;00:00:00;="541448820043562075";1SAG1100625708;Digitale meter;Afname Dag;0,648;kWh;Uitgelezen;Zonnepanelen
23-10-2025;00:00:00;24-10-2025;00:00:00;="541448820043562075";1SAG1100625708;Digitale meter;Injectie Dag;0,252;kWh;Uitgelezen;Zonnepanelen
23-10-2025;00:00:00;24-10-2025;00:00:00;="541448820043562075";1SAG1100625708;Digitale meter;Afname Nacht;0,379;kWh;Uitgelezen;Zonnepanelen
23-10-2025;00:00:00;24-10-2025;00:00:00;="541448820043562075";1SAG1100625708;Digitale meter;Injectie Nacht;0,000;kWh;Uitgelezen;Zonnepanelen
24-10-2025;00:00:00;25-10-2025;00:00:00;="541448820043562075";1SAG1100625708;Digitale meter;Afname Dag;1,497;kWh;Uitgelezen;Zonnepanelen
24-10-2025;00:00:00;25-10-2025;00:00:00;="541448820043562075";1SAG1100625708;Digitale meter;Injectie Dag;6,196;kWh;Uitgelezen;Zonnepanelen
24-10-2025;00:00:00;25-10-2025;00:00:00;="541448820043562075";1SAG1100625708;Digitale meter;Afname Nacht;0,732;kWh;Uitgelezen;Zonnepanelen
24-10-2025;00:00:00;25-10-2025;00:00:00;="541448820043562075";1SAG1100625708;Digitale meter;Injectie Nacht;0,000;kWh;Uitgelezen;Zonnepanelen
25-10-2025;00:00:00;26-10-2025;00:00:00;="541448820043562075";1SAG1100625708;Digitale meter;Afname Dag;0,000;kWh;Uitgelezen;Zonnepanelen
25-10-2025;00:00:00;26-10-2025;00:00:00;="541448820043562075";1SAG1100625708;Digitale meter;Injectie Dag;0,000;kWh;Uitgelezen;Zonnepanelen
25-10-2025;00:00:00;26-10-2025;00:00:00;="541448820043562075";1SAG1100625708;Digitale meter;Afname Nacht;5,684;kWh;Uitgelezen;Zonnepanelen
25-10-2025;00:00:00;26-10-2025;00:00:00;="541448820043562075";1SAG1100625708;Digitale meter;Injectie Nacht;0,740;kWh;Uitgelezen;Zonnepanelen
26-10-2025;00:00:00;26-10-2025;23:00:00;="541448820043562075";1SAG1100625708;Digitale meter;Afname Dag;0,000;kWh;Uitgelezen;Zonnepanelen
26-10-2025;00:00:00;26-10-2025;23:00:00;="541448820043562075";1SAG1100625708;Digitale meter;Injectie Dag;0,000;kWh;Uitgelezen;Zonnepanelen
26-10-2025;00:00:00;26-10-2025;23:00:00;="541448820043562075";1SAG1100625708;Digitale meter;Afname Nacht;4,489;kWh;Uitgelezen;Zonnepanelen
26-10-2025;00:00:00;26-10-2025;23:00:00;="541448820043562075";1SAG1100625708;Digitale meter;Injectie Nacht;4,833;kWh;Uitgelezen;Zonnepanelen
27-10-2025;00:00:00;28-10-2025;00:00:00;="541448820043562075";1SAG1100625708;Digitale meter;Afname Dag;2,172;kWh;Uitgelezen;Zonnepanelen
27-10-2025;00:00:00;28-10-2025;00:00:00;="541448820043562075";1SAG1100625708;Digitale meter;Injectie Dag;1,408;kWh;Uitgelezen;Zonnepanelen
27-10-2025;00:00:00;28-10-2025;00:00:00;="541448820043562075";1SAG1100625708;Digitale meter;Afname Nacht;0,611;kWh;Uitgelezen;Zonnepanelen
27-10-2025;00:00:00;28-10-2025;00:00:00;="541448820043562075";1SAG1100625708;Digitale meter;Injectie Nacht;0,000;kWh;Uitgelezen;Zonnepanelen
28-10-2025;00:00:00;29-10-2025;00:00:00;="541448820043562075";1SAG1100625708;Digitale meter;Afname Dag;2,953;kWh;Uitgelezen;Zonnepanelen
28-10-2025;00:00:00;29-10-2025;00:00:00;="541448820043562075";1SAG1100625708;Digitale meter;Injectie Dag;2,359;kWh;Uitgelezen;Zonnepanelen
28-10-2025;00:00:00;29-10-2025;00:00:00;="541448820043562075";1SAG1100625708;Digitale meter;Afname Nacht;0,989;kWh;Uitgelezen;Zonnepanelen
28-10-2025;00:00:00;29-10-2025;00:00:00;="541448820043562075";1SAG1100625708;Digitale meter;Injectie Nacht;0,000;kWh;Uitgelezen;Zonnepanelen
29-10-2025;00:00:00;30-10-2025;00:00:00;="541448820043562075";1SAG1100625708;Digitale meter;Afname Dag;2,787;kWh;Uitgelezen;Zonnepanelen
29-10-2025;00:00:00;30-10-2025;00:00:00;="541448820043562075";1SAG1100625708;Digitale meter;Injectie Dag;0,051;kWh;Uitgelezen;Zonnepanelen
29-10-2025;00:00:00;30-10-2025;00:00:00;="541448820043562075";1SAG1100625708;Digitale meter;Afname Nacht;1,147;kWh;Uitgelezen;Zonnepanelen
29-10-2025;00:00:00;30-10-2025;00:00:00;="541448820043562075";1SAG1100625708;Digitale meter;Injectie Nacht;0,000;kWh;Uitgelezen;Zonnepanelen
30-10-2025;00:00:00;31-10-2025;00:00:00;="541448820043562075";1SAG1100625708;Digitale meter;Afname Dag;0,524;kWh;Uitgelezen;Zonnepanelen
30-10-2025;00:00:00;31-10-2025;00:00:00;="541448820043562075";1SAG1100625708;Digitale meter;Injectie Dag;7,362;kWh;Uitgelezen;Zonnepanelen
30-10-2025;00:00:00;31-10-2025;00:00:00;="541448820043562075";1SAG1100625708;Digitale meter;Afname Nacht;0,510;kWh;Uitgelezen;Zonnepanelen
30-10-2025;00:00:00;31-10-2025;00:00:00;="541448820043562075";1SAG1100625708;Digitale meter;Injectie Nacht;0,000;kWh;Uitgelezen;Zonnepanelen
31-10-2025;00:00:00;01-11-2025;00:00:00;="541448820043562075";1SAG1100625708;Digitale meter;Afname Dag;3,065;kWh;Uitgelezen;Zonnepanelen
31-10-2025;00:00:00;01-11-2025;00:00:00;="541448820043562075";1SAG1100625708;Digitale meter;Injectie Dag;1,443;kWh;Uitgelezen;Zonnepanelen
31-10-2025;00:00:00;01-11-2025;00:00:00;="541448820043562075";1SAG1100625708;Digitale meter;Afname Nacht;0,428;kWh;Uitgelezen;Zonnepanelen
31-10-2025;00:00:00;01-11-2025;00:00:00;="541448820043562075";1SAG1100625708;Digitale meter;Injectie Nacht;0,000;kWh;Uitgelezen;Zonnepanelen
01-11-2025;00:00:00;02-11-2025;00:00:00;="541448820043562075";1SAG1100625708;Digitale meter;Afname Dag;0,000;kWh;Uitgelezen;Zonnepanelen
01-11-2025;00:00:00;02-11-2025;00:00:00;="541448820043562075";1SAG1100625708;Digitale meter;Injectie Dag;0,000;kWh;Uitgelezen;Zonnepanelen
01-11-2025;00:00:00;02-11-2025;00:00:00;="541448820043562075";1SAG1100625708;Digitale meter;Afname Nacht;2,880;kWh;Uitgelezen;Zonnepanelen
01-11-2025;00:00:00;02-11-2025;00:00:00;="541448820043562075";1SAG1100625708;Digitale meter;Injectie Nacht;0,334;kWh;Uitgelezen;Zonnepanelen
02-11-2025;00:00:00;03-11-2025;00:00:00;="541448820043562075";1SAG1100625708;Digitale meter;Afname Dag;0,000;kWh;Uitgelezen;Zonnepanelen
02-11-2025;00:00:00;03-11-2025;00:00:00;="541448820043562075";1SAG1100625708;Digitale meter;Injectie Dag;0,000;kWh;Uitgelezen;Zonnepanelen
02-11-2025;00:00:00;03-11-2025;00:00:00;="541448820043562075";1SAG1100625708;Digitale meter;Afname Nacht;4,441;kWh;Uitgelezen;Zonnepanelen
02-11-2025;00:00:00;03-11-2025;00:00:00;="541448820043562075";1SAG1100625708;Digitale meter;Injectie Nacht;3,252;kWh;Uitgelezen;Zonnepanelen
03-11-2025;00:00:00;04-11-2025;00:00:00;="541448820043562075";1SAG1100625708;Digitale meter;Afname Dag;4,211;kWh;Uitgelezen;Zonnepanelen
03-11-2025;00:00:00;04-11-2025;00:00:00;="541448820043562075";1SAG1100625708;Digitale meter;Injectie Dag;0,281;kWh;Uitgelezen;Zonnepanelen
03-11-2025;00:00:00;04-11-2025;00:00:00;="541448820043562075";1SAG1100625708;Digitale meter;Afname Nacht;1,296;kWh;Uitgelezen;Zonnepanelen
03-11-2025;00:00:00;04-11-2025;00:00:00;="541448820043562075";1SAG1100625708;Digitale meter;Injectie Nacht;0,000;kWh;Uitgelezen;Zonnepanelen
04-11-2025;00:00:00;05-11-2025;00:00:00;="541448820043562075";1SAG1100625708;Digitale meter;Afname Dag;0,827;kWh;Uitgelezen;Zonnepanelen
04-11-2025;00:00:00;05-11-2025;00:00:00;="541448820043562075";1SAG1100625708;Digitale meter;Injectie Dag;5,035;kWh;Uitgelezen;Zonnepanelen
04-11-2025;00:00:00;05-11-2025;00:00:00;="541448820043562075";1SAG1100625708;Digitale meter;Afname Nacht;0,509;kWh;Uitgelezen;Zonnepanelen
04-11-2025;00:00:00;05-11-2025;00:00:00;="541448820043562075";1SAG1100625708;Digitale meter;Injectie Nacht;0,000;kWh;Uitgelezen;Zonnepanelen
05-11-2025;00:00:00;06-11-2025;00:00:00;="541448820043562075";1SAG1100625708;Digitale meter;Afname Dag;2,655;kWh;Uitgelezen;Zonnepanelen
05-11-2025;00:00:00;06-11-2025;00:00:00;="541448820043562075";1SAG1100625708;Digitale meter;Injectie Dag;2,981;kWh;Uitgelezen;Zonnepanelen
05-11-2025;00:00:00;06-11-2025;00:00:00;="541448820043562075";1SAG1100625708;Digitale meter;Afname Nacht;0,568;kWh;Uitgelezen;Zonnepanelen
05-11-2025;00:00:00;06-11-2025;00:00:00;="541448820043562075";1SAG1100625708;Digitale meter;Injectie Nacht;0,000;kWh;Uitgelezen;Zonnepanelen
06-11-2025;00:00:00;07-11-2025;00:00:00;="541448820043562075";1SAG1100625708;Digitale meter;Afname Dag;0,884;kWh;Uitgelezen;Zonnepanelen
06-11-2025;00:00:00;07-11-2025;00:00:00;="541448820043562075";1SAG1100625708;Digitale meter;Injectie Dag;3,193;kWh;Uitgelezen;Zonnepanelen
06-11-2025;00:00:00;07-11-2025;00:00:00;="541448820043562075";1SAG1100625708;Digitale meter;Afname Nacht;0,621;kWh;Uitgelezen;Zonnepanelen
06-11-2025;00:00:00;07-11-2025;00:00:00;="541448820043562075";1SAG1100625708;Digitale meter;Injectie Nacht;0,000;kWh;Uitgelezen;Zonnepanelen
07-11-2025;00:00:00;08-11-2025;00:00:00;="541448820043562075";1SAG1100625708;Digitale meter;Afname Dag;3,866;kWh;Uitgelezen;Zonnepanelen
07-11-2025;00:00:00;08-11-2025;00:00:00;="541448820043562075";1SAG1100625708;Digitale meter;Injectie Dag;6,156;kWh;Uitgelezen;Zonnepanelen
07-11-2025;00:00:00;08-11-2025;00:00:00;="541448820043562075";1SAG1100625708;Digitale meter;Afname Nacht;0,704;kWh;Uitgelezen;Zonnepanelen
07-11-2025;00:00:00;08-11-2025;00:00:00;="541448820043562075";1SAG1100625708;Digitale meter;Injectie Nacht;0,000;kWh;Uitgelezen;Zonnepanelen
08-11-2025;00:00:00;09-11-2025;00:00:00;="541448820043562075";1SAG1100625708;Digitale meter;Afname Dag;0,000;kWh;Uitgelezen;Zonnepanelen
08-11-2025;00:00:00;09-11-2025;00:00:00;="541448820043562075";1SAG1100625708;Digitale meter;Injectie Dag;0,000;kWh;Uitgelezen;Zonnepanelen
08-11-2025;00:00:00;09-11-2025;00:00:00;="541448820043562075";1SAG1100625708;Digitale meter;Afname Nacht;3,014;kWh;Uitgelezen;Zonnepanelen
08-11-2025;00:00:00;09-11-2025;00:00:00;="541448820043562075";1SAG1100625708;Digitale meter;Injectie Nacht;1,760;kWh;Uitgelezen;Zonnepanelen
09-11-2025;00:00:00;10-11-2025;00:00:00;="541448820043562075";1SAG1100625708;Digitale meter;Afname Dag;0,000;kWh;Uitgelezen;Zonnepanelen
09-11-2025;00:00:00;10-11-2025;00:00:00;="541448820043562075";1SAG1100625708;Digitale meter;Injectie Dag;0,000;kWh;Uitgelezen;Zonnepanelen
09-11-2025;00:00:00;10-11-2025;00:00:00;="541448820043562075";1SAG1100625708;Digitale meter;Afname Nacht;4,734;kWh;Uitgelezen;Zonnepanelen
09-11-2025;00:00:00;10-11-2025;00:00:00;="541448820043562075";1SAG1100625708;Digitale meter;Injectie Nacht;4,996;kWh;Uitgelezen;Zonnepanelen
10-11-2025;00:00:00;11-11-2025;00:00:00;="541448820043562075";1SAG1100625708;Digitale meter;Afname Dag;1,603;kWh;Uitgelezen;Zonnepanelen
10-11-2025;00:00:00;11-11-2025;00:00:00;="541448820043562075";1SAG1100625708;Digitale meter;Injectie Dag;0,831;kWh;Uitgelezen;Zonnepanelen
10-11-2025;00:00:00;11-11-2025;00:00:00;="541448820043562075";1SAG1100625708;Digitale meter;Afname Nacht;0,325;kWh;Uitgelezen;Zonnepanelen
10-11-2025;00:00:00;11-11-2025;00:00:00;="541448820043562075";1SAG1100625708;Digitale meter;Injectie Nacht;0,000;kWh;Uitgelezen;Zonnepanelen
11-11-2025;00:00:00;12-11-2025;00:00:00;="541448820043562075";1SAG1100625708;Digitale meter;Afname Dag;2,103;kWh;Uitgelezen;Zonnepanelen
11-11-2025;00:00:00;12-11-2025;00:00:00;="541448820043562075";1SAG1100625708;Digitale meter;Injectie Dag;0,364;kWh;Uitgelezen;Zonnepanelen
11-11-2025;00:00:00;12-11-2025;00:00:00;="541448820043562075";1SAG1100625708;Digitale meter;Afname Nacht;0,576;kWh;Uitgelezen;Zonnepanelen
11-11-2025;00:00:00;12-11-2025;00:00:00;="541448820043562075";1SAG1100625708;Digitale meter;Injectie Nacht;0,000;kWh;Uitgelezen;Zonnepanelen
12-11-2025;00:00:00;13-11-2025;00:00:00;="541448820043562075";1SAG1100625708;Digitale meter;Afname Dag;1,965;kWh;Uitgelezen;Zonnepanelen
12-11-2025;00:00:00;13-11-2025;00:00:00;="541448820043562075";1SAG1100625708;Digitale meter;Injectie Dag;4,893;kWh;Uitgelezen;Zonnepanelen
12-11-2025;00:00:00;13-11-2025;00:00:00;="541448820043562075";1SAG1100625708;Digitale meter;Afname Nacht;0,640;kWh;Uitgelezen;Zonnepanelen
12-11-2025;00:00:00;13-11-2025;00:00:00;="541448820043562075";1SAG1100625708;Digitale meter;Injectie Nacht;0,000;kWh;Uitgelezen;Zonnepanelen
13-11-2025;00:00:00;14-11-2025;00:00:00;="541448820043562075";1SAG1100625708;Digitale meter;Afname Dag;2,032;kWh;Uitgelezen;Zonnepanelen
13-11-2025;00:00:00;14-11-2025;00:00:00;="541448820043562075";1SAG1100625708;Digitale meter;Injectie Dag;0,469;kWh;Uitgelezen;Zonnepanelen
13-11-2025;00:00:00;14-11-2025;00:00:00;="541448820043562075";1SAG1100625708;Digitale meter;Afname Nacht;0,769;kWh;Uitgelezen;Zonnepanelen
13-11-2025;00:00:00;14-11-2025;00:00:00;="541448820043562075";1SAG1100625708;Digitale meter;Injectie Nacht;0,000;kWh;Uitgelezen;Zonnepanelen
14-11-2025;00:00:00;15-11-2025;00:00:00;="541448820043562075";1SAG1100625708;Digitale meter;Afname Dag;3,920;kWh;Uitgelezen;Zonnepanelen
14-11-2025;00:00:00;15-11-2025;00:00:00;="541448820043562075";1SAG1100625708;Digitale meter;Injectie Dag;0,000;kWh;Uitgelezen;Zonnepanelen
14-11-2025;00:00:00;15-11-2025;00:00:00;="541448820043562075";1SAG1100625708;Digitale meter;Afname Nacht;1,213;kWh;Uitgelezen;Zonnepanelen
14-11-2025;00:00:00;15-11-2025;00:00:00;="541448820043562075";1SAG1100625708;Digitale meter;Injectie Nacht;0,000;kWh;Uitgelezen;Zonnepanelen
15-11-2025;00:00:00;16-11-2025;00:00:00;="541448820043562075";1SAG1100625708;Digitale meter;Afname Dag;0,000;kWh;Uitgelezen;Zonnepanelen
15-11-2025;00:00:00;16-11-2025;00:00:00;="541448820043562075";1SAG1100625708;Digitale meter;Injectie Dag;0,000;kWh;Uitgelezen;Zonnepanelen
15-11-2025;00:00:00;16-11-2025;00:00:00;="541448820043562075";1SAG1100625708;Digitale meter;Afname Nacht;8,400;kWh;Uitgelezen;Zonnepanelen
15-11-2025;00:00:00;16-11-2025;00:00:00;="541448820043562075";1SAG1100625708;Digitale meter;Injectie Nacht;0,495;kWh;Uitgelezen;Zonnepanelen
16-11-2025;00:00:00;17-11-2025;00:00:00;="541448820043562075";1SAG1100625708;Digitale meter;Afname Dag;0,000;kWh;Uitgelezen;Zonnepanelen
16-11-2025;00:00:00;17-11-2025;00:00:00;="541448820043562075";1SAG1100625708;Digitale meter;Injectie Dag;0,000;kWh;Uitgelezen;Zonnepanelen
16-11-2025;00:00:00;17-11-2025;00:00:00;="541448820043562075";1SAG1100625708;Digitale meter;Afname Nacht;6,383;kWh;Uitgelezen;Zonnepanelen
16-11-2025;00:00:00;17-11-2025;00:00:00;="541448820043562075";1SAG1100625708;Digitale meter;Injectie Nacht;0,012;kWh;Uitgelezen;Zonnepanelen
17-11-2025;00:00:00;18-11-2025;00:00:00;="541448820043562075";1SAG1100625708;Digitale meter;Afname Dag;0,462;kWh;Uitgelezen;Zonnepanelen
17-11-2025;00:00:00;18-11-2025;00:00:00;="541448820043562075";1SAG1100625708;Digitale meter;Injectie Dag;3,344;kWh;Uitgelezen;Zonnepanelen
17-11-2025;00:00:00;18-11-2025;00:00:00;="541448820043562075";1SAG1100625708;Digitale meter;Afname Nacht;0,305;kWh;Uitgelezen;Zonnepanelen
17-11-2025;00:00:00;18-11-2025;00:00:00;="541448820043562075";1SAG1100625708;Digitale meter;Injectie Nacht;0,000;kWh;Uitgelezen;Zonnepanelen
18-11-2025;00:00:00;19-11-2025;00:00:00;="541448820043562075";1SAG1100625708;Digitale meter;Afname Dag;0,414;kWh;Uitgelezen;Zonnepanelen
18-11-2025;00:00:00;19-11-2025;00:00:00;="541448820043562075";1SAG1100625708;Digitale meter;Injectie Dag;1,383;kWh;Uitgelezen;Zonnepanelen
18-11-2025;00:00:00;19-11-2025;00:00:00;="541448820043562075";1SAG1100625708;Digitale meter;Afname Nacht;0,302;kWh;Uitgelezen;Zonnepanelen
18-11-2025;00:00:00;19-11-2025;00:00:00;="541448820043562075";1SAG1100625708;Digitale meter;Injectie Nacht;0,000;kWh;Uitgelezen;Zonnepanelen
19-11-2025;00:00:00;20-11-2025;00:00:00;="541448820043562075";1SAG1100625708;Digitale meter;Afname Dag;0,727;kWh;Uitgelezen;Zonnepanelen
19-11-2025;00:00:00;20-11-2025;00:00:00;="541448820043562075";1SAG1100625708;Digitale meter;Injectie Dag;0,719;kWh;Uitgelezen;Zonnepanelen
19-11-2025;00:00:00;20-11-2025;00:00:00;="541448820043562075";1SAG1100625708;Digitale meter;Afname Nacht;0,755;kWh;Uitgelezen;Zonnepanelen
19-11-2025;00:00:00;20-11-2025;00:00:00;="541448820043562075";1SAG1100625708;Digitale meter;Injectie Nacht;0,000;kWh;Uitgelezen;Zonnepanelen
20-11-2025;00:00:00;21-11-2025;00:00:00;="541448820043562075";1SAG1100625708;Digitale meter;Afname Dag;2,930;kWh;Uitgelezen;Zonnepanelen
20-11-2025;00:00:00;21-11-2025;00:00:00;="541448820043562075";1SAG1100625708;Digitale meter;Injectie Dag;0,292;kWh;Uitgelezen;Zonnepanelen
20-11-2025;00:00:00;21-11-2025;00:00:00;="541448820043562075";1SAG1100625708;Digitale meter;Afname Nacht;1,062;kWh;Uitgelezen;Zonnepanelen
20-11-2025;00:00:00;21-11-2025;00:00:00;="541448820043562075";1SAG1100625708;Digitale meter;Injectie Nacht;0,000;kWh;Uitgelezen;Zonnepanelen
21-11-2025;00:00:00;22-11-2025;00:00:00;="541448820043562075";1SAG1100625708;Digitale meter;Afname Dag;1,575;kWh;Uitgelezen;Zonnepanelen
21-11-2025;00:00:00;22-11-2025;00:00:00;="541448820043562075";1SAG1100625708;Digitale meter;Injectie Dag;1,429;kWh;Uitgelezen;Zonnepanelen
21-11-2025;00:00:00;22-11-2025;00:00:00;="541448820043562075";1SAG1100625708;Digitale meter;Afname Nacht;0,625;kWh;Uitgelezen;Zonnepanelen
21-11-2025;00:00:00;22-11-2025;00:00:00;="541448820043562075";1SAG1100625708;Digitale meter;Injectie Nacht;0,000;kWh;Uitgelezen;Zonnepanelen
22-11-2025;00:00:00;23-11-2025;00:00:00;="541448820043562075";1SAG1100625708;Digitale meter;Afname Dag;0,000;kWh;Uitgelezen;Zonnepanelen
22-11-2025;00:00:00;23-11-2025;00:00:00;="541448820043562075";1SAG1100625708;Digitale meter;Injectie Dag;0,000;kWh;Uitgelezen;Zonnepanelen
22-11-2025;00:00:00;23-11-2025;00:00:00;="541448820043562075";1SAG1100625708;Digitale meter;Afname Nacht;4,863;kWh;Uitgelezen;Zonnepanelen
22-11-2025;00:00:00;23-11-2025;00:00:00;="541448820043562075";1SAG1100625708;Digitale meter;Injectie Nacht;2,600;kWh;Uitgelezen;Zonnepanelen
23-11-2025;00:00:00;24-11-2025;00:00:00;="541448820043562075";1SAG1100625708;Digitale meter;Afname Dag;0,000;kWh;Uitgelezen;Zonnepanelen
23-11-2025;00:00:00;24-11-2025;00:00:00;="541448820043562075";1SAG1100625708;Digitale meter;Injectie Dag;0,000;kWh;Uitgelezen;Zonnepanelen
23-11-2025;00:00:00;24-11-2025;00:00:00;="541448820043562075";1SAG1100625708;Digitale meter;Afname Nacht;9,090;kWh;Uitgelezen;Zonnepanelen
23-11-2025;00:00:00;24-11-2025;00:00:00;="541448820043562075";1SAG1100625708;Digitale meter;Injectie Nacht;0,000;kWh;Uitgelezen;Zonnepanelen
24-11-2025;00:00:00;25-11-2025;00:00:00;="541448820043562075";1SAG1100625708;Digitale meter;Afname Dag;2,658;kWh;Uitgelezen;Zonnepanelen
24-11-2025;00:00:00;25-11-2025;00:00:00;="541448820043562075";1SAG1100625708;Digitale meter;Injectie Dag;1,132;kWh;Uitgelezen;Zonnepanelen
24-11-2025;00:00:00;25-11-2025;00:00:00;="541448820043562075";1SAG1100625708;Digitale meter;Afname Nacht;0,598;kWh;Uitgelezen;Zonnepanelen
24-11-2025;00:00:00;25-11-2025;00:00:00;="541448820043562075";1SAG1100625708;Digitale meter;Injectie Nacht;0,000;kWh;Uitgelezen;Zonnepanelen
25-11-2025;00:00:00;26-11-2025;00:00:00;="541448820043562075";1SAG1100625708;Digitale meter;Afname Dag;4,624;kWh;Uitgelezen;Zonnepanelen
25-11-2025;00:00:00;26-11-2025;00:00:00;="541448820043562075";1SAG1100625708;Digitale meter;Injectie Dag;0,546;kWh;Uitgelezen;Zonnepanelen
25-11-2025;00:00:00;26-11-2025;00:00:00;="541448820043562075";1SAG1100625708;Digitale meter;Afname Nacht;0,629;kWh;Uitgelezen;Zonnepanelen
25-11-2025;00:00:00;26-11-2025;00:00:00;="541448820043562075";1SAG1100625708;Digitale meter;Injectie Nacht;0,000;kWh;Uitgelezen;Zonnepanelen
26-11-2025;00:00:00;27-11-2025;00:00:00;="541448820043562075";1SAG1100625708;Digitale meter;Afname Dag;3,336;kWh;Uitgelezen;Zonnepanelen
26-11-2025;00:00:00;27-11-2025;00:00:00;="541448820043562075";1SAG1100625708;Digitale meter;Injectie Dag;1,414;kWh;Uitgelezen;Zonnepanelen
26-11-2025;00:00:00;27-11-2025;00:00:00;="541448820043562075";1SAG1100625708;Digitale meter;Afname Nacht;0,885;kWh;Uitgelezen;Zonnepanelen
26-11-2025;00:00:00;27-11-2025;00:00:00;="541448820043562075";1SAG1100625708;Digitale meter;Injectie Nacht;0,000;kWh;Uitgelezen;Zonnepanelen
27-11-2025;00:00:00;28-11-2025;00:00:00;="541448820043562075";1SAG1100625708;Digitale meter;Afname Dag;0,910;kWh;Uitgelezen;Zonnepanelen
27-11-2025;00:00:00;28-11-2025;00:00:00;="541448820043562075";1SAG1100625708;Digitale meter;Injectie Dag;0,014;kWh;Uitgelezen;Zonnepanelen
27-11-2025;00:00:00;28-11-2025;00:00:00;="541448820043562075";1SAG1100625708;Digitale meter;Afname Nacht;1,205;kWh;Uitgelezen;Zonnepanelen
27-11-2025;00:00:00;28-11-2025;00:00:00;="541448820043562075";1SAG1100625708;Digitale meter;Injectie Nacht;0,000;kWh;Uitgelezen;Zonnepanelen
28-11-2025;00:00:00;29-11-2025;00:00:00;="541448820043562075";1SAG1100625708;Digitale meter;Afname Dag;3,138;kWh;Uitgelezen;Zonnepanelen
28-11-2025;00:00:00;29-11-2025;00:00:00;="541448820043562075";1SAG1100625708;Digitale meter;Injectie Dag;0,008;kWh;Uitgelezen;Zonnepanelen
28-11-2025;00:00:00;29-11-2025;00:00:00;="541448820043562075";1SAG1100625708;Digitale meter;Afname Nacht;0,380;kWh;Uitgelezen;Zonnepanelen
28-11-2025;00:00:00;29-11-2025;00:00:00;="541448820043562075";1SAG1100625708;Digitale meter;Injectie Nacht;0,000;kWh;Uitgelezen;Zonnepanelen
29-11-2025;00:00:00;30-11-2025;00:00:00;="541448820043562075";1SAG1100625708;Digitale meter;Afname Dag;0,000;kWh;Uitgelezen;Zonnepanelen
29-11-2025;00:00:00;30-11-2025;00:00:00;="541448820043562075";1SAG1100625708;Digitale meter;Injectie Dag;0,000;kWh;Uitgelezen;Zonnepanelen
29-11-2025;00:00:00;30-11-2025;00:00:00;="541448820043562075";1SAG1100625708;Digitale meter;Afname Nacht;4,402;kWh;Uitgelezen;Zonnepanelen
29-11-2025;00:00:00;30-11-2025;00:00:00;="541448820043562075";1SAG1100625708;Digitale meter;Injectie Nacht;0,103;kWh;Uitgelezen;Zonnepanelen
30-11-2025;00:00:00;01-12-2025;00:00:00;="541448820043562075";1SAG1100625708;Digitale meter;Afname Dag;0,000;kWh;Uitgelezen;Zonnepanelen
30-11-2025;00:00:00;01-12-2025;00:00:00;="541448820043562075";1SAG1100625708;Digitale meter;Injectie Dag;0,000;kWh;Uitgelezen;Zonnepanelen
30-11-2025;00:00:00;01-12-2025;00:00:00;="541448820043562075";1SAG1100625708;Digitale meter;Afname Nacht;3,761;kWh;Uitgelezen;Zonnepanelen
30-11-2025;00:00:00;01-12-2025;00:00:00;="541448820043562075";1SAG1100625708;Digitale meter;Injectie Nacht;1,345;kWh;Uitgelezen;Zonnepanelen
01-12-2025;00:00:00;02-12-2025;00:00:00;="541448820043562075";1SAG1100625708;Digitale meter;Afname Dag;3,783;kWh;Uitgelezen;Zonnepanelen
01-12-2025;00:00:00;02-12-2025;00:00:00;="541448820043562075";1SAG1100625708;Digitale meter;Injectie Dag;0,672;kWh;Uitgelezen;Zonnepanelen
01-12-2025;00:00:00;02-12-2025;00:00:00;="541448820043562075";1SAG1100625708;Digitale meter;Afname Nacht;0,467;kWh;Uitgelezen;Zonnepanelen
01-12-2025;00:00:00;02-12-2025;00:00:00;="541448820043562075";1SAG1100625708;Digitale meter;Injectie Nacht;0,000;kWh;Uitgelezen;Zonnepanelen
02-12-2025;00:00:00;03-12-2025;00:00:00;="541448820043562075";1SAG1100625708;Digitale meter;Afname Dag;2,138;kWh;Uitgelezen;Zonnepanelen
02-12-2025;00:00:00;03-12-2025;00:00:00;="541448820043562075";1SAG1100625708;Digitale meter;Injectie Dag;0,722;kWh;Uitgelezen;Zonnepanelen
02-12-2025;00:00:00;03-12-2025;00:00:00;="541448820043562075";1SAG1100625708;Digitale meter;Afname Nacht;0,713;kWh;Uitgelezen;Zonnepanelen
02-12-2025;00:00:00;03-12-2025;00:00:00;="541448820043562075";1SAG1100625708;Digitale meter;Injectie Nacht;0,000;kWh;Uitgelezen;Zonnepanelen
03-12-2025;00:00:00;04-12-2025;00:00:00;="541448820043562075";1SAG1100625708;Digitale meter;Afname Dag;3,042;kWh;Uitgelezen;Zonnepanelen
03-12-2025;00:00:00;04-12-2025;00:00:00;="541448820043562075";1SAG1100625708;Digitale meter;Injectie Dag;0,922;kWh;Uitgelezen;Zonnepanelen
03-12-2025;00:00:00;04-12-2025;00:00:00;="541448820043562075";1SAG1100625708;Digitale meter;Afname Nacht;1,074;kWh;Uitgelezen;Zonnepanelen
03-12-2025;00:00:00;04-12-2025;00:00:00;="541448820043562075";1SAG1100625708;Digitale meter;Injectie Nacht;0,000;kWh;Uitgelezen;Zonnepanelen
04-12-2025;00:00:00;05-12-2025;00:00:00;="541448820043562075";1SAG1100625708;Digitale meter;Afname Dag;0,841;kWh;Uitgelezen;Zonnepanelen
04-12-2025;00:00:00;05-12-2025;00:00:00;="541448820043562075";1SAG1100625708;Digitale meter;Injectie Dag;1,989;kWh;Uitgelezen;Zonnepanelen
04-12-2025;00:00:00;05-12-2025;00:00:00;="541448820043562075";1SAG1100625708;Digitale meter;Afname Nacht;0,674;kWh;Uitgelezen;Zonnepanelen
04-12-2025;00:00:00;05-12-2025;00:00:00;="541448820043562075";1SAG1100625708;Digitale meter;Injectie Nacht;0,000;kWh;Uitgelezen;Zonnepanelen
05-12-2025;00:00:00;06-12-2025;00:00:00;="541448820043562075";1SAG1100625708;Digitale meter;Afname Dag;1,284;kWh;Uitgelezen;Zonnepanelen
05-12-2025;00:00:00;06-12-2025;00:00:00;="541448820043562075";1SAG1100625708;Digitale meter;Injectie Dag;3,081;kWh;Uitgelezen;Zonnepanelen
05-12-2025;00:00:00;06-12-2025;00:00:00;="541448820043562075";1SAG1100625708;Digitale meter;Afname Nacht;0,530;kWh;Uitgelezen;Zonnepanelen
05-12-2025;00:00:00;06-12-2025;00:00:00;="541448820043562075";1SAG1100625708;Digitale meter;Injectie Nacht;0,000;kWh;Uitgelezen;Zonnepanelen
06-12-2025;00:00:00;07-12-2025;00:00:00;="541448820043562075";1SAG1100625708;Digitale meter;Afname Dag;0,000;kWh;Uitgelezen;Zonnepanelen
06-12-2025;00:00:00;07-12-2025;00:00:00;="541448820043562075";1SAG1100625708;Digitale meter;Injectie Dag;0,000;kWh;Uitgelezen;Zonnepanelen
06-12-2025;00:00:00;07-12-2025;00:00:00;="541448820043562075";1SAG1100625708;Digitale meter;Afname Nacht;3,038;kWh;Uitgelezen;Zonnepanelen
06-12-2025;00:00:00;07-12-2025;00:00:00;="541448820043562075";1SAG1100625708;Digitale meter;Injectie Nacht;0,081;kWh;Uitgelezen;Zonnepanelen
07-12-2025;00:00:00;08-12-2025;00:00:00;="541448820043562075";1SAG1100625708;Digitale meter;Afname Dag;0,000;kWh;Uitgelezen;Zonnepanelen
07-12-2025;00:00:00;08-12-2025;00:00:00;="541448820043562075";1SAG1100625708;Digitale meter;Injectie Dag;0,000;kWh;Uitgelezen;Zonnepanelen
07-12-2025;00:00:00;08-12-2025;00:00:00;="541448820043562075";1SAG1100625708;Digitale meter;Afname Nacht;2,387;kWh;Uitgelezen;Zonnepanelen
07-12-2025;00:00:00;08-12-2025;00:00:00;="541448820043562075";1SAG1100625708;Digitale meter;Injectie Nacht;0,004;kWh;Uitgelezen;Zonnepanelen
08-12-2025;00:00:00;09-12-2025;00:00:00;="541448820043562075";1SAG1100625708;Digitale meter;Afname Dag;1,925;kWh;Uitgelezen;Zonnepanelen
08-12-2025;00:00:00;09-12-2025;00:00:00;="541448820043562075";1SAG1100625708;Digitale meter;Injectie Dag;0,000;kWh;Uitgelezen;Zonnepanelen
08-12-2025;00:00:00;09-12-2025;00:00:00;="541448820043562075";1SAG1100625708;Digitale meter;Afname Nacht;0,904;kWh;Uitgelezen;Zonnepanelen
08-12-2025;00:00:00;09-12-2025;00:00:00;="541448820043562075";1SAG1100625708;Digitale meter;Injectie Nacht;0,000;kWh;Uitgelezen;Zonnepanelen
09-12-2025;00:00:00;10-12-2025;00:00:00;="541448820043562075";1SAG1100625708;Digitale meter;Afname Dag;1,527;kWh;Uitgelezen;Zonnepanelen
09-12-2025;00:00:00;10-12-2025;00:00:00;="541448820043562075";1SAG1100625708;Digitale meter;Injectie Dag;0,531;kWh;Uitgelezen;Zonnepanelen
09-12-2025;00:00:00;10-12-2025;00:00:00;="541448820043562075";1SAG1100625708;Digitale meter;Afname Nacht;1,078;kWh;Uitgelezen;Zonnepanelen
09-12-2025;00:00:00;10-12-2025;00:00:00;="541448820043562075";1SAG1100625708;Digitale meter;Injectie Nacht;0,000;kWh;Uitgelezen;Zonnepanelen
10-12-2025;00:00:00;11-12-2025;00:00:00;="541448820043562075";1SAG1100625708;Digitale meter;Afname Dag;4,842;kWh;Uitgelezen;Zonnepanelen
10-12-2025;00:00:00;11-12-2025;00:00:00;="541448820043562075";1SAG1100625708;Digitale meter;Injectie Dag;0,140;kWh;Uitgelezen;Zonnepanelen
10-12-2025;00:00:00;11-12-2025;00:00:00;="541448820043562075";1SAG1100625708;Digitale meter;Afname Nacht;0,542;kWh;Uitgelezen;Zonnepanelen
10-12-2025;00:00:00;11-12-2025;00:00:00;="541448820043562075";1SAG1100625708;Digitale meter;Injectie Nacht;0,000;kWh;Uitgelezen;Zonnepanelen
11-12-2025;00:00:00;12-12-2025;00:00:00;="541448820043562075";1SAG1100625708;Digitale meter;Afname Dag;1,629;kWh;Uitgelezen;Zonnepanelen
11-12-2025;00:00:00;12-12-2025;00:00:00;="541448820043562075";1SAG1100625708;Digitale meter;Injectie Dag;0,492;kWh;Uitgelezen;Zonnepanelen
11-12-2025;00:00:00;12-12-2025;00:00:00;="541448820043562075";1SAG1100625708;Digitale meter;Afname Nacht;0,552;kWh;Uitgelezen;Zonnepanelen
11-12-2025;00:00:00;12-12-2025;00:00:00;="541448820043562075";1SAG1100625708;Digitale meter;Injectie Nacht;0,000;kWh;Uitgelezen;Zonnepanelen
12-12-2025;00:00:00;13-12-2025;00:00:00;="541448820043562075";1SAG1100625708;Digitale meter;Afname Dag;3,076;kWh;Uitgelezen;Zonnepanelen
12-12-2025;00:00:00;13-12-2025;00:00:00;="541448820043562075";1SAG1100625708;Digitale meter;Injectie Dag;0,049;kWh;Uitgelezen;Zonnepanelen
12-12-2025;00:00:00;13-12-2025;00:00:00;="541448820043562075";1SAG1100625708;Digitale meter;Afname Nacht;0,412;kWh;Uitgelezen;Zonnepanelen
12-12-2025;00:00:00;13-12-2025;00:00:00;="541448820043562075";1SAG1100625708;Digitale meter;Injectie Nacht;0,000;kWh;Uitgelezen;Zonnepanelen
13-12-2025;00:00:00;14-12-2025;00:00:00;="541448820043562075";1SAG1100625708;Digitale meter;Afname Dag;0,000;kWh;Uitgelezen;Zonnepanelen
13-12-2025;00:00:00;14-12-2025;00:00:00;="541448820043562075";1SAG1100625708;Digitale meter;Injectie Dag;0,000;kWh;Uitgelezen;Zonnepanelen
13-12-2025;00:00:00;14-12-2025;00:00:00;="541448820043562075";1SAG1100625708;Digitale meter;Afname Nacht;6,341;kWh;Uitgelezen;Zonnepanelen
13-12-2025;00:00:00;14-12-2025;00:00:00;="541448820043562075";1SAG1100625708;Digitale meter;Injectie Nacht;1,162;kWh;Uitgelezen;Zonnepanelen
14-12-2025;00:00:00;15-12-2025;00:00:00;="541448820043562075";1SAG1100625708;Digitale meter;Afname Dag;0,000;kWh;Uitgelezen;Zonnepanelen
14-12-2025;00:00:00;15-12-2025;00:00:00;="541448820043562075";1SAG1100625708;Digitale meter;Injectie Dag;0,000;kWh;Uitgelezen;Zonnepanelen
14-12-2025;00:00:00;15-12-2025;00:00:00;="541448820043562075";1SAG1100625708;Digitale meter;Afname Nacht;8,595;kWh;Uitgelezen;Zonnepanelen
14-12-2025;00:00:00;15-12-2025;00:00:00;="541448820043562075";1SAG1100625708;Digitale meter;Injectie Nacht;0,000;kWh;Uitgelezen;Zonnepanelen
15-12-2025;00:00:00;16-12-2025;00:00:00;="541448820043562075";1SAG1100625708;Digitale meter;Afname Dag;1,968;kWh;Uitgelezen;Zonnepanelen
15-12-2025;00:00:00;16-12-2025;00:00:00;="541448820043562075";1SAG1100625708;Digitale meter;Injectie Dag;0,759;kWh;Uitgelezen;Zonnepanelen
15-12-2025;00:00:00;16-12-2025;00:00:00;="541448820043562075";1SAG1100625708;Digitale meter;Afname Nacht;0,898;kWh;Uitgelezen;Zonnepanelen
15-12-2025;00:00:00;16-12-2025;00:00:00;="541448820043562075";1SAG1100625708;Digitale meter;Injectie Nacht;0,000;kWh;Uitgelezen;Zonnepanelen
16-12-2025;00:00:00;17-12-2025;00:00:00;="541448820043562075";1SAG1100625708;Digitale meter;Afname Dag;1,141;kWh;Uitgelezen;Zonnepanelen
16-12-2025;00:00:00;17-12-2025;00:00:00;="541448820043562075";1SAG1100625708;Digitale meter;Injectie Dag;0,946;kWh;Uitgelezen;Zonnepanelen
16-12-2025;00:00:00;17-12-2025;00:00:00;="541448820043562075";1SAG1100625708;Digitale meter;Afname Nacht;1,411;kWh;Uitgelezen;Zonnepanelen
16-12-2025;00:00:00;17-12-2025;00:00:00;="541448820043562075";1SAG1100625708;Digitale meter;Injectie Nacht;0,000;kWh;Uitgelezen;Zonnepanelen
17-12-2025;00:00:00;18-12-2025;00:00:00;="541448820043562075";1SAG1100625708;Digitale meter;Afname Dag;4,455;kWh;Uitgelezen;Zonnepanelen
17-12-2025;00:00:00;18-12-2025;00:00:00;="541448820043562075";1SAG1100625708;Digitale meter;Injectie Dag;0,168;kWh;Uitgelezen;Zonnepanelen
17-12-2025;00:00:00;18-12-2025;00:00:00;="541448820043562075";1SAG1100625708;Digitale meter;Afname Nacht;1,421;kWh;Uitgelezen;Zonnepanelen
17-12-2025;00:00:00;18-12-2025;00:00:00;="541448820043562075";1SAG1100625708;Digitale meter;Injectie Nacht;0,000;kWh;Uitgelezen;Zonnepanelen
18-12-2025;00:00:00;19-12-2025;00:00:00;="541448820043562075";1SAG1100625708;Digitale meter;Afname Dag;1,492;kWh;Uitgelezen;Zonnepanelen
18-12-2025;00:00:00;19-12-2025;00:00:00;="541448820043562075";1SAG1100625708;Digitale meter;Injectie Dag;0,701;kWh;Uitgelezen;Zonnepanelen
18-12-2025;00:00:00;19-12-2025;00:00:00;="541448820043562075";1SAG1100625708;Digitale meter;Afname Nacht;0,740;kWh;Uitgelezen;Zonnepanelen
18-12-2025;00:00:00;19-12-2025;00:00:00;="541448820043562075";1SAG1100625708;Digitale meter;Injectie Nacht;0,000;kWh;Uitgelezen;Zonnepanelen
19-12-2025;00:00:00;20-12-2025;00:00:00;="541448820043562075";1SAG1100625708;Digitale meter;Afname Dag;1,371;kWh;Uitgelezen;Zonnepanelen
19-12-2025;00:00:00;20-12-2025;00:00:00;="541448820043562075";1SAG1100625708;Digitale meter;Injectie Dag;0,395;kWh;Uitgelezen;Zonnepanelen
19-12-2025;00:00:00;20-12-2025;00:00:00;="541448820043562075";1SAG1100625708;Digitale meter;Afname Nacht;0,778;kWh;Uitgelezen;Zonnepanelen
19-12-2025;00:00:00;20-12-2025;00:00:00;="541448820043562075";1SAG1100625708;Digitale meter;Injectie Nacht;0,000;kWh;Uitgelezen;Zonnepanelen
20-12-2025;00:00:00;21-12-2025;00:00:00;="541448820043562075";1SAG1100625708;Digitale meter;Afname Dag;0,000;kWh;Uitgelezen;Zonnepanelen
20-12-2025;00:00:00;21-12-2025;00:00:00;="541448820043562075";1SAG1100625708;Digitale meter;Injectie Dag;0,000;kWh;Uitgelezen;Zonnepanelen
20-12-2025;00:00:00;21-12-2025;00:00:00;="541448820043562075";1SAG1100625708;Digitale meter;Afname Nacht;5,009;kWh;Uitgelezen;Zonnepanelen
20-12-2025;00:00:00;21-12-2025;00:00:00;="541448820043562075";1SAG1100625708;Digitale meter;Injectie Nacht;0,453;kWh;Uitgelezen;Zonnepanelen
21-12-2025;00:00:00;22-12-2025;00:00:00;="541448820043562075";1SAG1100625708;Digitale meter;Afname Dag;0,000;kWh;Uitgelezen;Zonnepanelen
21-12-2025;00:00:00;22-12-2025;00:00:00;="541448820043562075";1SAG1100625708;Digitale meter;Injectie Dag;0,000;kWh;Uitgelezen;Zonnepanelen
21-12-2025;00:00:00;22-12-2025;00:00:00;="541448820043562075";1SAG1100625708;Digitale meter;Afname Nacht;4,919;kWh;Uitgelezen;Zonnepanelen
21-12-2025;00:00:00;22-12-2025;00:00:00;="541448820043562075";1SAG1100625708;Digitale meter;Injectie Nacht;0,063;kWh;Uitgelezen;Zonnepanelen
22-12-2025;00:00:00;23-12-2025;00:00:00;="541448820043562075";1SAG1100625708;Digitale meter;Afname Dag;0,622;kWh;Uitgelezen;Zonnepanelen
22-12-2025;00:00:00;23-12-2025;00:00:00;="541448820043562075";1SAG1100625708;Digitale meter;Injectie Dag;1,859;kWh;Uitgelezen;Zonnepanelen
22-12-2025;00:00:00;23-12-2025;00:00:00;="541448820043562075";1SAG1100625708;Digitale meter;Afname Nacht;0,536;kWh;Uitgelezen;Zonnepanelen
22-12-2025;00:00:00;23-12-2025;00:00:00;="541448820043562075";1SAG1100625708;Digitale meter;Injectie Nacht;0,000;kWh;Uitgelezen;Zonnepanelen
23-12-2025;00:00:00;24-12-2025;00:00:00;="541448820043562075";1SAG1100625708;Digitale meter;Afname Dag;2,279;kWh;Uitgelezen;Zonnepanelen
23-12-2025;00:00:00;24-12-2025;00:00:00;="541448820043562075";1SAG1100625708;Digitale meter;Injectie Dag;0,000;kWh;Uitgelezen;Zonnepanelen
23-12-2025;00:00:00;24-12-2025;00:00:00;="541448820043562075";1SAG1100625708;Digitale meter;Afname Nacht;0,651;kWh;Uitgelezen;Zonnepanelen
23-12-2025;00:00:00;24-12-2025;00:00:00;="541448820043562075";1SAG1100625708;Digitale meter;Injectie Nacht;0,000;kWh;Uitgelezen;Zonnepanelen
24-12-2025;00:00:00;25-12-2025;00:00:00;="541448820043562075";1SAG1100625708;Digitale meter;Afname Dag;1,005;kWh;Uitgelezen;Zonnepanelen
24-12-2025;00:00:00;25-12-2025;00:00:00;="541448820043562075";1SAG1100625708;Digitale meter;Injectie Dag;3,721;kWh;Uitgelezen;Zonnepanelen
24-12-2025;00:00:00;25-12-2025;00:00:00;="541448820043562075";1SAG1100625708;Digitale meter;Afname Nacht;1,462;kWh;Uitgelezen;Zonnepanelen
24-12-2025;00:00:00;25-12-2025;00:00:00;="541448820043562075";1SAG1100625708;Digitale meter;Injectie Nacht;0,000;kWh;Uitgelezen;Zonnepanelen
25-12-2025;00:00:00;26-12-2025;00:00:00;="541448820043562075";1SAG1100625708;Digitale meter;Afname Dag;1,313;kWh;Uitgelezen;Zonnepanelen
25-12-2025;00:00:00;26-12-2025;00:00:00;="541448820043562075";1SAG1100625708;Digitale meter;Injectie Dag;3,782;kWh;Uitgelezen;Zonnepanelen
25-12-2025;00:00:00;26-12-2025;00:00:00;="541448820043562075";1SAG1100625708;Digitale meter;Afname Nacht;0,907;kWh;Uitgelezen;Zonnepanelen
25-12-2025;00:00:00;26-12-2025;00:00:00;="541448820043562075";1SAG1100625708;Digitale meter;Injectie Nacht;0,000;kWh;Uitgelezen;Zonnepanelen
26-12-2025;00:00:00;27-12-2025;00:00:00;="541448820043562075";1SAG1100625708;Digitale meter;Afname Dag;1,553;kWh;Uitgelezen;Zonnepanelen
26-12-2025;00:00:00;27-12-2025;00:00:00;="541448820043562075";1SAG1100625708;Digitale meter;Injectie Dag;2,779;kWh;Uitgelezen;Zonnepanelen
26-12-2025;00:00:00;27-12-2025;00:00:00;="541448820043562075";1SAG1100625708;Digitale meter;Afname Nacht;0,536;kWh;Uitgelezen;Zonnepanelen
26-12-2025;00:00:00;27-12-2025;00:00:00;="541448820043562075";1SAG1100625708;Digitale meter;Injectie Nacht;0,000;kWh;Uitgelezen;Zonnepanelen
27-12-2025;00:00:00;28-12-2025;00:00:00;="541448820043562075";1SAG1100625708;Digitale meter;Afname Dag;0,000;kWh;Uitgelezen;Zonnepanelen
27-12-2025;00:00:00;28-12-2025;00:00:00;="541448820043562075";1SAG1100625708;Digitale meter;Injectie Dag;0,000;kWh;Uitgelezen;Zonnepanelen
27-12-2025;00:00:00;28-12-2025;00:00:00;="541448820043562075";1SAG1100625708;Digitale meter;Afname Nacht;4,088;kWh;Uitgelezen;Zonnepanelen
27-12-2025;00:00:00;28-12-2025;00:00:00;="541448820043562075";1SAG1100625708;Digitale meter;Injectie Nacht;3,520;kWh;Uitgelezen;Zonnepanelen
28-12-2025;00:00:00;29-12-2025;00:00:00;="541448820043562075";1SAG1100625708;Digitale meter;Afname Dag;0,000;kWh;Uitgelezen;Zonnepanelen
28-12-2025;00:00:00;29-12-2025;00:00:00;="541448820043562075";1SAG1100625708;Digitale meter;Injectie Dag;0,000;kWh;Uitgelezen;Zonnepanelen
28-12-2025;00:00:00;29-12-2025;00:00:00;="541448820043562075";1SAG1100625708;Digitale meter;Afname Nacht;7,997;kWh;Uitgelezen;Zonnepanelen
28-12-2025;00:00:00;29-12-2025;00:00:00;="541448820043562075";1SAG1100625708;Digitale meter;Injectie Nacht;1,304;kWh;Uitgelezen;Zonnepanelen
29-12-2025;00:00:00;30-12-2025;00:00:00;="541448820043562075";1SAG1100625708;Digitale meter;Afname Dag;4,031;kWh;Uitgelezen;Zonnepanelen
29-12-2025;00:00:00;30-12-2025;00:00:00;="541448820043562075";1SAG1100625708;Digitale meter;Injectie Dag;0,000;kWh;Uitgelezen;Zonnepanelen
29-12-2025;00:00:00;30-12-2025;00:00:00;="541448820043562075";1SAG1100625708;Digitale meter;Afname Nacht;0,674;kWh;Uitgelezen;Zonnepanelen
29-12-2025;00:00:00;30-12-2025;00:00:00;="541448820043562075";1SAG1100625708;Digitale meter;Injectie Nacht;0,000;kWh;Uitgelezen;Zonnepanelen
30-12-2025;00:00:00;31-12-2025;00:00:00;="541448820043562075";1SAG1100625708;Digitale meter;Afname Dag;2,618;kWh;Uitgelezen;Zonnepanelen
30-12-2025;00:00:00;31-12-2025;00:00:00;="541448820043562075";1SAG1100625708;Digitale meter;Injectie Dag;3,059;kWh;Uitgelezen;Zonnepanelen
30-12-2025;00:00:00;31-12-2025;00:00:00;="541448820043562075";1SAG1100625708;Digitale meter;Afname Nacht;0,535;kWh;Uitgelezen;Zonnepanelen
30-12-2025;00:00:00;31-12-2025;00:00:00;="541448820043562075";1SAG1100625708;Digitale meter;Injectie Nacht;0,000;kWh;Uitgelezen;Zonnepanelen
31-12-2025;00:00:00;01-01-2026;00:00:00;="541448820043562075";1SAG1100625708;Digitale meter;Afname Dag;1,620;kWh;Uitgelezen;Zonnepanelen
31-12-2025;00:00:00;01-01-2026;00:00:00;="541448820043562075";1SAG1100625708;Digitale meter;Injectie Dag;0,474;kWh;Uitgelezen;Zonnepanelen
31-12-2025;00:00:00;01-01-2026;00:00:00;="541448820043562075";1SAG1100625708;Digitale meter;Afname Nacht;1,447;kWh;Uitgelezen;Zonnepanelen
31-12-2025;00:00:00;01-01-2026;00:00:00;="541448820043562075";1SAG1100625708;Digitale meter;Injectie Nacht;0,000;kWh;Uitgelezen;Zonnepanelen
01-01-2026;00:00:00;02-01-2026;00:00:00;="541448820043562075";1SAG1100625708;Digitale meter;Afname Dag;0,937;kWh;Uitgelezen;Zonnepanelen
01-01-2026;00:00:00;02-01-2026;00:00:00;="541448820043562075";1SAG1100625708;Digitale meter;Injectie Dag;0,029;kWh;Uitgelezen;Zonnepanelen
01-01-2026;00:00:00;02-01-2026;00:00:00;="541448820043562075";1SAG1100625708;Digitale meter;Afname Nacht;0,582;kWh;Uitgelezen;Zonnepanelen
01-01-2026;00:00:00;02-01-2026;00:00:00;="541448820043562075";1SAG1100625708;Digitale meter;Injectie Nacht;0,000;kWh;Uitgelezen;Zonnepanelen
02-01-2026;00:00:00;03-01-2026;00:00:00;="541448820043562075";1SAG1100625708;Digitale meter;Afname Dag;4,907;kWh;Uitgelezen;Zonnepanelen
02-01-2026;00:00:00;03-01-2026;00:00:00;="541448820043562075";1SAG1100625708;Digitale meter;Injectie Dag;3,052;kWh;Uitgelezen;Zonnepanelen
02-01-2026;00:00:00;03-01-2026;00:00:00;="541448820043562075";1SAG1100625708;Digitale meter;Afname Nacht;0,768;kWh;Uitgelezen;Zonnepanelen
02-01-2026;00:00:00;03-01-2026;00:00:00;="541448820043562075";1SAG1100625708;Digitale meter;Injectie Nacht;0,000;kWh;Uitgelezen;Zonnepanelen
03-01-2026;00:00:00;04-01-2026;00:00:00;="541448820043562075";1SAG1100625708;Digitale meter;Afname Dag;0,000;kWh;Uitgelezen;Zonnepanelen
03-01-2026;00:00:00;04-01-2026;00:00:00;="541448820043562075";1SAG1100625708;Digitale meter;Injectie Dag;0,000;kWh;Uitgelezen;Zonnepanelen
03-01-2026;00:00:00;04-01-2026;00:00:00;="541448820043562075";1SAG1100625708;Digitale meter;Afname Nacht;3,059;kWh;Uitgelezen;Zonnepanelen
03-01-2026;00:00:00;04-01-2026;00:00:00;="541448820043562075";1SAG1100625708;Digitale meter;Injectie Nacht;2,489;kWh;Uitgelezen;Zonnepanelen
04-01-2026;00:00:00;05-01-2026;00:00:00;="541448820043562075";1SAG1100625708;Digitale meter;Afname Dag;0,000;kWh;Uitgelezen;Zonnepanelen
04-01-2026;00:00:00;05-01-2026;00:00:00;="541448820043562075";1SAG1100625708;Digitale meter;Injectie Dag;0,000;kWh;Uitgelezen;Zonnepanelen
04-01-2026;00:00:00;05-01-2026;00:00:00;="541448820043562075";1SAG1100625708;Digitale meter;Afname Nacht;3,155;kWh;Uitgelezen;Zonnepanelen
04-01-2026;00:00:00;05-01-2026;00:00:00;="541448820043562075";1SAG1100625708;Digitale meter;Injectie Nacht;3,404;kWh;Uitgelezen;Zonnepanelen
05-01-2026;00:00:00;06-01-2026;00:00:00;="541448820043562075";1SAG1100625708;Digitale meter;Afname Dag;2,777;kWh;Uitgelezen;Zonnepanelen
05-01-2026;00:00:00;06-01-2026;00:00:00;="541448820043562075";1SAG1100625708;Digitale meter;Injectie Dag;0,218;kWh;Uitgelezen;Zonnepanelen
05-01-2026;00:00:00;06-01-2026;00:00:00;="541448820043562075";1SAG1100625708;Digitale meter;Afname Nacht;1,033;kWh;Uitgelezen;Zonnepanelen
05-01-2026;00:00:00;06-01-2026;00:00:00;="541448820043562075";1SAG1100625708;Digitale meter;Injectie Nacht;0,000;kWh;Uitgelezen;Zonnepanelen
06-01-2026;00:00:00;07-01-2026;00:00:00;="541448820043562075";1SAG1100625708;Digitale meter;Afname Dag;1,218;kWh;Uitgelezen;Zonnepanelen
06-01-2026;00:00:00;07-01-2026;00:00:00;="541448820043562075";1SAG1100625708;Digitale meter;Injectie Dag;2,352;kWh;Uitgelezen;Zonnepanelen
06-01-2026;00:00:00;07-01-2026;00:00:00;="541448820043562075";1SAG1100625708;Digitale meter;Afname Nacht;1,155;kWh;Uitgelezen;Zonnepanelen
06-01-2026;00:00:00;07-01-2026;00:00:00;="541448820043562075";1SAG1100625708;Digitale meter;Injectie Nacht;0,000;kWh;Uitgelezen;Zonnepanelen
07-01-2026;00:00:00;08-01-2026;00:00:00;="541448820043562075";1SAG1100625708;Digitale meter;Afname Dag;3,469;kWh;Uitgelezen;Zonnepanelen
07-01-2026;00:00:00;08-01-2026;00:00:00;="541448820043562075";1SAG1100625708;Digitale meter;Injectie Dag;0,004;kWh;Uitgelezen;Zonnepanelen
07-01-2026;00:00:00;08-01-2026;00:00:00;="541448820043562075";1SAG1100625708;Digitale meter;Afname Nacht;0,582;kWh;Uitgelezen;Zonnepanelen
07-01-2026;00:00:00;08-01-2026;00:00:00;="541448820043562075";1SAG1100625708;Digitale meter;Injectie Nacht;0,000;kWh;Uitgelezen;Zonnepanelen
08-01-2026;00:00:00;09-01-2026;00:00:00;="541448820043562075";1SAG1100625708;Digitale meter;Afname Dag;2,853;kWh;Uitgelezen;Zonnepanelen
08-01-2026;00:00:00;09-01-2026;00:00:00;="541448820043562075";1SAG1100625708;Digitale meter;Injectie Dag;0,081;kWh;Uitgelezen;Zonnepanelen
08-01-2026;00:00:00;09-01-2026;00:00:00;="541448820043562075";1SAG1100625708;Digitale meter;Afname Nacht;0,640;kWh;Uitgelezen;Zonnepanelen
08-01-2026;00:00:00;09-01-2026;00:00:00;="541448820043562075";1SAG1100625708;Digitale meter;Injectie Nacht;0,000;kWh;Uitgelezen;Zonnepanelen
09-01-2026;00:00:00;10-01-2026;00:00:00;="541448820043562075";1SAG1100625708;Digitale meter;Afname Dag;2,603;kWh;Uitgelezen;Zonnepanelen
09-01-2026;00:00:00;10-01-2026;00:00:00;="541448820043562075";1SAG1100625708;Digitale meter;Injectie Dag;0,000;kWh;Uitgelezen;Zonnepanelen
09-01-2026;00:00:00;10-01-2026;00:00:00;="541448820043562075";1SAG1100625708;Digitale meter;Afname Nacht;1,233;kWh;Uitgelezen;Zonnepanelen
09-01-2026;00:00:00;10-01-2026;00:00:00;="541448820043562075";1SAG1100625708;Digitale meter;Injectie Nacht;0,000;kWh;Uitgelezen;Zonnepanelen
10-01-2026;00:00:00;11-01-2026;00:00:00;="541448820043562075";1SAG1100625708;Digitale meter;Afname Dag;0,000;kWh;Uitgelezen;Zonnepanelen
10-01-2026;00:00:00;11-01-2026;00:00:00;="541448820043562075";1SAG1100625708;Digitale meter;Injectie Dag;0,000;kWh;Uitgelezen;Zonnepanelen
10-01-2026;00:00:00;11-01-2026;00:00:00;="541448820043562075";1SAG1100625708;Digitale meter;Afname Nacht;1,581;kWh;Uitgelezen;Zonnepanelen
10-01-2026;00:00:00;11-01-2026;00:00:00;="541448820043562075";1SAG1100625708;Digitale meter;Injectie Nacht;0,001;kWh;Uitgelezen;Zonnepanelen
11-01-2026;00:00:00;12-01-2026;00:00:00;="541448820043562075";1SAG1100625708;Digitale meter;Afname Dag;0,000;kWh;Uitgelezen;Zonnepanelen
11-01-2026;00:00:00;12-01-2026;00:00:00;="541448820043562075";1SAG1100625708;Digitale meter;Injectie Dag;0,000;kWh;Uitgelezen;Zonnepanelen
11-01-2026;00:00:00;12-01-2026;00:00:00;="541448820043562075";1SAG1100625708;Digitale meter;Afname Nacht;0,781;kWh;Uitgelezen;Zonnepanelen
11-01-2026;00:00:00;12-01-2026;00:00:00;="541448820043562075";1SAG1100625708;Digitale meter;Injectie Nacht;3,409;kWh;Uitgelezen;Zonnepanelen
12-01-2026;00:00:00;13-01-2026;00:00:00;="541448820043562075";1SAG1100625708;Digitale meter;Afname Dag;0,470;kWh;Uitgelezen;Zonnepanelen
12-01-2026;00:00:00;13-01-2026;00:00:00;="541448820043562075";1SAG1100625708;Digitale meter;Injectie Dag;0,027;kWh;Uitgelezen;Zonnepanelen
12-01-2026;00:00:00;13-01-2026;00:00:00;="541448820043562075";1SAG1100625708;Digitale meter;Afname Nacht;0,390;kWh;Uitgelezen;Zonnepanelen
12-01-2026;00:00:00;13-01-2026;00:00:00;="541448820043562075";1SAG1100625708;Digitale meter;Injectie Nacht;0,000;kWh;Uitgelezen;Zonnepanelen
13-01-2026;00:00:00;14-01-2026;00:00:00;="541448820043562075";1SAG1100625708;Digitale meter;Afname Dag;0,370;kWh;Uitgelezen;Zonnepanelen
13-01-2026;00:00:00;14-01-2026;00:00:00;="541448820043562075";1SAG1100625708;Digitale meter;Injectie Dag;0,428;kWh;Uitgelezen;Zonnepanelen
13-01-2026;00:00:00;14-01-2026;00:00:00;="541448820043562075";1SAG1100625708;Digitale meter;Afname Nacht;0,318;kWh;Uitgelezen;Zonnepanelen
13-01-2026;00:00:00;14-01-2026;00:00:00;="541448820043562075";1SAG1100625708;Digitale meter;Injectie Nacht;0,000;kWh;Uitgelezen;Zonnepanelen
14-01-2026;00:00:00;15-01-2026;00:00:00;="541448820043562075";1SAG1100625708;Digitale meter;Afname Dag;0,325;kWh;Uitgelezen;Zonnepanelen
14-01-2026;00:00:00;15-01-2026;00:00:00;="541448820043562075";1SAG1100625708;Digitale meter;Injectie Dag;0,627;kWh;Uitgelezen;Zonnepanelen
14-01-2026;00:00:00;15-01-2026;00:00:00;="541448820043562075";1SAG1100625708;Digitale meter;Afname Nacht;0,292;kWh;Uitgelezen;Zonnepanelen
14-01-2026;00:00:00;15-01-2026;00:00:00;="541448820043562075";1SAG1100625708;Digitale meter;Injectie Nacht;0,000;kWh;Uitgelezen;Zonnepanelen
15-01-2026;00:00:00;16-01-2026;00:00:00;="541448820043562075";1SAG1100625708;Digitale meter;Afname Dag;0,329;kWh;Uitgelezen;Zonnepanelen
15-01-2026;00:00:00;16-01-2026;00:00:00;="541448820043562075";1SAG1100625708;Digitale meter;Injectie Dag;0,277;kWh;Uitgelezen;Zonnepanelen
15-01-2026;00:00:00;16-01-2026;00:00:00;="541448820043562075";1SAG1100625708;Digitale meter;Afname Nacht;0,327;kWh;Uitgelezen;Zonnepanelen
15-01-2026;00:00:00;16-01-2026;00:00:00;="541448820043562075";1SAG1100625708;Digitale meter;Injectie Nacht;0,000;kWh;Uitgelezen;Zonnepanelen
16-01-2026;00:00:00;17-01-2026;00:00:00;="541448820043562075";1SAG1100625708;Digitale meter;Afname Dag;0,260;kWh;Uitgelezen;Zonnepanelen
16-01-2026;00:00:00;17-01-2026;00:00:00;="541448820043562075";1SAG1100625708;Digitale meter;Injectie Dag;3,821;kWh;Uitgelezen;Zonnepanelen
16-01-2026;00:00:00;17-01-2026;00:00:00;="541448820043562075";1SAG1100625708;Digitale meter;Afname Nacht;0,270;kWh;Uitgelezen;Zonnepanelen
16-01-2026;00:00:00;17-01-2026;00:00:00;="541448820043562075";1SAG1100625708;Digitale meter;Injectie Nacht;0,000;kWh;Uitgelezen;Zonnepanelen
17-01-2026;00:00:00;18-01-2026;00:00:00;="541448820043562075";1SAG1100625708;Digitale meter;Afname Dag;0,000;kWh;Uitgelezen;Zonnepanelen
17-01-2026;00:00:00;18-01-2026;00:00:00;="541448820043562075";1SAG1100625708;Digitale meter;Injectie Dag;0,000;kWh;Uitgelezen;Zonnepanelen
17-01-2026;00:00:00;18-01-2026;00:00:00;="541448820043562075";1SAG1100625708;Digitale meter;Afname Nacht;1,324;kWh;Uitgelezen;Zonnepanelen
17-01-2026;00:00:00;18-01-2026;00:00:00;="541448820043562075";1SAG1100625708;Digitale meter;Injectie Nacht;3,277;kWh;Uitgelezen;Zonnepanelen
18-01-2026;00:00:00;19-01-2026;00:00:00;="541448820043562075";1SAG1100625708;Digitale meter;Afname Dag;0,000;kWh;Uitgelezen;Zonnepanelen
18-01-2026;00:00:00;19-01-2026;00:00:00;="541448820043562075";1SAG1100625708;Digitale meter;Injectie Dag;0,000;kWh;Uitgelezen;Zonnepanelen
18-01-2026;00:00:00;19-01-2026;00:00:00;="541448820043562075";1SAG1100625708;Digitale meter;Afname Nacht;10,298;kWh;Uitgelezen;Zonnepanelen
18-01-2026;00:00:00;19-01-2026;00:00:00;="541448820043562075";1SAG1100625708;Digitale meter;Injectie Nacht;2,599;kWh;Uitgelezen;Zonnepanelen
19-01-2026;00:00:00;20-01-2026;00:00:00;="541448820043562075";1SAG1100625708;Digitale meter;Afname Dag;5,895;kWh;Uitgelezen;Zonnepanelen
19-01-2026;00:00:00;20-01-2026;00:00:00;="541448820043562075";1SAG1100625708;Digitale meter;Injectie Dag;2,680;kWh;Uitgelezen;Zonnepanelen
19-01-2026;00:00:00;20-01-2026;00:00:00;="541448820043562075";1SAG1100625708;Digitale meter;Afname Nacht;0,902;kWh;Uitgelezen;Zonnepanelen
19-01-2026;00:00:00;20-01-2026;00:00:00;="541448820043562075";1SAG1100625708;Digitale meter;Injectie Nacht;0,000;kWh;Uitgelezen;Zonnepanelen
20-01-2026;00:00:00;21-01-2026;00:00:00;="541448820043562075";1SAG1100625708;Digitale meter;Afname Dag;3,856;kWh;Uitgelezen;Zonnepanelen
20-01-2026;00:00:00;21-01-2026;00:00:00;="541448820043562075";1SAG1100625708;Digitale meter;Injectie Dag;3,726;kWh;Uitgelezen;Zonnepanelen
20-01-2026;00:00:00;21-01-2026;00:00:00;="541448820043562075";1SAG1100625708;Digitale meter;Afname Nacht;0,643;kWh;Uitgelezen;Zonnepanelen
20-01-2026;00:00:00;21-01-2026;00:00:00;="541448820043562075";1SAG1100625708;Digitale meter;Injectie Nacht;0,000;kWh;Uitgelezen;Zonnepanelen
21-01-2026;00:00:00;22-01-2026;00:00:00;="541448820043562075";1SAG1100625708;Digitale meter;Afname Dag;4,495;kWh;Uitgelezen;Zonnepanelen
21-01-2026;00:00:00;22-01-2026;00:00:00;="541448820043562075";1SAG1100625708;Digitale meter;Injectie Dag;0,344;kWh;Uitgelezen;Zonnepanelen
21-01-2026;00:00:00;22-01-2026;00:00:00;="541448820043562075";1SAG1100625708;Digitale meter;Afname Nacht;0,594;kWh;Uitgelezen;Zonnepanelen
21-01-2026;00:00:00;22-01-2026;00:00:00;="541448820043562075";1SAG1100625708;Digitale meter;Injectie Nacht;0,000;kWh;Uitgelezen;Zonnepanelen
22-01-2026;00:00:00;23-01-2026;00:00:00;="541448820043562075";1SAG1100625708;Digitale meter;Afname Dag;1,277;kWh;Uitgelezen;Zonnepanelen
22-01-2026;00:00:00;23-01-2026;00:00:00;="541448820043562075";1SAG1100625708;Digitale meter;Injectie Dag;2,990;kWh;Uitgelezen;Zonnepanelen
22-01-2026;00:00:00;23-01-2026;00:00:00;="541448820043562075";1SAG1100625708;Digitale meter;Afname Nacht;0,903;kWh;Uitgelezen;Zonnepanelen
22-01-2026;00:00:00;23-01-2026;00:00:00;="541448820043562075";1SAG1100625708;Digitale meter;Injectie Nacht;0,000;kWh;Uitgelezen;Zonnepanelen
23-01-2026;00:00:00;24-01-2026;00:00:00;="541448820043562075";1SAG1100625708;Digitale meter;Afname Dag;1,584;kWh;Uitgelezen;Zonnepanelen
23-01-2026;00:00:00;24-01-2026;00:00:00;="541448820043562075";1SAG1100625708;Digitale meter;Injectie Dag;0,534;kWh;Uitgelezen;Zonnepanelen
23-01-2026;00:00:00;24-01-2026;00:00:00;="541448820043562075";1SAG1100625708;Digitale meter;Afname Nacht;0,888;kWh;Uitgelezen;Zonnepanelen
23-01-2026;00:00:00;24-01-2026;00:00:00;="541448820043562075";1SAG1100625708;Digitale meter;Injectie Nacht;0,000;kWh;Uitgelezen;Zonnepanelen
24-01-2026;00:00:00;25-01-2026;00:00:00;="541448820043562075";1SAG1100625708;Digitale meter;Afname Dag;0,000;kWh;Uitgelezen;Zonnepanelen
24-01-2026;00:00:00;25-01-2026;00:00:00;="541448820043562075";1SAG1100625708;Digitale meter;Injectie Dag;0,000;kWh;Uitgelezen;Zonnepanelen
24-01-2026;00:00:00;25-01-2026;00:00:00;="541448820043562075";1SAG1100625708;Digitale meter;Afname Nacht;4,184;kWh;Uitgelezen;Zonnepanelen
24-01-2026;00:00:00;25-01-2026;00:00:00;="541448820043562075";1SAG1100625708;Digitale meter;Injectie Nacht;4,795;kWh;Uitgelezen;Zonnepanelen
25-01-2026;00:00:00;26-01-2026;00:00:00;="541448820043562075";1SAG1100625708;Digitale meter;Afname Dag;0,000;kWh;Uitgelezen;Zonnepanelen
25-01-2026;00:00:00;26-01-2026;00:00:00;="541448820043562075";1SAG1100625708;Digitale meter;Injectie Dag;0,000;kWh;Uitgelezen;Zonnepanelen
25-01-2026;00:00:00;26-01-2026;00:00:00;="541448820043562075";1SAG1100625708;Digitale meter;Afname Nacht;7,277;kWh;Uitgelezen;Zonnepanelen
25-01-2026;00:00:00;26-01-2026;00:00:00;="541448820043562075";1SAG1100625708;Digitale meter;Injectie Nacht;0,085;kWh;Uitgelezen;Zonnepanelen
26-01-2026;00:00:00;27-01-2026;00:00:00;="541448820043562075";1SAG1100625708;Digitale meter;Afname Dag;1,299;kWh;Uitgelezen;Zonnepanelen
26-01-2026;00:00:00;27-01-2026;00:00:00;="541448820043562075";1SAG1100625708;Digitale meter;Injectie Dag;0,004;kWh;Uitgelezen;Zonnepanelen
26-01-2026;00:00:00;27-01-2026;00:00:00;="541448820043562075";1SAG1100625708;Digitale meter;Afname Nacht;1,269;kWh;Uitgelezen;Zonnepanelen
26-01-2026;00:00:00;27-01-2026;00:00:00;="541448820043562075";1SAG1100625708;Digitale meter;Injectie Nacht;0,000;kWh;Uitgelezen;Zonnepanelen
27-01-2026;00:00:00;28-01-2026;00:00:00;="541448820043562075";1SAG1100625708;Digitale meter;Afname Dag;3,700;kWh;Uitgelezen;Zonnepanelen
27-01-2026;00:00:00;28-01-2026;00:00:00;="541448820043562075";1SAG1100625708;Digitale meter;Injectie Dag;0,009;kWh;Uitgelezen;Zonnepanelen
27-01-2026;00:00:00;28-01-2026;00:00:00;="541448820043562075";1SAG1100625708;Digitale meter;Afname Nacht;0,690;kWh;Uitgelezen;Zonnepanelen
27-01-2026;00:00:00;28-01-2026;00:00:00;="541448820043562075";1SAG1100625708;Digitale meter;Injectie Nacht;0,000;kWh;Uitgelezen;Zonnepanelen
28-01-2026;00:00:00;29-01-2026;00:00:00;="541448820043562075";1SAG1100625708;Digitale meter;Afname Dag;1,587;kWh;Uitgelezen;Zonnepanelen
28-01-2026;00:00:00;29-01-2026;00:00:00;="541448820043562075";1SAG1100625708;Digitale meter;Injectie Dag;1,133;kWh;Uitgelezen;Zonnepanelen
28-01-2026;00:00:00;29-01-2026;00:00:00;="541448820043562075";1SAG1100625708;Digitale meter;Afname Nacht;0,725;kWh;Uitgelezen;Zonnepanelen
28-01-2026;00:00:00;29-01-2026;00:00:00;="541448820043562075";1SAG1100625708;Digitale meter;Injectie Nacht;0,000;kWh;Uitgelezen;Zonnepanelen
29-01-2026;00:00:00;30-01-2026;00:00:00;="541448820043562075";1SAG1100625708;Digitale meter;Afname Dag;1,406;kWh;Uitgelezen;Zonnepanelen
29-01-2026;00:00:00;30-01-2026;00:00:00;="541448820043562075";1SAG1100625708;Digitale meter;Injectie Dag;0,016;kWh;Uitgelezen;Zonnepanelen
29-01-2026;00:00:00;30-01-2026;00:00:00;="541448820043562075";1SAG1100625708;Digitale meter;Afname Nacht;0,857;kWh;Uitgelezen;Zonnepanelen
29-01-2026;00:00:00;30-01-2026;00:00:00;="541448820043562075";1SAG1100625708;Digitale meter;Injectie Nacht;0,000;kWh;Uitgelezen;Zonnepanelen
30-01-2026;00:00:00;31-01-2026;00:00:00;="541448820043562075";1SAG1100625708;Digitale meter;Afname Dag;3,387;kWh;Uitgelezen;Zonnepanelen
30-01-2026;00:00:00;31-01-2026;00:00:00;="541448820043562075";1SAG1100625708;Digitale meter;Injectie Dag;1,470;kWh;Uitgelezen;Zonnepanelen
30-01-2026;00:00:00;31-01-2026;00:00:00;="541448820043562075";1SAG1100625708;Digitale meter;Afname Nacht;1,182;kWh;Uitgelezen;Zonnepanelen
30-01-2026;00:00:00;31-01-2026;00:00:00;="541448820043562075";1SAG1100625708;Digitale meter;Injectie Nacht;0,000;kWh;Uitgelezen;Zonnepanelen
31-01-2026;00:00:00;01-02-2026;00:00:00;="541448820043562075";1SAG1100625708;Digitale meter;Afname Dag;0,000;kWh;Uitgelezen;Zonnepanelen
31-01-2026;00:00:00;01-02-2026;00:00:00;="541448820043562075";1SAG1100625708;Digitale meter;Injectie Dag;0,000;kWh;Uitgelezen;Zonnepanelen
31-01-2026;00:00:00;01-02-2026;00:00:00;="541448820043562075";1SAG1100625708;Digitale meter;Afname Nacht;2,836;kWh;Uitgelezen;Zonnepanelen
31-01-2026;00:00:00;01-02-2026;00:00:00;="541448820043562075";1SAG1100625708;Digitale meter;Injectie Nacht;3,960;kWh;Uitgelezen;Zonnepanelen
01-02-2026;00:00:00;02-02-2026;00:00:00;="541448820043562075";1SAG1100625708;Digitale meter;Afname Dag;0,000;kWh;Uitgelezen;Zonnepanelen
01-02-2026;00:00:00;02-02-2026;00:00:00;="541448820043562075";1SAG1100625708;Digitale meter;Injectie Dag;0,000;kWh;Uitgelezen;Zonnepanelen
01-02-2026;00:00:00;02-02-2026;00:00:00;="541448820043562075";1SAG1100625708;Digitale meter;Afname Nacht;5,153;kWh;Uitgelezen;Zonnepanelen
01-02-2026;00:00:00;02-02-2026;00:00:00;="541448820043562075";1SAG1100625708;Digitale meter;Injectie Nacht;0,166;kWh;Uitgelezen;Zonnepanelen
02-02-2026;00:00:00;03-02-2026;00:00:00;="541448820043562075";1SAG1100625708;Digitale meter;Afname Dag;4,237;kWh;Uitgelezen;Zonnepanelen
02-02-2026;00:00:00;03-02-2026;00:00:00;="541448820043562075";1SAG1100625708;Digitale meter;Injectie Dag;0,390;kWh;Uitgelezen;Zonnepanelen
02-02-2026;00:00:00;03-02-2026;00:00:00;="541448820043562075";1SAG1100625708;Digitale meter;Afname Nacht;1,238;kWh;Uitgelezen;Zonnepanelen
02-02-2026;00:00:00;03-02-2026;00:00:00;="541448820043562075";1SAG1100625708;Digitale meter;Injectie Nacht;0,000;kWh;Uitgelezen;Zonnepanelen
03-02-2026;00:00:00;04-02-2026;00:00:00;="541448820043562075";1SAG1100625708;Digitale meter;Afname Dag;2,243;kWh;Uitgelezen;Zonnepanelen
03-02-2026;00:00:00;04-02-2026;00:00:00;="541448820043562075";1SAG1100625708;Digitale meter;Injectie Dag;0,242;kWh;Uitgelezen;Zonnepanelen
03-02-2026;00:00:00;04-02-2026;00:00:00;="541448820043562075";1SAG1100625708;Digitale meter;Afname Nacht;0,617;kWh;Uitgelezen;Zonnepanelen
03-02-2026;00:00:00;04-02-2026;00:00:00;="541448820043562075";1SAG1100625708;Digitale meter;Injectie Nacht;0,000;kWh;Uitgelezen;Zonnepanelen
04-02-2026;00:00:00;05-02-2026;00:00:00;="541448820043562075";1SAG1100625708;Digitale meter;Afname Dag;2,971;kWh;Uitgelezen;Zonnepanelen
04-02-2026;00:00:00;05-02-2026;00:00:00;="541448820043562075";1SAG1100625708;Digitale meter;Injectie Dag;5,773;kWh;Uitgelezen;Zonnepanelen
04-02-2026;00:00:00;05-02-2026;00:00:00;="541448820043562075";1SAG1100625708;Digitale meter;Afname Nacht;0,629;kWh;Uitgelezen;Zonnepanelen
04-02-2026;00:00:00;05-02-2026;00:00:00;="541448820043562075";1SAG1100625708;Digitale meter;Injectie Nacht;0,000;kWh;Uitgelezen;Zonnepanelen
05-02-2026;00:00:00;06-02-2026;00:00:00;="541448820043562075";1SAG1100625708;Digitale meter;Afname Dag;1,989;kWh;Uitgelezen;Zonnepanelen
05-02-2026;00:00:00;06-02-2026;00:00:00;="541448820043562075";1SAG1100625708;Digitale meter;Injectie Dag;0,492;kWh;Uitgelezen;Zonnepanelen
05-02-2026;00:00:00;06-02-2026;00:00:00;="541448820043562075";1SAG1100625708;Digitale meter;Afname Nacht;0,652;kWh;Uitgelezen;Zonnepanelen
05-02-2026;00:00:00;06-02-2026;00:00:00;="541448820043562075";1SAG1100625708;Digitale meter;Injectie Nacht;0,000;kWh;Uitgelezen;Zonnepanelen
06-02-2026;00:00:00;07-02-2026;00:00:00;="541448820043562075";1SAG1100625708;Digitale meter;Afname Dag;6,696;kWh;Uitgelezen;Zonnepanelen
06-02-2026;00:00:00;07-02-2026;00:00:00;="541448820043562075";1SAG1100625708;Digitale meter;Injectie Dag;0,078;kWh;Uitgelezen;Zonnepanelen
06-02-2026;00:00:00;07-02-2026;00:00:00;="541448820043562075";1SAG1100625708;Digitale meter;Afname Nacht;0,506;kWh;Uitgelezen;Zonnepanelen
06-02-2026;00:00:00;07-02-2026;00:00:00;="541448820043562075";1SAG1100625708;Digitale meter;Injectie Nacht;0,000;kWh;Uitgelezen;Zonnepanelen
07-02-2026;00:00:00;08-02-2026;00:00:00;="541448820043562075";1SAG1100625708;Digitale meter;Afname Dag;0,000;kWh;Uitgelezen;Zonnepanelen
07-02-2026;00:00:00;08-02-2026;00:00:00;="541448820043562075";1SAG1100625708;Digitale meter;Injectie Dag;0,000;kWh;Uitgelezen;Zonnepanelen
07-02-2026;00:00:00;08-02-2026;00:00:00;="541448820043562075";1SAG1100625708;Digitale meter;Afname Nacht;7,033;kWh;Uitgelezen;Zonnepanelen
07-02-2026;00:00:00;08-02-2026;00:00:00;="541448820043562075";1SAG1100625708;Digitale meter;Injectie Nacht;3,173;kWh;Uitgelezen;Zonnepanelen
08-02-2026;00:00:00;09-02-2026;00:00:00;="541448820043562075";1SAG1100625708;Digitale meter;Afname Dag;0,000;kWh;Uitgelezen;Zonnepanelen
08-02-2026;00:00:00;09-02-2026;00:00:00;="541448820043562075";1SAG1100625708;Digitale meter;Injectie Dag;0,000;kWh;Uitgelezen;Zonnepanelen
08-02-2026;00:00:00;09-02-2026;00:00:00;="541448820043562075";1SAG1100625708;Digitale meter;Afname Nacht;3,683;kWh;Uitgelezen;Zonnepanelen
08-02-2026;00:00:00;09-02-2026;00:00:00;="541448820043562075";1SAG1100625708;Digitale meter;Injectie Nacht;5,995;kWh;Uitgelezen;Zonnepanelen
09-02-2026;00:00:00;10-02-2026;00:00:00;="541448820043562075";1SAG1100625708;Digitale meter;Afname Dag;2,167;kWh;Uitgelezen;Zonnepanelen
09-02-2026;00:00:00;10-02-2026;00:00:00;="541448820043562075";1SAG1100625708;Digitale meter;Injectie Dag;0,055;kWh;Uitgelezen;Zonnepanelen
09-02-2026;00:00:00;10-02-2026;00:00:00;="541448820043562075";1SAG1100625708;Digitale meter;Afname Nacht;1,045;kWh;Uitgelezen;Zonnepanelen
09-02-2026;00:00:00;10-02-2026;00:00:00;="541448820043562075";1SAG1100625708;Digitale meter;Injectie Nacht;0,000;kWh;Uitgelezen;Zonnepanelen
10-02-2026;00:00:00;11-02-2026;00:00:00;="541448820043562075";1SAG1100625708;Digitale meter;Afname Dag;2,515;kWh;Uitgelezen;Zonnepanelen
10-02-2026;00:00:00;11-02-2026;00:00:00;="541448820043562075";1SAG1100625708;Digitale meter;Injectie Dag;0,369;kWh;Uitgelezen;Zonnepanelen
10-02-2026;00:00:00;11-02-2026;00:00:00;="541448820043562075";1SAG1100625708;Digitale meter;Afname Nacht;0,885;kWh;Uitgelezen;Zonnepanelen
10-02-2026;00:00:00;11-02-2026;00:00:00;="541448820043562075";1SAG1100625708;Digitale meter;Injectie Nacht;0,000;kWh;Uitgelezen;Zonnepanelen
11-02-2026;00:00:00;12-02-2026;00:00:00;="541448820043562075";1SAG1100625708;Digitale meter;Afname Dag;2,398;kWh;Uitgelezen;Zonnepanelen
11-02-2026;00:00:00;12-02-2026;00:00:00;="541448820043562075";1SAG1100625708;Digitale meter;Injectie Dag;0,049;kWh;Uitgelezen;Zonnepanelen
11-02-2026;00:00:00;12-02-2026;00:00:00;="541448820043562075";1SAG1100625708;Digitale meter;Afname Nacht;1,046;kWh;Uitgelezen;Zonnepanelen
11-02-2026;00:00:00;12-02-2026;00:00:00;="541448820043562075";1SAG1100625708;Digitale meter;Injectie Nacht;0,000;kWh;Uitgelezen;Zonnepanelen
12-02-2026;00:00:00;13-02-2026;00:00:00;="541448820043562075";1SAG1100625708;Digitale meter;Afname Dag;2,464;kWh;Uitgelezen;Zonnepanelen
12-02-2026;00:00:00;13-02-2026;00:00:00;="541448820043562075";1SAG1100625708;Digitale meter;Injectie Dag;1,055;kWh;Uitgelezen;Zonnepanelen
12-02-2026;00:00:00;13-02-2026;00:00:00;="541448820043562075";1SAG1100625708;Digitale meter;Afname Nacht;0,779;kWh;Uitgelezen;Zonnepanelen
12-02-2026;00:00:00;13-02-2026;00:00:00;="541448820043562075";1SAG1100625708;Digitale meter;Injectie Nacht;0,000;kWh;Uitgelezen;Zonnepanelen
13-02-2026;00:00:00;14-02-2026;00:00:00;="541448820043562075";1SAG1100625708;Digitale meter;Afname Dag;3,272;kWh;Uitgelezen;Zonnepanelen
13-02-2026;00:00:00;14-02-2026;00:00:00;="541448820043562075";1SAG1100625708;Digitale meter;Injectie Dag;0,000;kWh;Uitgelezen;Zonnepanelen
13-02-2026;00:00:00;14-02-2026;00:00:00;="541448820043562075";1SAG1100625708;Digitale meter;Afname Nacht;0,884;kWh;Uitgelezen;Zonnepanelen
13-02-2026;00:00:00;14-02-2026;00:00:00;="541448820043562075";1SAG1100625708;Digitale meter;Injectie Nacht;0,000;kWh;Uitgelezen;Zonnepanelen
14-02-2026;00:00:00;15-02-2026;00:00:00;="541448820043562075";1SAG1100625708;Digitale meter;Afname Dag;0,000;kWh;Uitgelezen;Zonnepanelen
14-02-2026;00:00:00;15-02-2026;00:00:00;="541448820043562075";1SAG1100625708;Digitale meter;Injectie Dag;0,000;kWh;Uitgelezen;Zonnepanelen
14-02-2026;00:00:00;15-02-2026;00:00:00;="541448820043562075";1SAG1100625708;Digitale meter;Afname Nacht;11,089;kWh;Uitgelezen;Zonnepanelen
14-02-2026;00:00:00;15-02-2026;00:00:00;="541448820043562075";1SAG1100625708;Digitale meter;Injectie Nacht;1,119;kWh;Uitgelezen;Zonnepanelen
15-02-2026;00:00:00;16-02-2026;00:00:00;="541448820043562075";1SAG1100625708;Digitale meter;Afname Dag;0,000;kWh;Uitgelezen;Zonnepanelen
15-02-2026;00:00:00;16-02-2026;00:00:00;="541448820043562075";1SAG1100625708;Digitale meter;Injectie Dag;0,000;kWh;Uitgelezen;Zonnepanelen
15-02-2026;00:00:00;16-02-2026;00:00:00;="541448820043562075";1SAG1100625708;Digitale meter;Afname Nacht;3,427;kWh;Uitgelezen;Zonnepanelen
15-02-2026;00:00:00;16-02-2026;00:00:00;="541448820043562075";1SAG1100625708;Digitale meter;Injectie Nacht;3,912;kWh;Uitgelezen;Zonnepanelen
16-02-2026;00:00:00;17-02-2026;00:00:00;="541448820043562075";1SAG1100625708;Digitale meter;Afname Dag;2,974;kWh;Uitgelezen;Zonnepanelen
16-02-2026;00:00:00;17-02-2026;00:00:00;="541448820043562075";1SAG1100625708;Digitale meter;Injectie Dag;2,282;kWh;Uitgelezen;Zonnepanelen
16-02-2026;00:00:00;17-02-2026;00:00:00;="541448820043562075";1SAG1100625708;Digitale meter;Afname Nacht;0,490;kWh;Uitgelezen;Zonnepanelen
16-02-2026;00:00:00;17-02-2026;00:00:00;="541448820043562075";1SAG1100625708;Digitale meter;Injectie Nacht;0,000;kWh;Uitgelezen;Zonnepanelen
17-02-2026;00:00:00;18-02-2026;00:00:00;="541448820043562075";1SAG1100625708;Digitale meter;Afname Dag;0,407;kWh;Uitgelezen;Zonnepanelen
17-02-2026;00:00:00;18-02-2026;00:00:00;="541448820043562075";1SAG1100625708;Digitale meter;Injectie Dag;2,096;kWh;Uitgelezen;Zonnepanelen
17-02-2026;00:00:00;18-02-2026;00:00:00;="541448820043562075";1SAG1100625708;Digitale meter;Afname Nacht;0,474;kWh;Uitgelezen;Zonnepanelen
17-02-2026;00:00:00;18-02-2026;00:00:00;="541448820043562075";1SAG1100625708;Digitale meter;Injectie Nacht;0,000;kWh;Uitgelezen;Zonnepanelen
18-02-2026;00:00:00;19-02-2026;00:00:00;="541448820043562075";1SAG1100625708;Digitale meter;Afname Dag;0,360;kWh;Uitgelezen;Zonnepanelen
18-02-2026;00:00:00;19-02-2026;00:00:00;="541448820043562075";1SAG1100625708;Digitale meter;Injectie Dag;5,029;kWh;Uitgelezen;Zonnepanelen
18-02-2026;00:00:00;19-02-2026;00:00:00;="541448820043562075";1SAG1100625708;Digitale meter;Afname Nacht;0,477;kWh;Uitgelezen;Zonnepanelen
18-02-2026;00:00:00;19-02-2026;00:00:00;="541448820043562075";1SAG1100625708;Digitale meter;Injectie Nacht;0,000;kWh;Uitgelezen;Zonnepanelen
19-02-2026;00:00:00;20-02-2026;00:00:00;="541448820043562075";1SAG1100625708;Digitale meter;Afname Dag;0,978;kWh;Uitgelezen;Zonnepanelen
19-02-2026;00:00:00;20-02-2026;00:00:00;="541448820043562075";1SAG1100625708;Digitale meter;Injectie Dag;1,020;kWh;Uitgelezen;Zonnepanelen
19-02-2026;00:00:00;20-02-2026;00:00:00;="541448820043562075";1SAG1100625708;Digitale meter;Afname Nacht;0,624;kWh;Uitgelezen;Zonnepanelen
19-02-2026;00:00:00;20-02-2026;00:00:00;="541448820043562075";1SAG1100625708;Digitale meter;Injectie Nacht;0,000;kWh;Uitgelezen;Zonnepanelen
20-02-2026;00:00:00;21-02-2026;00:00:00;="541448820043562075";1SAG1100625708;Digitale meter;Afname Dag;2,584;kWh;Uitgelezen;Zonnepanelen
20-02-2026;00:00:00;21-02-2026;00:00:00;="541448820043562075";1SAG1100625708;Digitale meter;Injectie Dag;0,674;kWh;Uitgelezen;Zonnepanelen
20-02-2026;00:00:00;21-02-2026;00:00:00;="541448820043562075";1SAG1100625708;Digitale meter;Afname Nacht;0,722;kWh;Uitgelezen;Zonnepanelen
20-02-2026;00:00:00;21-02-2026;00:00:00;="541448820043562075";1SAG1100625708;Digitale meter;Injectie Nacht;0,000;kWh;Uitgelezen;Zonnepanelen
21-02-2026;00:00:00;22-02-2026;00:00:00;="541448820043562075";1SAG1100625708;Digitale meter;Afname Dag;0,000;kWh;Uitgelezen;Zonnepanelen
21-02-2026;00:00:00;22-02-2026;00:00:00;="541448820043562075";1SAG1100625708;Digitale meter;Injectie Dag;0,000;kWh;Uitgelezen;Zonnepanelen
21-02-2026;00:00:00;22-02-2026;00:00:00;="541448820043562075";1SAG1100625708;Digitale meter;Afname Nacht;5,257;kWh;Uitgelezen;Zonnepanelen
21-02-2026;00:00:00;22-02-2026;00:00:00;="541448820043562075";1SAG1100625708;Digitale meter;Injectie Nacht;0,319;kWh;Uitgelezen;Zonnepanelen
22-02-2026;00:00:00;23-02-2026;00:00:00;="541448820043562075";1SAG1100625708;Digitale meter;Afname Dag;0,000;kWh;Uitgelezen;Zonnepanelen
22-02-2026;00:00:00;23-02-2026;00:00:00;="541448820043562075";1SAG1100625708;Digitale meter;Injectie Dag;0,000;kWh;Uitgelezen;Zonnepanelen
22-02-2026;00:00:00;23-02-2026;00:00:00;="541448820043562075";1SAG1100625708;Digitale meter;Afname Nacht;8,210;kWh;Uitgelezen;Zonnepanelen
22-02-2026;00:00:00;23-02-2026;00:00:00;="541448820043562075";1SAG1100625708;Digitale meter;Injectie Nacht;0,000;kWh;Uitgelezen;Zonnepanelen
23-02-2026;00:00:00;24-02-2026;00:00:00;="541448820043562075";1SAG1100625708;Digitale meter;Afname Dag;3,215;kWh;Uitgelezen;Zonnepanelen
23-02-2026;00:00:00;24-02-2026;00:00:00;="541448820043562075";1SAG1100625708;Digitale meter;Injectie Dag;1,584;kWh;Uitgelezen;Zonnepanelen
23-02-2026;00:00:00;24-02-2026;00:00:00;="541448820043562075";1SAG1100625708;Digitale meter;Afname Nacht;1,044;kWh;Uitgelezen;Zonnepanelen
23-02-2026;00:00:00;24-02-2026;00:00:00;="541448820043562075";1SAG1100625708;Digitale meter;Injectie Nacht;0,000;kWh;Uitgelezen;Zonnepanelen
24-02-2026;00:00:00;25-02-2026;00:00:00;="541448820043562075";1SAG1100625708;Digitale meter;Afname Dag;1,981;kWh;Uitgelezen;Zonnepanelen
24-02-2026;00:00:00;25-02-2026;00:00:00;="541448820043562075";1SAG1100625708;Digitale meter;Injectie Dag;0,235;kWh;Uitgelezen;Zonnepanelen
24-02-2026;00:00:00;25-02-2026;00:00:00;="541448820043562075";1SAG1100625708;Digitale meter;Afname Nacht;0,745;kWh;Uitgelezen;Zonnepanelen
24-02-2026;00:00:00;25-02-2026;00:00:00;="541448820043562075";1SAG1100625708;Digitale meter;Injectie Nacht;0,000;kWh;Uitgelezen;Zonnepanelen
25-02-2026;00:00:00;26-02-2026;00:00:00;="541448820043562075";1SAG1100625708;Digitale meter;Afname Dag;2,111;kWh;Uitgelezen;Zonnepanelen
25-02-2026;00:00:00;26-02-2026;00:00:00;="541448820043562075";1SAG1100625708;Digitale meter;Injectie Dag;7,207;kWh;Uitgelezen;Zonnepanelen
25-02-2026;00:00:00;26-02-2026;00:00:00;="541448820043562075";1SAG1100625708;Digitale meter;Afname Nacht;0,590;kWh;Uitgelezen;Zonnepanelen
25-02-2026;00:00:00;26-02-2026;00:00:00;="541448820043562075";1SAG1100625708;Digitale meter;Injectie Nacht;0,000;kWh;Uitgelezen;Zonnepanelen
26-02-2026;00:00:00;27-02-2026;00:00:00;="541448820043562075";1SAG1100625708;Digitale meter;Afname Dag;3,877;kWh;Uitgelezen;Zonnepanelen
26-02-2026;00:00:00;27-02-2026;00:00:00;="541448820043562075";1SAG1100625708;Digitale meter;Injectie Dag;5,567;kWh;Uitgelezen;Zonnepanelen
26-02-2026;00:00:00;27-02-2026;00:00:00;="541448820043562075";1SAG1100625708;Digitale meter;Afname Nacht;0,680;kWh;Uitgelezen;Zonnepanelen
26-02-2026;00:00:00;27-02-2026;00:00:00;="541448820043562075";1SAG1100625708;Digitale meter;Injectie Nacht;0,000;kWh;Uitgelezen;Zonnepanelen
27-02-2026;00:00:00;28-02-2026;00:00:00;="541448820043562075";1SAG1100625708;Digitale meter;Afname Dag;2,095;kWh;Uitgelezen;Zonnepanelen
27-02-2026;00:00:00;28-02-2026;00:00:00;="541448820043562075";1SAG1100625708;Digitale meter;Injectie Dag;0,876;kWh;Uitgelezen;Zonnepanelen
27-02-2026;00:00:00;28-02-2026;00:00:00;="541448820043562075";1SAG1100625708;Digitale meter;Afname Nacht;0,327;kWh;Uitgelezen;Zonnepanelen
27-02-2026;00:00:00;28-02-2026;00:00:00;="541448820043562075";1SAG1100625708;Digitale meter;Injectie Nacht;0,000;kWh;Uitgelezen;Zonnepanelen
28-02-2026;00:00:00;01-03-2026;00:00:00;="541448820043562075";1SAG1100625708;Digitale meter;Afname Dag;0,000;kWh;Uitgelezen;Zonnepanelen
28-02-2026;00:00:00;01-03-2026;00:00:00;="541448820043562075";1SAG1100625708;Digitale meter;Injectie Dag;0,000;kWh;Uitgelezen;Zonnepanelen
28-02-2026;00:00:00;01-03-2026;00:00:00;="541448820043562075";1SAG1100625708;Digitale meter;Afname Nacht;4,082;kWh;Uitgelezen;Zonnepanelen
28-02-2026;00:00:00;01-03-2026;00:00:00;="541448820043562075";1SAG1100625708;Digitale meter;Injectie Nacht;0,032;kWh;Uitgelezen;Zonnepanelen
01-03-2026;00:00:00;02-03-2026;00:00:00;="541448820043562075";1SAG1100625708;Digitale meter;Afname Dag;0,000;kWh;Uitgelezen;Zonnepanelen
01-03-2026;00:00:00;02-03-2026;00:00:00;="541448820043562075";1SAG1100625708;Digitale meter;Injectie Dag;0,000;kWh;Uitgelezen;Zonnepanelen
01-03-2026;00:00:00;02-03-2026;00:00:00;="541448820043562075";1SAG1100625708;Digitale meter;Afname Nacht;2,136;kWh;Uitgelezen;Zonnepanelen
01-03-2026;00:00:00;02-03-2026;00:00:00;="541448820043562075";1SAG1100625708;Digitale meter;Injectie Nacht;4,498;kWh;Uitgelezen;Zonnepanelen
02-03-2026;00:00:00;03-03-2026;00:00:00;="541448820043562075";1SAG1100625708;Digitale meter;Afname Dag;4,214;kWh;Uitgelezen;Zonnepanelen
02-03-2026;00:00:00;03-03-2026;00:00:00;="541448820043562075";1SAG1100625708;Digitale meter;Injectie Dag;7,104;kWh;Uitgelezen;Zonnepanelen
02-03-2026;00:00:00;03-03-2026;00:00:00;="541448820043562075";1SAG1100625708;Digitale meter;Afname Nacht;0,611;kWh;Uitgelezen;Zonnepanelen
02-03-2026;00:00:00;03-03-2026;00:00:00;="541448820043562075";1SAG1100625708;Digitale meter;Injectie Nacht;0,000;kWh;Uitgelezen;Zonnepanelen
03-03-2026;00:00:00;04-03-2026;00:00:00;="541448820043562075";1SAG1100625708;Digitale meter;Afname Dag;2,867;kWh;Uitgelezen;Zonnepanelen
03-03-2026;00:00:00;04-03-2026;00:00:00;="541448820043562075";1SAG1100625708;Digitale meter;Injectie Dag;5,527;kWh;Uitgelezen;Zonnepanelen
03-03-2026;00:00:00;04-03-2026;00:00:00;="541448820043562075";1SAG1100625708;Digitale meter;Afname Nacht;1,151;kWh;Uitgelezen;Zonnepanelen
03-03-2026;00:00:00;04-03-2026;00:00:00;="541448820043562075";1SAG1100625708;Digitale meter;Injectie Nacht;0,000;kWh;Uitgelezen;Zonnepanelen
04-03-2026;00:00:00;05-03-2026;00:00:00;="541448820043562075";1SAG1100625708;Digitale meter;Afname Dag;1,995;kWh;Uitgelezen;Zonnepanelen
04-03-2026;00:00:00;05-03-2026;00:00:00;="541448820043562075";1SAG1100625708;Digitale meter;Injectie Dag;4,102;kWh;Uitgelezen;Zonnepanelen
04-03-2026;00:00:00;05-03-2026;00:00:00;="541448820043562075";1SAG1100625708;Digitale meter;Afname Nacht;0,464;kWh;Uitgelezen;Zonnepanelen
04-03-2026;00:00:00;05-03-2026;00:00:00;="541448820043562075";1SAG1100625708;Digitale meter;Injectie Nacht;0,000;kWh;Uitgelezen;Zonnepanelen
05-03-2026;00:00:00;06-03-2026;00:00:00;="541448820043562075";1SAG1100625708;Digitale meter;Afname Dag;1,465;kWh;Uitgelezen;Zonnepanelen
05-03-2026;00:00:00;06-03-2026;00:00:00;="541448820043562075";1SAG1100625708;Digitale meter;Injectie Dag;6,450;kWh;Uitgelezen;Zonnepanelen
05-03-2026;00:00:00;06-03-2026;00:00:00;="541448820043562075";1SAG1100625708;Digitale meter;Afname Nacht;0,802;kWh;Uitgelezen;Zonnepanelen
05-03-2026;00:00:00;06-03-2026;00:00:00;="541448820043562075";1SAG1100625708;Digitale meter;Injectie Nacht;0,000;kWh;Uitgelezen;Zonnepanelen
06-03-2026;00:00:00;07-03-2026;00:00:00;="541448820043562075";1SAG1100625708;Digitale meter;Afname Dag;1,666;kWh;Uitgelezen;Zonnepanelen
06-03-2026;00:00:00;07-03-2026;00:00:00;="541448820043562075";1SAG1100625708;Digitale meter;Injectie Dag;2,447;kWh;Uitgelezen;Zonnepanelen
06-03-2026;00:00:00;07-03-2026;00:00:00;="541448820043562075";1SAG1100625708;Digitale meter;Afname Nacht;0,396;kWh;Uitgelezen;Zonnepanelen
06-03-2026;00:00:00;07-03-2026;00:00:00;="541448820043562075";1SAG1100625708;Digitale meter;Injectie Nacht;0,000;kWh;Uitgelezen;Zonnepanelen
07-03-2026;00:00:00;08-03-2026;00:00:00;="541448820043562075";1SAG1100625708;Digitale meter;Afname Dag;0,000;kWh;Uitgelezen;Zonnepanelen
07-03-2026;00:00:00;08-03-2026;00:00:00;="541448820043562075";1SAG1100625708;Digitale meter;Injectie Dag;0,000;kWh;Uitgelezen;Zonnepanelen
07-03-2026;00:00:00;08-03-2026;00:00:00;="541448820043562075";1SAG1100625708;Digitale meter;Afname Nacht;7,173;kWh;Uitgelezen;Zonnepanelen
07-03-2026;00:00:00;08-03-2026;00:00:00;="541448820043562075";1SAG1100625708;Digitale meter;Injectie Nacht;0,764;kWh;Uitgelezen;Zonnepanelen
08-03-2026;00:00:00;09-03-2026;00:00:00;="541448820043562075";1SAG1100625708;Digitale meter;Afname Dag;0,000;kWh;Uitgelezen;Zonnepanelen
08-03-2026;00:00:00;09-03-2026;00:00:00;="541448820043562075";1SAG1100625708;Digitale meter;Injectie Dag;0,000;kWh;Uitgelezen;Zonnepanelen
08-03-2026;00:00:00;09-03-2026;00:00:00;="541448820043562075";1SAG1100625708;Digitale meter;Afname Nacht;3,990;kWh;Uitgelezen;Zonnepanelen
08-03-2026;00:00:00;09-03-2026;00:00:00;="541448820043562075";1SAG1100625708;Digitale meter;Injectie Nacht;1,699;kWh;Uitgelezen;Zonnepanelen
09-03-2026;00:00:00;10-03-2026;00:00:00;="541448820043562075";1SAG1100625708;Digitale meter;Afname Dag;2,326;kWh;Uitgelezen;Zonnepanelen
09-03-2026;00:00:00;10-03-2026;00:00:00;="541448820043562075";1SAG1100625708;Digitale meter;Injectie Dag;4,525;kWh;Uitgelezen;Zonnepanelen
09-03-2026;00:00:00;10-03-2026;00:00:00;="541448820043562075";1SAG1100625708;Digitale meter;Afname Nacht;0,392;kWh;Uitgelezen;Zonnepanelen
09-03-2026;00:00:00;10-03-2026;00:00:00;="541448820043562075";1SAG1100625708;Digitale meter;Injectie Nacht;0,000;kWh;Uitgelezen;Zonnepanelen
10-03-2026;00:00:00;11-03-2026;00:00:00;="541448820043562075";1SAG1100625708;Digitale meter;Afname Dag;2,212;kWh;Uitgelezen;Zonnepanelen
10-03-2026;00:00:00;11-03-2026;00:00:00;="541448820043562075";1SAG1100625708;Digitale meter;Injectie Dag;0,583;kWh;Uitgelezen;Zonnepanelen
10-03-2026;00:00:00;11-03-2026;00:00:00;="541448820043562075";1SAG1100625708;Digitale meter;Afname Nacht;0,623;kWh;Uitgelezen;Zonnepanelen
10-03-2026;00:00:00;11-03-2026;00:00:00;="541448820043562075";1SAG1100625708;Digitale meter;Injectie Nacht;0,000;kWh;Uitgelezen;Zonnepanelen
11-03-2026;00:00:00;12-03-2026;00:00:00;="541448820043562075";1SAG1100625708;Digitale meter;Afname Dag;1,303;kWh;Uitgelezen;Zonnepanelen
11-03-2026;00:00:00;12-03-2026;00:00:00;="541448820043562075";1SAG1100625708;Digitale meter;Injectie Dag;1,049;kWh;Uitgelezen;Zonnepanelen
11-03-2026;00:00:00;12-03-2026;00:00:00;="541448820043562075";1SAG1100625708;Digitale meter;Afname Nacht;1,501;kWh;Uitgelezen;Zonnepanelen
11-03-2026;00:00:00;12-03-2026;00:00:00;="541448820043562075";1SAG1100625708;Digitale meter;Injectie Nacht;0,000;kWh;Uitgelezen;Zonnepanelen
12-03-2026;00:00:00;13-03-2026;00:00:00;="541448820043562075";1SAG1100625708;Digitale meter;Afname Dag;0,823;kWh;Uitgelezen;Zonnepanelen
12-03-2026;00:00:00;13-03-2026;00:00:00;="541448820043562075";1SAG1100625708;Digitale meter;Injectie Dag;5,550;kWh;Uitgelezen;Zonnepanelen
12-03-2026;00:00:00;13-03-2026;00:00:00;="541448820043562075";1SAG1100625708;Digitale meter;Afname Nacht;0,777;kWh;Uitgelezen;Zonnepanelen
12-03-2026;00:00:00;13-03-2026;00:00:00;="541448820043562075";1SAG1100625708;Digitale meter;Injectie Nacht;0,000;kWh;Uitgelezen;Zonnepanelen
13-03-2026;00:00:00;14-03-2026;00:00:00;="541448820043562075";1SAG1100625708;Digitale meter;Afname Dag;1,177;kWh;Uitgelezen;Zonnepanelen
13-03-2026;00:00:00;14-03-2026;00:00:00;="541448820043562075";1SAG1100625708;Digitale meter;Injectie Dag;0,115;kWh;Uitgelezen;Zonnepanelen
13-03-2026;00:00:00;14-03-2026;00:00:00;="541448820043562075";1SAG1100625708;Digitale meter;Afname Nacht;0,538;kWh;Uitgelezen;Zonnepanelen
13-03-2026;00:00:00;14-03-2026;00:00:00;="541448820043562075";1SAG1100625708;Digitale meter;Injectie Nacht;0,000;kWh;Uitgelezen;Zonnepanelen
14-03-2026;00:00:00;15-03-2026;00:00:00;="541448820043562075";1SAG1100625708;Digitale meter;Afname Dag;0,000;kWh;Uitgelezen;Zonnepanelen
14-03-2026;00:00:00;15-03-2026;00:00:00;="541448820043562075";1SAG1100625708;Digitale meter;Injectie Dag;0,000;kWh;Uitgelezen;Zonnepanelen
14-03-2026;00:00:00;15-03-2026;00:00:00;="541448820043562075";1SAG1100625708;Digitale meter;Afname Nacht;1,392;kWh;Uitgelezen;Zonnepanelen
14-03-2026;00:00:00;15-03-2026;00:00:00;="541448820043562075";1SAG1100625708;Digitale meter;Injectie Nacht;2,754;kWh;Uitgelezen;Zonnepanelen
15-03-2026;00:00:00;16-03-2026;00:00:00;="541448820043562075";1SAG1100625708;Digitale meter;Afname Dag;0,000;kWh;Uitgelezen;Zonnepanelen
15-03-2026;00:00:00;16-03-2026;00:00:00;="541448820043562075";1SAG1100625708;Digitale meter;Injectie Dag;0,000;kWh;Uitgelezen;Zonnepanelen
15-03-2026;00:00:00;16-03-2026;00:00:00;="541448820043562075";1SAG1100625708;Digitale meter;Afname Nacht;0,484;kWh;Uitgelezen;Zonnepanelen
15-03-2026;00:00:00;16-03-2026;00:00:00;="541448820043562075";1SAG1100625708;Digitale meter;Injectie Nacht;8,443;kWh;Uitgelezen;Zonnepanelen
16-03-2026;00:00:00;17-03-2026;00:00:00;="541448820043562075";1SAG1100625708;Digitale meter;Afname Dag;1,945;kWh;Uitgelezen;Zonnepanelen
16-03-2026;00:00:00;17-03-2026;00:00:00;="541448820043562075";1SAG1100625708;Digitale meter;Injectie Dag;3,225;kWh;Uitgelezen;Zonnepanelen
16-03-2026;00:00:00;17-03-2026;00:00:00;="541448820043562075";1SAG1100625708;Digitale meter;Afname Nacht;0,398;kWh;Uitgelezen;Zonnepanelen
16-03-2026;00:00:00;17-03-2026;00:00:00;="541448820043562075";1SAG1100625708;Digitale meter;Injectie Nacht;0,000;kWh;Uitgelezen;Zonnepanelen
17-03-2026;00:00:00;18-03-2026;00:00:00;="541448820043562075";1SAG1100625708;Digitale meter;Afname Dag;2,339;kWh;Uitgelezen;Zonnepanelen
17-03-2026;00:00:00;18-03-2026;00:00:00;="541448820043562075";1SAG1100625708;Digitale meter;Injectie Dag;5,114;kWh;Uitgelezen;Zonnepanelen
17-03-2026;00:00:00;18-03-2026;00:00:00;="541448820043562075";1SAG1100625708;Digitale meter;Afname Nacht;0,606;kWh;Uitgelezen;Zonnepanelen
17-03-2026;00:00:00;18-03-2026;00:00:00;="541448820043562075";1SAG1100625708;Digitale meter;Injectie Nacht;0,000;kWh;Uitgelezen;Zonnepanelen
18-03-2026;00:00:00;19-03-2026;00:00:00;="541448820043562075";1SAG1100625708;Digitale meter;Afname Dag;2,406;kWh;Uitgelezen;Zonnepanelen
18-03-2026;00:00:00;19-03-2026;00:00:00;="541448820043562075";1SAG1100625708;Digitale meter;Injectie Dag;6,894;kWh;Uitgelezen;Zonnepanelen
18-03-2026;00:00:00;19-03-2026;00:00:00;="541448820043562075";1SAG1100625708;Digitale meter;Afname Nacht;0,525;kWh;Uitgelezen;Zonnepanelen
18-03-2026;00:00:00;19-03-2026;00:00:00;="541448820043562075";1SAG1100625708;Digitale meter;Injectie Nacht;0,000;kWh;Uitgelezen;Zonnepanelen
19-03-2026;00:00:00;20-03-2026;00:00:00;="541448820043562075";1SAG1100625708;Digitale meter;Afname Dag;0,974;kWh;Uitgelezen;Zonnepanelen
19-03-2026;00:00:00;20-03-2026;00:00:00;="541448820043562075";1SAG1100625708;Digitale meter;Injectie Dag;6,620;kWh;Uitgelezen;Zonnepanelen
19-03-2026;00:00:00;20-03-2026;00:00:00;="541448820043562075";1SAG1100625708;Digitale meter;Afname Nacht;0,393;kWh;Uitgelezen;Zonnepanelen
19-03-2026;00:00:00;20-03-2026;00:00:00;="541448820043562075";1SAG1100625708;Digitale meter;Injectie Nacht;0,000;kWh;Uitgelezen;Zonnepanelen
20-03-2026;00:00:00;21-03-2026;00:00:00;="541448820043562075";1SAG1100625708;Digitale meter;Afname Dag;1,108;kWh;Uitgelezen;Zonnepanelen
20-03-2026;00:00:00;21-03-2026;00:00:00;="541448820043562075";1SAG1100625708;Digitale meter;Injectie Dag;4,995;kWh;Uitgelezen;Zonnepanelen
20-03-2026;00:00:00;21-03-2026;00:00:00;="541448820043562075";1SAG1100625708;Digitale meter;Afname Nacht;0,479;kWh;Uitgelezen;Zonnepanelen
20-03-2026;00:00:00;21-03-2026;00:00:00;="541448820043562075";1SAG1100625708;Digitale meter;Injectie Nacht;0,000;kWh;Uitgelezen;Zonnepanelen
21-03-2026;00:00:00;22-03-2026;00:00:00;="541448820043562075";1SAG1100625708;Digitale meter;Afname Dag;0,000;kWh;Uitgelezen;Zonnepanelen
21-03-2026;00:00:00;22-03-2026;00:00:00;="541448820043562075";1SAG1100625708;Digitale meter;Injectie Dag;0,000;kWh;Uitgelezen;Zonnepanelen
21-03-2026;00:00:00;22-03-2026;00:00:00;="541448820043562075";1SAG1100625708;Digitale meter;Afname Nacht;4,492;kWh;Uitgelezen;Zonnepanelen
21-03-2026;00:00:00;22-03-2026;00:00:00;="541448820043562075";1SAG1100625708;Digitale meter;Injectie Nacht;6,507;kWh;Uitgelezen;Zonnepanelen
22-03-2026;00:00:00;23-03-2026;00:00:00;="541448820043562075";1SAG1100625708;Digitale meter;Afname Dag;0,000;kWh;Uitgelezen;Zonnepanelen
22-03-2026;00:00:00;23-03-2026;00:00:00;="541448820043562075";1SAG1100625708;Digitale meter;Injectie Dag;0,000;kWh;Uitgelezen;Zonnepanelen
22-03-2026;00:00:00;23-03-2026;00:00:00;="541448820043562075";1SAG1100625708;Digitale meter;Afname Nacht;1,319;kWh;Uitgelezen;Zonnepanelen
22-03-2026;00:00:00;23-03-2026;00:00:00;="541448820043562075";1SAG1100625708;Digitale meter;Injectie Nacht;5,923;kWh;Uitgelezen;Zonnepanelen
23-03-2026;00:00:00;24-03-2026;00:00:00;="541448820043562075";1SAG1100625708;Digitale meter;Afname Dag;1,240;kWh;Uitgelezen;Zonnepanelen
23-03-2026;00:00:00;24-03-2026;00:00:00;="541448820043562075";1SAG1100625708;Digitale meter;Injectie Dag;4,071;kWh;Uitgelezen;Zonnepanelen
23-03-2026;00:00:00;24-03-2026;00:00:00;="541448820043562075";1SAG1100625708;Digitale meter;Afname Nacht;0,845;kWh;Uitgelezen;Zonnepanelen
23-03-2026;00:00:00;24-03-2026;00:00:00;="541448820043562075";1SAG1100625708;Digitale meter;Injectie Nacht;0,000;kWh;Uitgelezen;Zonnepanelen
24-03-2026;00:00:00;25-03-2026;00:00:00;="541448820043562075";1SAG1100625708;Digitale meter;Afname Dag;2,182;kWh;Uitgelezen;Zonnepanelen
24-03-2026;00:00:00;25-03-2026;00:00:00;="541448820043562075";1SAG1100625708;Digitale meter;Injectie Dag;2,879;kWh;Uitgelezen;Zonnepanelen
24-03-2026;00:00:00;25-03-2026;00:00:00;="541448820043562075";1SAG1100625708;Digitale meter;Afname Nacht;1,013;kWh;Uitgelezen;Zonnepanelen
24-03-2026;00:00:00;25-03-2026;00:00:00;="541448820043562075";1SAG1100625708;Digitale meter;Injectie Nacht;0,000;kWh;Uitgelezen;Zonnepanelen
25-03-2026;00:00:00;26-03-2026;00:00:00;="541448820043562075";1SAG1100625708;Digitale meter;Afname Dag;1,270;kWh;Uitgelezen;Zonnepanelen
25-03-2026;00:00:00;26-03-2026;00:00:00;="541448820043562075";1SAG1100625708;Digitale meter;Injectie Dag;2,876;kWh;Uitgelezen;Zonnepanelen
25-03-2026;00:00:00;26-03-2026;00:00:00;="541448820043562075";1SAG1100625708;Digitale meter;Afname Nacht;0,545;kWh;Uitgelezen;Zonnepanelen
25-03-2026;00:00:00;26-03-2026;00:00:00;="541448820043562075";1SAG1100625708;Digitale meter;Injectie Nacht;0,000;kWh;Uitgelezen;Zonnepanelen
26-03-2026;00:00:00;27-03-2026;00:00:00;="541448820043562075";1SAG1100625708;Digitale meter;Afname Dag;1,802;kWh;Uitgelezen;Zonnepanelen
26-03-2026;00:00:00;27-03-2026;00:00:00;="541448820043562075";1SAG1100625708;Digitale meter;Injectie Dag;3,965;kWh;Uitgelezen;Zonnepanelen
26-03-2026;00:00:00;27-03-2026;00:00:00;="541448820043562075";1SAG1100625708;Digitale meter;Afname Nacht;1,203;kWh;Uitgelezen;Zonnepanelen
26-03-2026;00:00:00;27-03-2026;00:00:00;="541448820043562075";1SAG1100625708;Digitale meter;Injectie Nacht;0,000;kWh;Uitgelezen;Zonnepanelen
27-03-2026;00:00:00;28-03-2026;00:00:00;="541448820043562075";1SAG1100625708;Digitale meter;Afname Dag;1,100;kWh;Uitgelezen;Zonnepanelen
27-03-2026;00:00:00;28-03-2026;00:00:00;="541448820043562075";1SAG1100625708;Digitale meter;Injectie Dag;1,456;kWh;Uitgelezen;Zonnepanelen
27-03-2026;00:00:00;28-03-2026;00:00:00;="541448820043562075";1SAG1100625708;Digitale meter;Afname Nacht;0,516;kWh;Uitgelezen;Zonnepanelen
27-03-2026;00:00:00;28-03-2026;00:00:00;="541448820043562075";1SAG1100625708;Digitale meter;Injectie Nacht;0,000;kWh;Uitgelezen;Zonnepanelen
28-03-2026;00:00:00;29-03-2026;00:00:00;="541448820043562075";1SAG1100625708;Digitale meter;Afname Dag;0,000;kWh;Uitgelezen;Zonnepanelen
28-03-2026;00:00:00;29-03-2026;00:00:00;="541448820043562075";1SAG1100625708;Digitale meter;Injectie Dag;0,000;kWh;Uitgelezen;Zonnepanelen
28-03-2026;00:00:00;29-03-2026;00:00:00;="541448820043562075";1SAG1100625708;Digitale meter;Afname Nacht;2,583;kWh;Uitgelezen;Zonnepanelen
28-03-2026;00:00:00;29-03-2026;00:00:00;="541448820043562075";1SAG1100625708;Digitale meter;Injectie Nacht;5,511;kWh;Uitgelezen;Zonnepanelen
29-03-2026;00:00:00;30-03-2026;01:00:00;="541448820043562075";1SAG1100625708;Digitale meter;Afname Dag;;kWh;Geen verbruik;Zonnepanelen
29-03-2026;00:00:00;30-03-2026;01:00:00;="541448820043562075";1SAG1100625708;Digitale meter;Injectie Dag;;kWh;Geen verbruik;Zonnepanelen
29-03-2026;00:00:00;30-03-2026;01:00:00;="541448820043562075";1SAG1100625708;Digitale meter;Afname Nacht;;kWh;Geen verbruik;Zonnepanelen
29-03-2026;00:00:00;30-03-2026;01:00:00;="541448820043562075";1SAG1100625708;Digitale meter;Injectie Nacht;;kWh;Geen verbruik;Zonnepanelen
30-03-2026;00:00:00;31-03-2026;00:00:00;="541448820043562075";1SAG1100625708;Digitale meter;Afname Dag;;kWh;Geen verbruik;Zonnepanelen
30-03-2026;00:00:00;31-03-2026;00:00:00;="541448820043562075";1SAG1100625708;Digitale meter;Injectie Dag;;kWh;Geen verbruik;Zonnepanelen
30-03-2026;00:00:00;31-03-2026;00:00:00;="541448820043562075";1SAG1100625708;Digitale meter;Afname Nacht;;kWh;Geen verbruik;Zonnepanelen
30-03-2026;00:00:00;31-03-2026;00:00:00;="541448820043562075";1SAG1100625708;Digitale meter;Injectie Nacht;;kWh;Geen verbruik;Zonnepanelen
