DATE,HOUR,TEMPERATURE (°C),WIND SPEED (m/s),WIND DIRECTION (degree),Obukov L [m],,,,
01/01/2017,00:00,-3,3,205.9,-128.305,,,,
01/01/2017,01:00,-2.9,2.6,212.2,-127.305,,,,
01/01/2017,02:00,-2.9,2.5,208.1,-156.72,,,,
01/01/2017,03:00,-2.9,2.3,191.1,-230.14,,,,
01/01/2017,04:00,-2.7,2.2,198.9,-79.07,,,,
01/01/2017,05:00,-2.5,2.4,193.8,-80.855,,,,
01/01/2017,06:00,-2.5,2.5,194.3,-74.005,,,,
01/01/2017,07:00,-2.8,2.7,202.7,-66.105,,,,
01/01/2017,08:00,-3.8,3.2,213.9,-82.255,,,,
01/01/2017,09:00,-4.3,3.3,211.7,-165.6,,,,
01/01/2017,10:00,-3.8,2.9,206.2,-153.73,,,,
01/01/2017,11:00,-3.2,2.8,201.2,-84.755,,,,
01/01/2017,12:00,-2.4,3.1,208.6,-72.74,,,,
01/01/2017,13:00,-1.9,3.1,200.5,-240.21,,,,
01/01/2017,14:00,-1.7,3.2,199.7,-270.35,,,,
01/01/2017,15:00,-1.5,3.2,201.7,-272.48,,,,
01/01/2017,16:00,-1.4,3.2,203.5,2520.75,,,,
01/01/2017,17:00,-1.1,2.8,207.7,497.845,,,,
01/01/2017,18:00,-0.9,3.3,210.6,190.095,,,,
01/01/2017,19:00,-1,3.2,212,768.065,,,,
01/01/2017,20:00,-1,3.3,210.3,991.41,,,,
01/01/2017,21:00,-0.9,3.3,208,-13503.4,,,,
01/01/2017,22:00,-0.7,3.4,211,2479.81,,,,
01/01/2017,23:00,-0.5,2.1,241.1,3808.94,,,,
02/01/2017,00:00,-0.5,1.6,247.6,3808.94,,,,
02/01/2017,01:00,-0.4,1.6,251.6,3808.94,,,,
02/01/2017,02:00,-0.3,1.7,252.7,3808.94,,,,
02/01/2017,03:00,-0.3,1.5,249.1,3808.94,,,,
02/01/2017,04:00,-0.3,1.3,261.7,3808.94,,,,
02/01/2017,05:00,-0.2,1.4,257.2,3808.94,,,,
02/01/2017,06:00,-0.1,1.4,259.5,3808.94,,,,
02/01/2017,07:00,-0.1,1.5,261.6,-384.49,,,,
02/01/2017,08:00,-0.1,1.3,282.4,-81.17,,,,
02/01/2017,09:00,0,0.9,281.4,-81.17,,,,
02/01/2017,10:00,0,1.2,263.2,-81.17,,,,
02/01/2017,11:00,0,1.7,256,-81.17,,,,
02/01/2017,12:00,0.1,1.2,252.9,-81.17,,,,
02/01/2017,13:00,0.1,1.1,237.9,-67.27,,,,
02/01/2017,14:00,0.4,1.1,238.9,-39.61,,,,
02/01/2017,15:00,-0.1,1.2,214.9,-6.125,,,,
02/01/2017,16:00,-0.7,1.6,236.3,-60.28,,,,
02/01/2017,17:00,-0.4,1.6,250.5,-12.92,,,,
02/01/2017,18:00,-0.5,1.7,243.7,12.46,,,,
02/01/2017,19:00,-0.5,1.8,252.8,250.455,,,,
02/01/2017,20:00,-0.2,1.8,234.1,71.65,,,,
02/01/2017,21:00,-0.7,1.8,237.6,49.66,,,,
02/01/2017,22:00,-1,2.1,244.2,19.215,,,,
02/01/2017,23:00,-0.7,2.1,253.8,37.155,,,,
03/01/2017,00:00,-0.8,1.7,239.9,19.75,,,,
03/01/2017,01:00,-0.5,1.8,229.4,-13.46,,,,
03/01/2017,02:00,-0.9,2.1,220.3,-10.47,,,,
03/01/2017,03:00,-1.4,1.7,230.6,37.005,,,,
03/01/2017,04:00,-1.6,2,226.3,112.97,,,,
03/01/2017,05:00,-1.6,2,239,52.06,,,,
03/01/2017,06:00,-1.7,2.1,234.3,52.06,,,,
03/01/2017,07:00,-1.7,2.3,234.7,52.06,,,,
03/01/2017,08:00,-1.3,2.8,235.6,52.06,,,,
03/01/2017,09:00,-0.6,3.3,229.2,52.06,,,,
03/01/2017,10:00,0.2,3.5,228.4,52.06,,,,
03/01/2017,11:00,1,3.6,229.1,-142.22,,,,
03/01/2017,12:00,1.8,4,229.9,-328.59,,,,
03/01/2017,13:00,1.7,3.2,233.2,-199.03,,,,
03/01/2017,14:00,1.7,4.4,228.4,-298.07,,,,
03/01/2017,15:00,1.9,4.6,226.4,-432.72,,,,
03/01/2017,16:00,1.9,4.4,230.1,355.46,,,,
03/01/2017,17:00,1.9,4.8,231.6,181.615,,,,
03/01/2017,18:00,2,4.1,237.4,454.41,,,,
03/01/2017,19:00,2.1,4.1,237.1,940.075,,,,
03/01/2017,20:00,1.8,4.3,236,309.67,,,,
03/01/2017,21:00,2,3.5,240,941.275,,,,
03/01/2017,22:00,2.2,4,239.8,328.185,,,,
03/01/2017,23:00,2.6,4.3,243.5,386.155,,,,
04/01/2017,00:00,2.7,3.9,242.4,568.975,,,,
04/01/2017,01:00,2.8,3.5,241.3,465.41,,,,
04/01/2017,02:00,3.1,4.5,247.8,-10088.2,,,,
04/01/2017,03:00,3.2,4.7,247.6,523.83,,,,
04/01/2017,04:00,2.8,4.2,248.3,213.96,,,,
04/01/2017,05:00,2.9,3.9,247.5,213.96,,,,
04/01/2017,06:00,3.3,4.1,255.9,213.96,,,,
04/01/2017,07:00,3.9,3.9,262.2,213.96,,,,
04/01/2017,08:00,4.4,3.8,282.1,213.96,,,,
04/01/2017,09:00,4.7,5.1,316.9,213.96,,,,
04/01/2017,10:00,4.8,3.8,294.4,213.96,,,,
04/01/2017,11:00,5.4,3.5,291.7,117.145,,,,
04/01/2017,12:00,6.4,5.2,315.6,-369.1,,,,
04/01/2017,13:00,4.7,6.4,315.3,-76.28,,,,
04/01/2017,14:00,4.3,4.6,309.3,-76.28,,,,
04/01/2017,15:00,4,4.3,310.1,-76.28,,,,
04/01/2017,16:00,3.2,2.9,289,-76.28,,,,
04/01/2017,17:00,3,3.5,303.8,20.05,,,,
04/01/2017,18:00,2.3,2.2,278.2,29.58,,,,
04/01/2017,19:00,2.6,3.1,300.1,18.075,,,,
04/01/2017,20:00,2.8,2.8,294.2,29.1,,,,
04/01/2017,21:00,2,2.4,273.7,4.28,,,,
04/01/2017,22:00,1.9,2.4,281.3,10.805,,,,
04/01/2017,23:00,1.3,2.1,290.1,5.265,,,,
05/01/2017,00:00,0.9,2.3,293.1,4.55,,,,
05/01/2017,01:00,1.2,2.3,306.9,5.89,,,,
05/01/2017,02:00,1.2,2.6,299.6,5.855,,,,
05/01/2017,03:00,0.9,2.1,293,6.11,,,,
05/01/2017,04:00,1.5,2.4,326.4,6.41,,,,
05/01/2017,05:00,1.2,2.2,301.8,10.88,,,,
05/01/2017,06:00,0.2,1.7,302.5,6.04,,,,
05/01/2017,07:00,0.6,2.4,330.3,20.545,,,,
05/01/2017,08:00,1.8,2.1,339.5,21.125,,,,
05/01/2017,09:00,3,3,21.3,3.25,,,,
05/01/2017,10:00,3.6,3.1,37.6,64.49,,,,
05/01/2017,11:00,3.7,3,38.7,-119.49,,,,
05/01/2017,12:00,3.3,2.4,45,-155.865,,,,
05/01/2017,13:00,3.7,2.8,62.5,-140.385,,,,
05/01/2017,14:00,3.1,2.8,57.5,-104.965,,,,
05/01/2017,15:00,2,2.3,56.7,375.775,,,,
05/01/2017,16:00,1.2,2.7,47.6,6.625,,,,
05/01/2017,17:00,-0.4,2,76.5,23.81,,,,
05/01/2017,18:00,-1.5,2.1,72,-45.55,,,,
05/01/2017,19:00,-2,2.2,66.2,2.24,,,,
05/01/2017,20:00,-2.2,2.3,74.9,7.52,,,,
05/01/2017,21:00,-2.6,2.2,80.7,2.045,,,,
05/01/2017,22:00,-3.3,2.2,93.3,9.685,,,,
05/01/2017,23:00,-3.9,2.2,95.2,57.29,,,,
06/01/2017,00:00,-4.1,2.2,94.2,28.115,,,,
06/01/2017,01:00,-4.3,1.8,91.9,64.06,,,,
06/01/2017,02:00,-4.5,1.8,98.5,37.88,,,,
06/01/2017,03:00,-4.8,1.8,98.4,159.16,,,,
06/01/2017,04:00,-4.9,2.1,104.6,-28.725,,,,
06/01/2017,05:00,-5.3,1.5,111.7,8.11,,,,
06/01/2017,06:00,-5.3,1.8,131.4,14.63,,,,
06/01/2017,07:00,-5.3,2.1,134.5,-6.34,,,,
06/01/2017,08:00,-4.5,2.2,143.8,17.225,,,,
06/01/2017,09:00,-2.8,2.1,153,19.265,,,,
06/01/2017,10:00,-1.4,1.8,179.9,129.71,,,,
06/01/2017,11:00,-0.3,2.1,181.8,-23.495,,,,
06/01/2017,12:00,0.5,2,181.8,-33.07,,,,
06/01/2017,13:00,0,2.3,188.5,-20.86,,,,
06/01/2017,14:00,-0.4,2.8,168.9,-60.67,,,,
06/01/2017,15:00,-1,2.5,180.1,72.8,,,,
06/01/2017,16:00,-1.9,2,195.5,14.62,,,,
06/01/2017,17:00,-2.1,2.7,202.7,11.32,,,,
06/01/2017,18:00,-2.4,2.8,205.3,16.975,,,,
06/01/2017,19:00,-2.7,3.2,204.2,15.21,,,,
06/01/2017,20:00,-3,4,192.1,14.03,,,,
06/01/2017,21:00,-2.8,4.2,187.5,28.92,,,,
06/01/2017,22:00,-2.7,3.8,195.1,83.745,,,,
06/01/2017,23:00,-2.5,3.9,198.6,56.63,,,,
07/01/2017,00:00,-2.3,4,202.3,249.925,,,,
07/01/2017,01:00,-2.2,3.9,213.8,357.355,,,,
07/01/2017,02:00,-2.4,4.1,212,567.535,,,,
07/01/2017,03:00,-2.7,3.4,198.7,1137.45,,,,
07/01/2017,04:00,-3.1,4,194.3,1137.45,,,,
07/01/2017,05:00,-2.9,3.8,194.5,1137.45,,,,
07/01/2017,06:00,-2.7,4.8,189.9,1137.45,,,,
07/01/2017,07:00,-3.1,5.1,185.6,1137.45,,,,
07/01/2017,08:00,-3,5,194.3,1137.45,,,,
07/01/2017,09:00,-2.5,5.2,202.1,-315.5,,,,
07/01/2017,10:00,-2.5,5.2,202.9,-231.87,,,,
07/01/2017,11:00,-2.2,4.3,205.9,-231.87,,,,
07/01/2017,12:00,-1.8,4.4,210,-197.855,,,,
07/01/2017,13:00,-1.4,4.9,215.3,-190.45,,,,
07/01/2017,14:00,-1.2,4.9,220.1,-190.45,,,,
07/01/2017,15:00,-0.9,4,221.9,163.02,,,,
07/01/2017,16:00,-0.7,3.7,223.2,163.02,,,,
07/01/2017,17:00,-0.5,3.2,224.2,163.02,,,,
07/01/2017,18:00,-0.3,3,227.7,-658.93,,,,
07/01/2017,19:00,-0.2,2.1,239.3,-248.02,,,,
07/01/2017,20:00,-0.1,1.9,246.2,932.52,,,,
07/01/2017,21:00,0,1.9,250.8,932.52,,,,
07/01/2017,22:00,0.1,1.6,259.5,-7324.2,,,,
07/01/2017,23:00,0.1,1.5,253.3,2500.375,,,,
08/01/2017,00:00,0.3,1.7,248.8,4585.2,,,,
08/01/2017,01:00,0.5,1.5,239.8,-39.47,,,,
08/01/2017,02:00,0.7,1.7,228.3,-7.37,,,,
08/01/2017,03:00,1,1.6,238.5,41.81,,,,
08/01/2017,04:00,1.3,1.7,241.3,41.81,,,,
08/01/2017,05:00,1.5,1.5,248.4,41.81,,,,
08/01/2017,06:00,1.6,1.4,242,81.65,,,,
08/01/2017,07:00,1.8,1.8,239.5,-105.785,,,,
08/01/2017,08:00,2.1,1.7,248.5,98.905,,,,
08/01/2017,09:00,2.6,1.1,241.1,69.445,,,,
08/01/2017,10:00,3.2,1.1,244.4,721.58,,,,
08/01/2017,11:00,3.7,0.9,245.2,-16.89,,,,
08/01/2017,12:00,4.2,1,237.5,-30.745,,,,
08/01/2017,13:00,4.4,1.2,232.1,-47.225,,,,
08/01/2017,14:00,4.5,0.9,234,-27.81,,,,
08/01/2017,15:00,4.3,0.8,230.7,-190.625,,,,
08/01/2017,16:00,4,1,252.3,151.36,,,,
08/01/2017,17:00,3.7,1,233.9,42.715,,,,
08/01/2017,18:00,3.6,1,188.8,-228.73,,,,
08/01/2017,19:00,3.7,1.5,155,-32.68,,,,
08/01/2017,20:00,3.6,1.5,223,170.78,,,,
08/01/2017,21:00,3.6,1.8,206.1,-165.08,,,,
08/01/2017,22:00,3.7,1.8,205.8,48.225,,,,
08/01/2017,23:00,3.7,1.9,201,-253.87,,,,
09/01/2017,00:00,3.5,1.6,199.1,-25.26,,,,
09/01/2017,01:00,3.2,2.2,185.9,28.545,,,,
09/01/2017,02:00,3.2,2,213.6,15.49,,,,
09/01/2017,03:00,3.3,2.5,190.1,92.875,,,,
09/01/2017,04:00,3.1,2.4,223.8,23.335,,,,
09/01/2017,05:00,3.3,2.7,204.5,538.785,,,,
09/01/2017,06:00,3.8,3,191.7,31.36,,,,
09/01/2017,07:00,4.2,3.1,193.6,31.36,,,,
09/01/2017,08:00,4.2,3,188.6,35.305,,,,
09/01/2017,09:00,4.5,3.4,190.1,-490.5,,,,
09/01/2017,10:00,4.9,3.6,201.6,-126.045,,,,
09/01/2017,11:00,4.8,3.8,205.2,-512.44,,,,
09/01/2017,12:00,4.6,3.8,200.1,-390.88,,,,
09/01/2017,13:00,4.4,4.5,200.7,-390.88,,,,
09/01/2017,14:00,4.4,4.5,200.5,-192.745,,,,
09/01/2017,15:00,4.3,4.4,195.5,1008.59,,,,
09/01/2017,16:00,4.3,4.8,192.7,320.125,,,,
09/01/2017,17:00,4.6,4.7,193.8,210.81,,,,
09/01/2017,18:00,4.7,5.2,191.4,390.81,,,,
09/01/2017,19:00,5.1,6.1,188.3,265.375,,,,
09/01/2017,20:00,5.2,6.4,186.6,447.36,,,,
09/01/2017,21:00,5.4,6.4,186.6,289.89,,,,
09/01/2017,22:00,5.4,6.8,182.5,132.42,,,,
09/01/2017,23:00,5.5,6.6,182.6,132.42,,,,
10/01/2017,00:00,5.9,5.9,215.3,132.42,,,,
10/01/2017,01:00,5.5,3.8,274.9,132.42,,,,
10/01/2017,02:00,5.1,3,264.3,132.42,,,,
10/01/2017,03:00,4.5,2.6,256.8,123.36,,,,
10/01/2017,04:00,3.5,2.2,241.6,-119.67,,,,
10/01/2017,05:00,2.8,2.3,242.4,35.91,,,,
10/01/2017,06:00,3,1.8,238.4,11.355,,,,
10/01/2017,07:00,3,2.2,245,34.41,,,,
10/01/2017,08:00,3,1.7,235.9,49.48,,,,
10/01/2017,09:00,3.4,1.6,232.9,37.35,,,,
10/01/2017,10:00,4,2.3,245.2,-47.815,,,,
10/01/2017,11:00,4.2,1.8,233.2,-4.07,,,,
10/01/2017,12:00,4.6,1.9,235.1,-4.07,,,,
10/01/2017,13:00,5,1.7,244.7,-19.07,,,,
10/01/2017,14:00,5.2,1.8,259.5,-97.51,,,,
10/01/2017,15:00,5.2,1.4,250.6,-79.24,,,,
10/01/2017,16:00,5.1,1.3,243.7,-105.48,,,,
10/01/2017,17:00,4.9,1.6,188.1,30.605,,,,
10/01/2017,18:00,4.9,1.9,205.9,6.53,,,,
10/01/2017,19:00,5.1,2.2,205.3,25.99,,,,
10/01/2017,20:00,5.2,2.5,216,49.41,,,,
10/01/2017,21:00,5.3,2.6,214.8,76.3,,,,
10/01/2017,22:00,5.2,2.7,212.7,111.73,,,,
10/01/2017,23:00,5.2,2.7,223.9,127.03,,,,
11/01/2017,00:00,5.2,3.4,219.4,127.03,,,,
11/01/2017,01:00,4.7,3.3,206.5,174.5,,,,
11/01/2017,02:00,4.9,3.6,208.2,18.045,,,,
11/01/2017,03:00,5.1,3.7,203.2,93.48,,,,
11/01/2017,04:00,5.3,4.4,202,117.195,,,,
11/01/2017,05:00,5.3,5,199.2,122.385,,,,
11/01/2017,06:00,5.6,5.8,207.7,216.795,,,,
11/01/2017,07:00,5.8,6.8,216.2,441.16,,,,
11/01/2017,08:00,6.2,6.9,216.5,441.16,,,,
11/01/2017,09:00,6.3,6.1,222.6,558.89,,,,
11/01/2017,10:00,6.6,5.4,231.6,558.89,,,,
11/01/2017,11:00,7.2,4.4,239.7,558.89,,,,
11/01/2017,12:00,8.3,5.1,256.9,-1330.67,,,,
11/01/2017,13:00,8.8,6,291.7,502.08,,,,
11/01/2017,14:00,8.7,5.4,293.7,502.08,,,,
11/01/2017,15:00,8.2,5.1,302,149.04,,,,
11/01/2017,16:00,7.4,5.6,295.3,63.91,,,,
11/01/2017,17:00,6.6,4.2,279.4,78.045,,,,
11/01/2017,18:00,5.9,4.4,270.4,31.93,,,,
11/01/2017,19:00,6,4.6,283.7,13.81,,,,
11/01/2017,20:00,5.5,4.6,269.2,37.5,,,,
11/01/2017,21:00,5.2,4.5,268.2,49.035,,,,
11/01/2017,22:00,4.9,4.5,279.6,40.66,,,,
11/01/2017,23:00,4.5,4.2,262,20.65,,,,
12/01/2017,00:00,4.1,4,249.3,38.325,,,,
12/01/2017,01:00,4.3,4.2,247.1,38.55,,,,
12/01/2017,02:00,4.1,3.7,246.3,103.495,,,,
12/01/2017,03:00,4,2.8,237.3,54.825,,,,
12/01/2017,04:00,4.1,3.8,241.3,42.105,,,,
12/01/2017,05:00,4.3,3.8,243.3,112.3,,,,
12/01/2017,06:00,4.3,3.4,237.2,106.855,,,,
12/01/2017,07:00,4.1,3.4,230.4,97.075,,,,
12/01/2017,08:00,4.3,4.8,224.6,56.05,,,,
12/01/2017,09:00,4.7,4.5,227.5,290.47,,,,
12/01/2017,10:00,5.4,5,222.2,173.46,,,,
12/01/2017,11:00,6.1,5.3,209.3,-463.18,,,,
12/01/2017,12:00,6.1,5.2,198.7,-661.925,,,,
12/01/2017,13:00,6.1,5.3,193,-340.83,,,,
12/01/2017,14:00,5.7,5.5,188.9,-606.18,,,,
12/01/2017,15:00,5.3,5.6,187.3,-1000.7,,,,
12/01/2017,16:00,5.1,5.5,178.5,-1000.7,,,,
12/01/2017,17:00,4.9,6.3,177.3,-1000.7,,,,
12/01/2017,18:00,4.1,6.7,170.8,-1000.7,,,,
12/01/2017,19:00,3.6,6.7,161.5,-1000.7,,,,
12/01/2017,20:00,3.6,6.8,147.5,-1000.7,,,,
12/01/2017,21:00,4.7,7.2,177.4,-1000.7,,,,
12/01/2017,22:00,3.5,5.8,226.2,-1000.7,,,,
12/01/2017,23:00,0.5,6.7,299.7,-1000.7,,,,
13/01/2017,00:00,0.3,6.6,290.3,-1000.7,,,,
13/01/2017,01:00,0.7,7,284.2,-1000.7,,,,
13/01/2017,02:00,0.3,6.3,281,-1000.7,,,,
13/01/2017,03:00,0.1,4.1,287.6,-1000.7,,,,
13/01/2017,04:00,0.9,4.9,273.2,-1000.7,,,,
13/01/2017,05:00,1.2,5,268,-1000.7,,,,
13/01/2017,06:00,1.2,4.9,256,203.275,,,,
13/01/2017,07:00,1.2,4.6,255.9,307.465,,,,
13/01/2017,08:00,1.3,4.8,251.3,116.48,,,,
13/01/2017,09:00,1.6,4.5,257.3,198.6,,,,
13/01/2017,10:00,2.4,5,260.8,100.3,,,,
13/01/2017,11:00,2.9,4.4,253.2,100.3,,,,
13/01/2017,12:00,2.3,5.1,252.8,100.3,,,,
13/01/2017,13:00,0.9,3.7,235,100.3,,,,
13/01/2017,14:00,1.3,4.1,232.9,100.3,,,,
13/01/2017,15:00,1.1,4,243.4,100.3,,,,
13/01/2017,16:00,0.3,3.6,250.3,100.3,,,,
13/01/2017,17:00,0.5,2,303.8,100.3,,,,
13/01/2017,18:00,2.4,4.9,288.5,100.3,,,,
13/01/2017,19:00,2.9,7,301.3,100.3,,,,
13/01/2017,20:00,2.8,5.8,295.1,100.3,,,,
13/01/2017,21:00,2.8,5.2,293.5,100.3,,,,
13/01/2017,22:00,2.6,4.5,289.7,100.3,,,,
13/01/2017,23:00,2.3,4.7,286,100.3,,,,
14/01/2017,00:00,2,4.6,286,100.3,,,,
14/01/2017,01:00,1,4.5,308.7,100.3,,,,
14/01/2017,02:00,1.6,5,293,100.3,,,,
14/01/2017,03:00,0.6,5.1,299.4,100.3,,,,
14/01/2017,04:00,0.2,4.7,306.2,100.3,,,,
14/01/2017,05:00,0.2,2.9,270.5,100.3,,,,
14/01/2017,06:00,0.2,2.5,252.7,100.3,,,,
14/01/2017,07:00,0.2,3,256.8,100.3,,,,
14/01/2017,08:00,0.1,2.7,250.7,100.3,,,,
14/01/2017,09:00,0.6,3,243.8,100.3,,,,
14/01/2017,10:00,1.4,2.9,238.2,100.3,,,,
14/01/2017,11:00,1.2,3.5,243,100.3,,,,
14/01/2017,12:00,1.7,3.7,250.4,100.3,,,,
14/01/2017,13:00,2.9,4.4,255.8,100.3,,,,
14/01/2017,14:00,1.9,4,296.7,100.3,,,,
14/01/2017,15:00,1.5,2.8,269,100.3,,,,
14/01/2017,16:00,1.2,2.7,285.2,100.3,,,,
14/01/2017,17:00,1,2.5,255.8,100.3,,,,
14/01/2017,18:00,0.4,2.4,251.2,100.3,,,,
14/01/2017,19:00,0.6,2.7,276.3,100.3,,,,
14/01/2017,20:00,0.6,2.4,258.2,100.3,,,,
14/01/2017,21:00,0.6,2,265.5,100.3,,,,
14/01/2017,22:00,0.3,2.5,254.3,100.3,,,,
14/01/2017,23:00,0.4,2.5,270.5,100.3,,,,
15/01/2017,00:00,0.4,2.5,259.9,100.3,,,,
15/01/2017,01:00,0.2,2.4,256.3,100.3,,,,
15/01/2017,02:00,0.1,2.2,272.8,100.3,,,,
15/01/2017,03:00,0,2.2,260.1,100.3,,,,
15/01/2017,04:00,0,2,248.8,100.3,,,,
15/01/2017,05:00,0,1.7,238.6,100.3,,,,
15/01/2017,06:00,0,1.6,238.3,100.3,,,,
15/01/2017,07:00,-0.1,1.6,239.9,100.3,,,,
15/01/2017,08:00,0.2,1.6,234.9,100.3,,,,
15/01/2017,09:00,0.5,2,246.2,100.3,,,,
15/01/2017,10:00,0.8,1.9,232.1,100.3,,,,
15/01/2017,11:00,1.1,2.1,230.9,100.3,,,,
15/01/2017,12:00,1.3,2.2,243.2,100.3,,,,
15/01/2017,13:00,1,2.4,251.8,100.3,,,,
15/01/2017,14:00,0.7,1.2,231.2,100.3,,,,
15/01/2017,15:00,0.7,1.4,205.9,100.3,,,,
15/01/2017,16:00,0.7,1.3,173.4,100.3,,,,
15/01/2017,17:00,0.8,1.4,212.2,100.3,,,,
15/01/2017,18:00,1,1.4,239.9,100.3,,,,
15/01/2017,19:00,0.9,1.2,291.7,100.3,,,,
15/01/2017,20:00,0.6,1,290.7,100.3,,,,
15/01/2017,21:00,0.8,1.3,295.3,100.3,,,,
15/01/2017,22:00,0.8,1.1,326.9,100.3,,,,
15/01/2017,23:00,1.1,0.8,247.2,100.3,,,,
16/01/2017,00:00,1.1,0.7,292.2,100.3,,,,
16/01/2017,01:00,1.2,1.3,338.9,100.3,,,,
16/01/2017,02:00,1,1.2,316,100.3,,,,
16/01/2017,03:00,0.7,1.3,271.1,100.3,,,,
16/01/2017,04:00,0.7,1.3,281.8,100.3,,,,
16/01/2017,05:00,0.8,1.2,263.3,100.3,,,,
16/01/2017,06:00,0.9,1.3,276.5,100.3,,,,
16/01/2017,07:00,0.9,1.5,288.2,100.3,,,,
16/01/2017,08:00,1.3,1.7,332.8,100.3,,,,
16/01/2017,09:00,1.7,1.8,38.5,100.3,,,,
16/01/2017,10:00,2.1,1.4,49.1,100.3,,,,
16/01/2017,11:00,2.3,1.7,69.1,100.3,,,,
16/01/2017,12:00,2.4,2.3,67,100.3,,,,
16/01/2017,13:00,2.5,2.4,66.3,100.3,,,,
16/01/2017,14:00,1.9,2.4,92.2,100.3,,,,
16/01/2017,15:00,1.1,2.2,102.8,100.3,,,,
16/01/2017,16:00,-0.1,2.1,83.6,100.3,,,,
16/01/2017,17:00,-0.8,2.3,61.5,100.3,,,,
16/01/2017,18:00,-1.3,2.2,42.8,100.3,,,,
16/01/2017,19:00,-1.6,2.4,54.9,100.3,,,,
16/01/2017,20:00,-1.9,2.5,64.8,100.3,,,,
16/01/2017,21:00,-1.9,2.8,68.1,100.3,,,,
16/01/2017,22:00,-1.8,1.9,67.8,100.3,,,,
16/01/2017,23:00,-1.8,2.2,75.5,100.3,,,,
17/01/2017,00:00,-1.9,2.2,83.4,100.3,,,,
17/01/2017,01:00,-2.2,2.3,74.7,100.3,,,,
17/01/2017,02:00,-2.6,2.8,69.6,100.3,,,,
17/01/2017,03:00,-2.9,2.7,77.1,100.3,,,,
17/01/2017,04:00,-3,1.8,74.2,100.3,,,,
17/01/2017,05:00,-3.2,2.1,72.1,100.3,,,,
17/01/2017,06:00,-3.4,2,82.5,100.3,,,,
17/01/2017,07:00,-3.5,2.4,90.2,100.3,,,,
17/01/2017,08:00,-3.8,2.4,97.6,100.3,,,,
17/01/2017,09:00,-3.5,2.5,92.4,100.3,,,,
17/01/2017,10:00,-2.8,2.1,71.1,100.3,,,,
17/01/2017,11:00,-1.6,2.6,79.8,100.3,,,,
17/01/2017,12:00,-0.6,1.9,84.4,100.3,,,,
17/01/2017,13:00,-0.3,2,72.7,100.3,,,,
17/01/2017,14:00,-0.2,2.4,62.1,100.3,,,,
17/01/2017,15:00,-0.5,2.4,44,100.3,,,,
17/01/2017,16:00,-1.2,2.4,50,100.3,,,,
17/01/2017,17:00,-1.5,3,44.9,100.3,,,,
17/01/2017,18:00,-2,2.8,54.1,100.3,,,,
17/01/2017,19:00,-2.4,2.9,55.5,100.3,,,,
17/01/2017,20:00,-2.7,2.9,55.2,100.3,,,,
17/01/2017,21:00,-3.1,2.8,61.8,100.3,,,,
17/01/2017,22:00,-3.6,2.2,57.8,100.3,,,,
17/01/2017,23:00,-3.9,2.6,60.2,100.3,,,,
18/01/2017,00:00,-4.1,2.6,60.6,100.3,,,,
18/01/2017,01:00,-4.2,3,69,100.3,,,,
18/01/2017,02:00,-4.3,2.8,80,100.3,,,,
18/01/2017,03:00,-4.5,2.8,75.5,100.3,,,,
18/01/2017,04:00,-4.5,3.3,62.2,100.3,,,,
18/01/2017,05:00,-4.6,3.3,69.2,100.3,,,,
18/01/2017,06:00,-4.8,3.1,73.2,100.3,,,,
18/01/2017,07:00,-4.9,3.3,77.7,100.3,,,,
18/01/2017,08:00,-4.7,2.8,72.5,100.3,,,,
18/01/2017,09:00,-3.8,3.2,60.3,100.3,,,,
18/01/2017,10:00,-2.7,3,58.2,100.3,,,,
18/01/2017,11:00,-1.6,3.4,56.9,100.3,,,,
18/01/2017,12:00,-0.4,3.5,65.4,100.3,,,,
18/01/2017,13:00,-0.2,3.6,51.9,100.3,,,,
18/01/2017,14:00,-0.7,3.9,53.7,100.3,,,,
18/01/2017,15:00,-0.9,3.5,58.9,100.3,,,,
18/01/2017,16:00,-1.4,3.5,51.2,100.3,,,,
18/01/2017,17:00,-1.8,3.5,55.9,100.3,,,,
18/01/2017,18:00,-2.2,3,60.5,100.3,,,,
18/01/2017,19:00,-2.7,2.9,58.7,100.3,,,,
18/01/2017,20:00,-3,3,63.8,100.3,,,,
18/01/2017,21:00,-3.2,2.9,68,100.3,,,,
18/01/2017,22:00,-3.3,3.1,62.2,100.3,,,,
18/01/2017,23:00,-3.6,3.2,53.1,100.3,,,,
19/01/2017,00:00,-3.8,3.1,57.2,100.3,,,,
19/01/2017,01:00,-4,3.1,59.8,100.3,,,,
19/01/2017,02:00,-4.1,3,59.6,100.3,,,,
19/01/2017,03:00,-4.4,2.7,58.5,100.3,,,,
19/01/2017,04:00,-4.6,2.8,59.7,100.3,,,,
19/01/2017,05:00,-4.8,3.2,59.1,100.3,,,,
19/01/2017,06:00,-5,3,68.6,100.3,,,,
19/01/2017,07:00,-5,3.1,65.9,100.3,,,,
19/01/2017,08:00,-4.3,3.5,62.3,100.3,,,,
19/01/2017,09:00,-3,3.2,68.1,100.3,,,,
19/01/2017,10:00,-1.2,3.2,82.2,100.3,,,,
19/01/2017,11:00,0.1,3,67.4,100.3,,,,
19/01/2017,12:00,1.5,2.9,69.1,100.3,,,,
19/01/2017,13:00,2.2,2.8,76.5,100.3,,,,
19/01/2017,14:00,2.5,2.6,62.9,-286.83,,,,
19/01/2017,15:00,1.8,3,70.6,-286.83,,,,
19/01/2017,16:00,0.7,2.7,68.8,10.305,,,,
19/01/2017,17:00,0.1,3.4,65.8,92.005,,,,
19/01/2017,18:00,-0.3,3.4,72.2,6.04,,,,
19/01/2017,19:00,-0.8,3.9,74.8,7.335,,,,
19/01/2017,20:00,-1.2,3.9,76.1,7.91,,,,
19/01/2017,21:00,-1.6,3.6,78.6,11.92,,,,
19/01/2017,22:00,-1.8,3.5,78.8,5.89,,,,
19/01/2017,23:00,-1.9,3.4,70.7,4.72,,,,
20/01/2017,00:00,-2.4,2.8,70.6,12.905,,,,
20/01/2017,01:00,-3,2.6,64.9,7.255,,,,
20/01/2017,02:00,-3.3,2.5,73.2,4.83,,,,
20/01/2017,03:00,-3.6,2.4,76.3,16.61,,,,
20/01/2017,04:00,-3.9,2.1,74.9,7.565,,,,
20/01/2017,05:00,-3.9,3,69.8,5.72,,,,
20/01/2017,06:00,-4,3.3,74.6,9.345,,,,
20/01/2017,07:00,-3.9,3.8,73.5,12,,,,
20/01/2017,08:00,-3,3.8,83.1,15.125,,,,
20/01/2017,09:00,-0.9,4,87.3,70.99,,,,
20/01/2017,10:00,0.9,2.9,82.7,103.875,,,,
20/01/2017,11:00,2.4,3.4,80.9,-227.455,,,,
20/01/2017,12:00,3.4,3.6,68.9,-158.91,,,,
20/01/2017,13:00,4.1,3.9,69.5,-143.65,,,,
20/01/2017,14:00,4.5,4,76.2,-142.145,,,,
20/01/2017,15:00,3.8,3.2,69.1,-77.97,,,,
20/01/2017,16:00,2.7,3.7,67.6,-77.97,,,,
20/01/2017,17:00,2,4.3,70.8,-77.97,,,,
20/01/2017,18:00,1.4,4.1,71.9,-77.97,,,,
20/01/2017,19:00,0.8,4.6,76.9,-77.97,,,,
20/01/2017,20:00,0.6,4.5,78.3,-77.97,,,,
20/01/2017,21:00,0.2,4.3,78.1,-77.97,,,,
20/01/2017,22:00,-0.5,3.8,74.9,-77.97,,,,
20/01/2017,23:00,-1.2,3.2,83.1,-77.97,,,,
21/01/2017,00:00,-2.3,1.2,103.4,-77.97,,,,
21/01/2017,01:00,-3,1.6,89.4,-77.97,,,,
21/01/2017,02:00,-2.8,2.1,81.4,-77.97,,,,
21/01/2017,03:00,-3,2.2,89.9,-77.97,,,,
21/01/2017,04:00,-3,2.4,74.6,-77.97,,,,
21/01/2017,05:00,-3.2,2.1,87.1,-77.97,,,,
21/01/2017,06:00,-3.3,2.6,86.6,-77.97,,,,
21/01/2017,07:00,-3.7,2.2,101.3,-77.97,,,,
21/01/2017,08:00,-3,2.3,96.8,-77.97,,,,
21/01/2017,09:00,0.3,2.2,107.7,-77.97,,,,
21/01/2017,10:00,1.9,2.2,132,-77.97,,,,
21/01/2017,11:00,2.9,2.3,124.8,-77.97,,,,
21/01/2017,12:00,3.1,2.9,133.4,-77.97,,,,
21/01/2017,13:00,3,2.5,153.5,-77.97,,,,
21/01/2017,14:00,2.6,2.3,153.7,-77.97,,,,
21/01/2017,15:00,1.6,2,132.4,-77.97,,,,
21/01/2017,16:00,-0.4,1.7,118.8,-77.97,,,,
21/01/2017,17:00,-1.8,1.8,104,-77.97,,,,
21/01/2017,18:00,-2.4,2.2,114.9,-77.97,,,,
21/01/2017,19:00,-2.4,2.3,133.3,-77.97,,,,
21/01/2017,20:00,-2.9,2.7,131.3,-77.97,,,,
21/01/2017,21:00,-2.1,2.9,147.6,-77.97,,,,
21/01/2017,22:00,-2.6,2.2,168.7,-77.97,,,,
21/01/2017,23:00,-2.9,1.7,183.5,-77.97,,,,
22/01/2017,00:00,-3.3,2.1,179.5,-77.97,,,,
22/01/2017,01:00,-2.7,2.5,190.2,-77.97,,,,
22/01/2017,02:00,-3.1,1.9,198.5,-77.97,,,,
22/01/2017,03:00,-4.1,0.9,219,-77.97,,,,
22/01/2017,04:00,-4.5,1,195.7,-77.97,,,,
22/01/2017,05:00,-4.8,1.3,162.2,-77.97,,,,
22/01/2017,06:00,-5.1,1.6,153.2,-77.97,,,,
22/01/2017,07:00,-5.4,1.6,135.2,-77.97,,,,
22/01/2017,08:00,-3.9,1.7,157.1,-77.97,,,,
22/01/2017,09:00,-0.7,1.1,186,-77.97,,,,
22/01/2017,10:00,1,0.7,241.2,-77.97,,,,
22/01/2017,11:00,1.4,1.2,264.1,-77.97,,,,
22/01/2017,12:00,2.6,1.2,232.3,-77.97,,,,
22/01/2017,13:00,3,1.3,225.5,-77.97,,,,
22/01/2017,14:00,2.7,1.7,260.4,-77.97,,,,
22/01/2017,15:00,1.8,1.4,296.7,-77.97,,,,
22/01/2017,16:00,-0.1,1.8,340.7,-77.97,,,,
22/01/2017,17:00,-0.5,2.3,13.2,-77.97,,,,
22/01/2017,18:00,-1.3,1.6,17.3,-77.97,,,,
22/01/2017,19:00,-2.2,1.7,16.9,-77.97,,,,
22/01/2017,20:00,-2.5,1.2,36.8,-77.97,,,,
22/01/2017,21:00,-2.6,1.1,251.4,-77.97,,,,
22/01/2017,22:00,-3.2,0.7,253.7,-77.97,,,,
22/01/2017,23:00,-3.2,0.6,254.7,-77.97,,,,
23/01/2017,00:00,-2.1,1.4,331.2,-77.97,,,,
23/01/2017,01:00,-0.2,2.2,4,-77.97,,,,
23/01/2017,02:00,0.3,2.4,0.8,-77.97,,,,
23/01/2017,03:00,0.2,1.3,65.6,-77.97,,,,
23/01/2017,04:00,0,0.8,112.5,-77.97,,,,
23/01/2017,05:00,0.4,1.4,35.4,-77.97,,,,
23/01/2017,06:00,1,1.8,2.7,-77.97,,,,
23/01/2017,07:00,1.2,1.5,14.1,-77.97,,,,
23/01/2017,08:00,1.3,1.1,283.5,-77.97,,,,
23/01/2017,09:00,1.5,0.7,226.2,-77.97,,,,
23/01/2017,10:00,2,1.1,193.3,-77.97,,,,
23/01/2017,11:00,2.6,1.1,248.8,370.245,,,,
23/01/2017,12:00,2.8,1.1,303.9,-358.305,,,,
23/01/2017,13:00,3,1.7,269.1,-90.595,,,,
23/01/2017,14:00,2.6,1.8,275.4,-94.315,,,,
23/01/2017,15:00,2.3,1.8,255.4,-132.38,,,,
23/01/2017,16:00,2,1.9,258.6,20.68,,,,
23/01/2017,17:00,1.5,1.8,265.4,25.395,,,,
23/01/2017,18:00,1,2,270,306.425,,,,
23/01/2017,19:00,0.3,1.9,274.8,232.91,,,,
23/01/2017,20:00,-0.2,2.3,262.1,48.98,,,,
23/01/2017,21:00,-0.5,2.1,232.5,-1203.055,,,,
23/01/2017,22:00,-0.6,2.2,230.3,-5587.165,,,,
23/01/2017,23:00,-0.7,2.2,225.4,-149.09,,,,
24/01/2017,00:00,-0.6,1.9,233.8,-308.985,,,,
24/01/2017,01:00,-0.6,1.9,227.7,-147.04,,,,
24/01/2017,02:00,-0.6,1.9,247.3,-236.75,,,,
24/01/2017,03:00,-0.6,2.2,248.8,-109.945,,,,
24/01/2017,04:00,-0.6,2,246.8,-309.01,,,,
24/01/2017,05:00,-0.6,1.6,231.2,-245.55,,,,
24/01/2017,06:00,-0.6,1.5,234.6,-205.4,,,,
24/01/2017,07:00,-0.6,1.5,241.5,-175.26,,,,
24/01/2017,08:00,-0.5,1.5,243.1,-175.26,,,,
24/01/2017,09:00,-0.3,1.2,250,-175.26,,,,
24/01/2017,10:00,0,1.1,233.2,-175.26,,,,
24/01/2017,11:00,0.3,1.4,236.9,-175.26,,,,
24/01/2017,12:00,0.6,1.2,225.8,1289.79,,,,
24/01/2017,13:00,0.9,0.9,237.5,-64.095,,,,
24/01/2017,14:00,1.2,0.8,210.8,-10.355,,,,
24/01/2017,15:00,1.2,1.4,259.9,-20.36,,,,
24/01/2017,16:00,0.8,0.9,263.2,-10.28,,,,
24/01/2017,17:00,0.6,1.1,215,55.71,,,,
24/01/2017,18:00,0.6,0.6,266.6,84.13,,,,
24/01/2017,19:00,0.7,0.8,160,89.84,,,,
24/01/2017,20:00,0.7,2.1,104.3,28.22,,,,
24/01/2017,21:00,0.1,2.7,108.2,126.43,,,,
24/01/2017,22:00,-0.2,2.1,109.2,351.49,,,,
24/01/2017,23:00,-0.4,1.6,99,-69.78,,,,
25/01/2017,00:00,-0.7,2.3,134.1,-39.58,,,,
25/01/2017,01:00,-0.7,1.1,106.1,-216.21,,,,
25/01/2017,02:00,-0.6,1.2,69.7,-367.23,,,,
25/01/2017,03:00,-0.5,1.4,73,194.725,,,,
25/01/2017,04:00,-0.4,1.8,73.5,509.45,,,,
25/01/2017,05:00,-0.5,2.8,78.6,75.315,,,,
25/01/2017,06:00,-0.6,2.4,78.9,16928.405,,,,
25/01/2017,07:00,-0.7,2.4,79.6,426.295,,,,
25/01/2017,08:00,-0.8,2.4,84.4,-659.04,,,,
25/01/2017,09:00,-0.9,2.5,83.2,-281.21,,,,
25/01/2017,10:00,-1,2.8,97.3,-61.635,,,,
25/01/2017,11:00,-1,3.1,108.6,-26.36,,,,
25/01/2017,12:00,-1.1,3,90.5,-44.39,,,,
25/01/2017,13:00,-1.2,2.9,103.8,-62.37,,,,
25/01/2017,14:00,-1.4,3.1,102.1,-99.93,,,,
25/01/2017,15:00,-1.9,3.2,107.1,-85.945,,,,
25/01/2017,16:00,-2.1,3,103.6,-273.955,,,,
25/01/2017,17:00,-2.3,3.2,112.4,-84.045,,,,
25/01/2017,18:00,-2.9,2,109,68.58,,,,
25/01/2017,19:00,-3.6,1.9,104.5,54.89,,,,
25/01/2017,20:00,-3.8,2.3,125.7,19.475,,,,
25/01/2017,21:00,-4,2.4,136,21.535,,,,
25/01/2017,22:00,-4.2,2.7,145,23.28,,,,
25/01/2017,23:00,-3.7,2.4,145,43.34,,,,
26/01/2017,00:00,-3.4,2.5,155.1,-774.52,,,,
26/01/2017,01:00,-3.3,3.8,156.1,-233.385,,,,
26/01/2017,02:00,-3.3,3.7,172.9,-858.4,,,,
26/01/2017,03:00,-3.3,3.7,165.2,-513.085,,,,
26/01/2017,04:00,-3.3,3.1,162,-561.295,,,,
26/01/2017,05:00,-3.4,3.2,150.1,-398.85,,,,
26/01/2017,06:00,-3.6,3.6,143.8,-500.98,,,,
26/01/2017,07:00,-3.9,3.9,157,-324.375,,,,
26/01/2017,08:00,-3.8,3.3,149.7,-255.88,,,,
26/01/2017,09:00,-3.5,3.3,151.9,-162.9,,,,
26/01/2017,10:00,-2.2,2.5,125.1,-66.205,,,,
26/01/2017,11:00,-1,2.6,120.2,-26.895,,,,
26/01/2017,12:00,-0.2,2.6,132.5,-21.63,,,,
26/01/2017,13:00,0.5,2.4,117.2,-27.07,,,,
26/01/2017,14:00,0.6,2.9,113.3,-26.64,,,,
26/01/2017,15:00,-0.1,2,104.8,610.6,,,,
26/01/2017,16:00,-1.2,2.3,98.2,-121.3,,,,
26/01/2017,17:00,-1.9,2.5,103.3,13.91,,,,
26/01/2017,18:00,-2.4,2.5,110.3,2.12,,,,
26/01/2017,19:00,-2.4,2.5,119.5,2.05,,,,
26/01/2017,20:00,-2.1,3,124.2,40.94,,,,
26/01/2017,21:00,-2.5,2.8,134.2,19.295,,,,
26/01/2017,22:00,-3.1,2.5,120.6,17.64,,,,
26/01/2017,23:00,-3.7,2.4,127.9,18.81,,,,
27/01/2017,00:00,-4.5,2.3,109.2,32.45,,,,
27/01/2017,01:00,-4.7,3,108.2,8.83,,,,
27/01/2017,02:00,-3.7,3.7,138.8,13.195,,,,
27/01/2017,03:00,-3.7,2.4,111.5,22.49,,,,
27/01/2017,04:00,-3.8,3.2,102.3,76.67,,,,
27/01/2017,05:00,-2.5,5,126.4,107.3,,,,
27/01/2017,06:00,-1.2,6,141.5,39.94,,,,
27/01/2017,07:00,-0.4,6.8,145,54.535,,,,
27/01/2017,08:00,0.4,6.9,151.1,72.015,,,,
27/01/2017,09:00,2.7,6.3,160.2,69.37,,,,
27/01/2017,10:00,4.3,5.7,154.7,176.04,,,,
27/01/2017,11:00,4.9,5.5,149.2,1078.2,,,,
27/01/2017,12:00,5.9,6.2,149.8,423.775,,,,
27/01/2017,13:00,7,6,148,500,,,,
27/01/2017,14:00,7.7,5.3,148,172.02,,,,
27/01/2017,15:00,7.5,4.8,134.3,95.96,,,,
27/01/2017,16:00,6.6,5,132,44.085,,,,
27/01/2017,17:00,6.5,5.2,139.9,15.485,,,,
27/01/2017,18:00,7.1,6.1,153.1,23.955,,,,
27/01/2017,19:00,7.6,5.9,146.5,34.87,,,,
27/01/2017,20:00,7,5.4,128.4,39.61,,,,
27/01/2017,21:00,6.5,6.1,136.1,47.975,,,,
27/01/2017,22:00,6.9,6.2,136.3,93.7,,,,
27/01/2017,23:00,7.1,6.5,140,65.325,,,,
28/01/2017,00:00,7.6,6.5,146.2,94.33,,,,
28/01/2017,01:00,7.8,6.3,155.9,74.845,,,,
28/01/2017,02:00,7.4,5.8,157.1,67.955,,,,
28/01/2017,03:00,7.1,6.4,154,43.13,,,,
28/01/2017,04:00,7.5,6.7,149,77.905,,,,
28/01/2017,05:00,7.5,6.5,148.7,96.555,,,,
28/01/2017,06:00,6.9,7.1,151.3,100.195,,,,
28/01/2017,07:00,6.3,6.9,151.1,145.69,,,,
28/01/2017,08:00,6.3,6.8,151.9,123.315,,,,
28/01/2017,09:00,6.8,6.9,155.7,194.155,,,,
28/01/2017,10:00,8,6.6,162,736.735,,,,
28/01/2017,11:00,9.4,6.3,169.5,-303.95,,,,
28/01/2017,12:00,10.4,5.4,170.4,-136.315,,,,
28/01/2017,13:00,10.8,4.3,193.6,-75.075,,,,
28/01/2017,14:00,9.9,4.2,192.1,-181.4,,,,
28/01/2017,15:00,9.3,4.3,194,-309.54,,,,
28/01/2017,16:00,8.9,3.4,194.8,30.31,,,,
28/01/2017,17:00,8.5,3.1,218.7,22.36,,,,
28/01/2017,18:00,7.5,3.8,222.8,87.4,,,,
28/01/2017,19:00,6.9,3.8,217.4,121.41,,,,
28/01/2017,20:00,6.5,4.1,214.3,98.815,,,,
28/01/2017,21:00,6.4,4,212.5,91.885,,,,
28/01/2017,22:00,5.7,3.5,201.2,57.07,,,,
28/01/2017,23:00,4.9,3.7,196.8,30.47,,,,
29/01/2017,00:00,4.7,3.3,196.3,21.87,,,,
29/01/2017,01:00,4.6,3.4,181.8,11.14,,,,
29/01/2017,02:00,4.9,3.6,184.1,26.105,,,,
29/01/2017,03:00,4.8,3.6,179.9,46.55,,,,
29/01/2017,04:00,4.5,2.7,186.9,50.445,,,,
29/01/2017,05:00,4.7,4.8,210.1,22,,,,
29/01/2017,06:00,4,3.9,184.3,33.31,,,,
29/01/2017,07:00,3.7,4.4,187.9,33.31,,,,
29/01/2017,08:00,4,5.1,199.5,36.38,,,,
29/01/2017,09:00,4.5,4.6,203.4,168.675,,,,
29/01/2017,10:00,4.9,4.3,198.3,-309.975,,,,
29/01/2017,11:00,5.5,5.2,209.5,-270.275,,,,
29/01/2017,12:00,5.9,4.9,200.6,-69.59,,,,
29/01/2017,13:00,6.2,4.7,199,-98.49,,,,
29/01/2017,14:00,5.6,4.2,190.8,-42.865,,,,
29/01/2017,15:00,5.2,4,176.9,1801.31,,,,
29/01/2017,16:00,4.6,3.7,184.8,51.685,,,,
29/01/2017,17:00,4.2,4.7,174.8,18.86,,,,
29/01/2017,18:00,4.4,5.3,176.7,50.795,,,,
29/01/2017,19:00,4.7,5.6,172.8,74.22,,,,
29/01/2017,20:00,4.5,5.6,171.7,127.19,,,,
29/01/2017,21:00,4.4,5.4,160.1,117.01,,,,
29/01/2017,22:00,4.6,6.7,155.2,117.01,,,,
29/01/2017,23:00,5.1,7.6,162,117.01,,,,
30/01/2017,00:00,5.3,6.4,169.9,117.01,,,,
30/01/2017,01:00,5.6,7.4,176.2,117.01,,,,
30/01/2017,02:00,6,6.3,188.1,117.01,,,,
30/01/2017,03:00,6,6.5,199.9,117.01,,,,
30/01/2017,04:00,5.8,6.1,199.1,117.01,,,,
30/01/2017,05:00,5.7,5.7,198.5,117.01,,,,
30/01/2017,06:00,5.7,5.8,197.7,117.01,,,,
30/01/2017,07:00,5.8,5.3,201,117.01,,,,
30/01/2017,08:00,6.1,4.5,207,107.5,,,,
30/01/2017,09:00,6.6,4.7,215.4,159.73,,,,
30/01/2017,10:00,6.9,4.4,226,178.42,,,,
30/01/2017,11:00,7.3,3.5,241.4,178.42,,,,
30/01/2017,12:00,7.5,3.8,248.7,178.42,,,,
30/01/2017,13:00,7,3.9,296.4,99.685,,,,
30/01/2017,14:00,6.2,3.4,282.4,20.95,,,,
30/01/2017,15:00,6.2,3.2,287.7,20.95,,,,
30/01/2017,16:00,6.1,2.6,299.7,10908.965,,,,
30/01/2017,17:00,6,2.8,309.6,-375.02,,,,
30/01/2017,18:00,5.8,2.4,309.9,-1007.37,,,,
30/01/2017,19:00,5.3,2.4,327.2,214.29,,,,
30/01/2017,20:00,5,2.5,313.9,84.285,,,,
30/01/2017,21:00,4.8,2,318.7,62.215,,,,
30/01/2017,22:00,4.5,2.5,342.8,33.655,,,,
30/01/2017,23:00,4.2,1.9,329.7,100.455,,,,
31/01/2017,00:00,4,1.7,2.3,59.64,,,,
31/01/2017,01:00,3.7,1.8,46.3,108.675,,,,
31/01/2017,02:00,3.2,2.1,46.8,-735.39,,,,
31/01/2017,03:00,2.5,2.5,49.8,-337.64,,,,
31/01/2017,04:00,2,2.2,45.5,4511.82,,,,
31/01/2017,05:00,1.6,2.5,66,194.74,,,,
31/01/2017,06:00,1.4,2.4,65.6,-168.68,,,,
31/01/2017,07:00,1.4,1.9,92.3,-128.265,,,,
31/01/2017,08:00,1.5,2,99.7,-155.88,,,,
31/01/2017,09:00,1.6,2.3,101.8,-78.25,,,,
31/01/2017,10:00,1.7,2.3,88.7,-20,,,,
31/01/2017,11:00,1.9,2.6,89.8,-32.01,,,,
31/01/2017,12:00,2.1,2.3,111.7,-51.045,,,,
31/01/2017,13:00,2.2,2.5,117.2,-42.925,,,,
31/01/2017,14:00,2.2,2.2,115.9,-30.2,,,,
31/01/2017,15:00,2.1,2.2,95.3,-40.67,,,,
31/01/2017,16:00,1.7,3.1,108.5,-30.75,,,,
31/01/2017,17:00,1.7,2.9,108.7,78.39,,,,
31/01/2017,18:00,1.6,3.1,112.1,200.12,,,,
31/01/2017,19:00,1.3,3.5,122.9,190.19,,,,
31/01/2017,20:00,1.2,3.2,127,409.25,,,,
31/01/2017,21:00,1.1,3,135.3,319.27,,,,
31/01/2017,22:00,1.1,3.1,128.7,259.51,,,,
31/01/2017,23:00,1.3,2.6,122.1,186.23,,,,
01/02/2017,00:00,1.7,2.9,118.8,-295.56,,,,
01/02/2017,01:00,2.6,3.2,136,304.15,,,,
01/02/2017,02:00,2.8,3.1,127.8,-367.18,,,,
01/02/2017,03:00,2.8,2.7,123.5,-1154.155,,,,
01/02/2017,04:00,3.1,3.3,124.4,-7101.35,,,,
01/02/2017,05:00,3.8,3.7,125.8,385.23,,,,
01/02/2017,06:00,4.3,4.6,132.8,712.48,,,,
01/02/2017,07:00,4.9,4.6,133.3,1644.71,,,,
01/02/2017,08:00,5.5,4.5,135.3,1034.615,,,,
01/02/2017,09:00,6.3,5.1,138,-299.1,,,,
01/02/2017,10:00,7,5,142.2,-270.78,,,,
01/02/2017,11:00,7.7,5.4,147.7,-179.53,,,,
01/02/2017,12:00,8.2,4.7,153.7,-188.985,,,,
01/02/2017,13:00,8.7,4.5,151.5,-135.42,,,,
01/02/2017,14:00,9.4,5,147.8,-168.31,,,,
01/02/2017,15:00,9.2,5,145.4,-240.47,,,,
01/02/2017,16:00,9,4.8,157,163.41,,,,
01/02/2017,17:00,8.7,4.6,163.4,160.195,,,,
01/02/2017,18:00,8.2,5,161.1,75.47,,,,
01/02/2017,19:00,8.3,5.8,161.1,66.77,,,,
01/02/2017,20:00,8.4,5.6,164.1,149.775,,,,
01/02/2017,21:00,8.8,5,176.4,139.05,,,,
01/02/2017,22:00,9.4,4.8,188.9,81.6,,,,
01/02/2017,23:00,9.3,5,185.7,98.14,,,,
02/02/2017,00:00,8.3,4.3,174.2,58.31,,,,
02/02/2017,01:00,7.9,4.5,170.7,33.5,,,,
02/02/2017,02:00,7.6,5,165.1,37.45,,,,
02/02/2017,03:00,7.6,5,161.4,31.86,,,,
02/02/2017,04:00,7.3,4.7,157.2,27.44,,,,
02/02/2017,05:00,7.6,5.1,155.6,43.15,,,,
02/02/2017,06:00,7.6,6.4,155.2,37.665,,,,
02/02/2017,07:00,7.6,6.4,152,70.37,,,,
02/02/2017,08:00,8.5,6.3,150.2,102.545,,,,
02/02/2017,09:00,9.4,6.1,145.5,247.525,,,,
02/02/2017,10:00,10.2,7,144.6,1204.49,,,,
02/02/2017,11:00,11.2,7.7,152.2,-1148.745,,,,
02/02/2017,12:00,11.9,6.4,152.5,-384.735,,,,
02/02/2017,13:00,12.7,6.1,162.2,-1291.285,,,,
02/02/2017,14:00,12.4,5.6,157.4,-376.94,,,,
02/02/2017,15:00,12,5.8,158.7,331.385,,,,
02/02/2017,16:00,11.7,5.9,153.2,191.21,,,,
02/02/2017,17:00,11.6,6.3,155.3,107.225,,,,
02/02/2017,18:00,11.7,6,150.5,107.9,,,,
02/02/2017,19:00,11.5,6.1,158.3,96.89,,,,
02/02/2017,20:00,11.4,5.4,161.8,84.455,,,,
02/02/2017,21:00,11.3,5.2,161.6,67.125,,,,
02/02/2017,22:00,11.3,5.1,164.9,102.455,,,,
02/02/2017,23:00,11.4,4.3,168.8,60.695,,,,
03/02/2017,00:00,11.2,3.9,186.4,52.39,,,,
03/02/2017,01:00,10.7,4.2,199.5,42.9,,,,
03/02/2017,02:00,10.1,3.7,201.8,100.665,,,,
03/02/2017,03:00,9.8,4,201.7,143.65,,,,
03/02/2017,04:00,9.5,4,196.5,216.84,,,,
03/02/2017,05:00,9.1,4.1,194.2,83.2,,,,
03/02/2017,06:00,8.5,3.7,185.5,68.36,,,,
03/02/2017,07:00,8.1,3.9,186.6,29.445,,,,
03/02/2017,08:00,8.6,3.9,190.3,44.67,,,,
03/02/2017,09:00,9.3,4.4,192.7,205.835,,,,
03/02/2017,10:00,9.9,5.1,185.3,-204.08,,,,
03/02/2017,11:00,10.2,5.2,194.4,-135.795,,,,
03/02/2017,12:00,10.4,6.1,196.3,-137.07,,,,
03/02/2017,13:00,10.9,5.7,189.1,-172.555,,,,
03/02/2017,14:00,10.6,5.7,169.3,-86.945,,,,
03/02/2017,15:00,10.1,5.8,143.2,-365.46,,,,
03/02/2017,16:00,9,5.6,138.4,117.255,,,,
03/02/2017,17:00,8.4,5.1,132.6,65.255,,,,
03/02/2017,18:00,8,5.2,125,70.495,,,,
03/02/2017,19:00,8.1,6.6,152.4,68.92,,,,
03/02/2017,20:00,8.4,6.6,159.5,178.315,,,,
03/02/2017,21:00,8,5.7,166.3,261.465,,,,
03/02/2017,22:00,7.5,5.1,183.4,140.565,,,,
03/02/2017,23:00,6.9,4.7,225.6,166.63,,,,
04/02/2017,00:00,6.9,6.2,223,166.63,,,,
04/02/2017,01:00,6.6,5.6,210.1,313.865,,,,
04/02/2017,02:00,5.6,4.8,184.1,138.45,,,,
04/02/2017,03:00,4.9,3.8,165.3,22.13,,,,
04/02/2017,04:00,4.5,4.2,155.2,18.18,,,,
04/02/2017,05:00,4.4,4.2,140.5,16.475,,,,
04/02/2017,06:00,4.8,4.5,137.8,21.33,,,,
04/02/2017,07:00,5,4.1,122,52.72,,,,
04/02/2017,08:00,5.2,3.7,101.4,51.47,,,,
04/02/2017,09:00,5.5,3.6,107,22.81,,,,
04/02/2017,10:00,6.1,3.6,103,40.505,,,,
04/02/2017,11:00,5.8,3.1,75.9,45.76,,,,
04/02/2017,12:00,5.5,3,69.8,45.76,,,,
04/02/2017,13:00,5.3,3.4,125.1,45.76,,,,
04/02/2017,14:00,5.1,2.5,112.3,45.76,,,,
04/02/2017,15:00,4.8,1.3,82.2,45.76,,,,
04/02/2017,16:00,4.8,0.6,312.8,45.76,,,,
04/02/2017,17:00,4.8,1.6,239.8,-45.74,,,,
04/02/2017,18:00,4.6,1.9,239.2,-45.74,,,,
04/02/2017,19:00,4.7,3.2,250.5,-45.74,,,,
04/02/2017,20:00,4.6,3,245.3,198.625,,,,
04/02/2017,21:00,4.7,3.2,243.6,27.62,,,,
04/02/2017,22:00,4.8,3.2,244,274.925,,,,
04/02/2017,23:00,4.8,2.3,233,176.915,,,,
05/02/2017,00:00,4.7,1.6,196.7,6.67,,,,
05/02/2017,01:00,4.2,1.9,166.8,-109.51,,,,
05/02/2017,02:00,3.9,2.9,154,6.365,,,,
05/02/2017,03:00,3.8,3.5,152.9,9.02,,,,
05/02/2017,04:00,3.6,3.5,140.2,22.83,,,,
05/02/2017,05:00,4,3.8,130.2,15.69,,,,
05/02/2017,06:00,4,2.9,116,81.715,,,,
05/02/2017,07:00,3.9,2.8,99.8,177.82,,,,
05/02/2017,08:00,4.3,3.4,102.6,109.525,,,,
05/02/2017,09:00,4.9,3.6,100.3,-135.24,,,,
05/02/2017,10:00,5.6,3.7,115.7,-54.705,,,,
05/02/2017,11:00,6.6,2.6,96.7,-39.8,,,,
05/02/2017,12:00,6.9,2.5,88.1,-44.285,,,,
05/02/2017,13:00,6.7,2.8,75.6,-55.34,,,,
05/02/2017,14:00,6.5,3.5,62.9,-63.67,,,,
05/02/2017,15:00,6.6,4.1,55.5,-96.675,,,,
05/02/2017,16:00,6.5,3.6,53.1,726.58,,,,
05/02/2017,17:00,6.3,3.3,52.6,490,,,,
05/02/2017,18:00,6.1,3.3,44.7,73.87,,,,
05/02/2017,19:00,6,3.2,34.3,73.87,,,,
05/02/2017,20:00,5.8,3.2,30.4,73.87,,,,
05/02/2017,21:00,5.7,3.1,25.8,73.87,,,,
05/02/2017,22:00,5.6,3.2,15.4,73.87,,,,
05/02/2017,23:00,5.2,3.8,3.8,73.87,,,,
06/02/2017,00:00,4.8,3.8,2.2,73.87,,,,
06/02/2017,01:00,4.5,3.1,2,73.87,,,,
06/02/2017,02:00,4.2,3.5,14.4,73.87,,,,
06/02/2017,03:00,3.9,2.8,19.8,264,,,,
06/02/2017,04:00,3.8,2.3,0.1,119.97,,,,
06/02/2017,05:00,3.9,2,340.6,53.26,,,,
06/02/2017,06:00,3.9,2.6,341.9,22.2,,,,
06/02/2017,07:00,4.1,1.8,358.3,113.085,,,,
06/02/2017,08:00,4.4,1.2,54,75.29,,,,
06/02/2017,09:00,6,2.2,72.7,-1.74,,,,
06/02/2017,10:00,7.2,2.2,58.5,-38.67,,,,
06/02/2017,11:00,7.2,1.3,29.4,-28.25,,,,
06/02/2017,12:00,7.1,0.6,3.4,-14.715,,,,
06/02/2017,13:00,7.1,0.9,315.7,-6.225,,,,
06/02/2017,14:00,7.2,0.9,229.4,-13.79,,,,
06/02/2017,15:00,7,1.6,256.7,-44.875,,,,
06/02/2017,16:00,6.5,1.1,257.2,45.815,,,,
06/02/2017,17:00,6.1,0.8,208.1,12.345,,,,
06/02/2017,18:00,5.7,0.4,163.9,6.295,,,,
06/02/2017,19:00,5.7,0.9,166.4,-16.38,,,,
06/02/2017,20:00,5.4,1,137.8,0.83,,,,
06/02/2017,21:00,5.6,2.2,134.2,-1.605,,,,
06/02/2017,22:00,5.7,3,124.1,15.115,,,,
06/02/2017,23:00,5.6,2.8,121.7,37.845,,,,
07/02/2017,00:00,5.4,3.3,140.1,50.125,,,,
07/02/2017,01:00,5.2,3.2,166,74.37,,,,
07/02/2017,02:00,5.1,2.7,167.3,40.755,,,,
07/02/2017,03:00,5.1,3.4,163.6,33.875,,,,
07/02/2017,04:00,5.3,3.9,159.7,38.745,,,,
07/02/2017,05:00,5,2.7,167.3,78.645,,,,
07/02/2017,06:00,4.7,2,150,78.8,,,,
07/02/2017,07:00,4.6,2.3,132.1,78.8,,,,
07/02/2017,08:00,4.7,2.8,134,78.8,,,,
07/02/2017,09:00,4.9,2.8,127.5,-126.99,,,,
07/02/2017,10:00,5.1,2.9,136.9,-85.54,,,,
07/02/2017,11:00,5.1,2.9,136.4,-195.685,,,,
07/02/2017,12:00,5.2,3.5,149.3,-91.83,,,,
07/02/2017,13:00,5.1,3,159.8,-91.83,,,,
07/02/2017,14:00,5.1,2.4,164.2,-91.83,,,,
07/02/2017,15:00,5.2,1.7,158.5,-91.83,,,,
07/02/2017,16:00,5.2,1.4,142.2,-91.83,,,,
07/02/2017,17:00,5.2,1.6,132,-91.83,,,,
07/02/2017,18:00,5.1,1.8,145.6,-91.83,,,,
07/02/2017,19:00,5.1,1.7,141.6,-91.83,,,,
07/02/2017,20:00,5.1,1.4,126.1,-91.83,,,,
07/02/2017,21:00,5.1,1,139.4,-91.83,,,,
07/02/2017,22:00,5.2,0.7,218.1,-91.83,,,,
07/02/2017,23:00,5.4,1.2,319.3,-55.935,,,,
08/02/2017,00:00,5.3,1.2,39.9,-20.04,,,,
08/02/2017,01:00,5.3,2.6,7.7,-20.04,,,,
08/02/2017,02:00,5.1,2.3,21,-20.04,,,,
08/02/2017,03:00,5.1,2.5,8.5,-361.77,,,,
08/02/2017,04:00,4.7,3.1,5.3,1545.14,,,,
08/02/2017,05:00,4.2,2.7,354.2,-163.68,,,,
08/02/2017,06:00,3.9,2.8,3.9,976.005,,,,
08/02/2017,07:00,3.7,2.6,359.7,-855.98,,,,
08/02/2017,08:00,3.5,2.8,355.3,-855.98,,,,
08/02/2017,09:00,3.5,2.8,1.8,-855.98,,,,
08/02/2017,10:00,3.5,2.8,2.8,-590.465,,,,
08/02/2017,11:00,3.5,2.5,5.2,-97.53,,,,
08/02/2017,12:00,3.4,2.7,352.8,-60.525,,,,
08/02/2017,13:00,3.2,2.7,346.6,-120.28,,,,
08/02/2017,14:00,3,2.8,4.6,-120.28,,,,
08/02/2017,15:00,3,2.7,13.8,-115.54,,,,
08/02/2017,16:00,2.9,2.3,22.5,-92.445,,,,
08/02/2017,17:00,2.8,2,15.4,-308.555,,,,
08/02/2017,18:00,2.7,2.2,18.2,-58.695,,,,
08/02/2017,19:00,2.5,2.3,19.8,-133.54,,,,
08/02/2017,20:00,2.4,2.6,7.2,-111.45,,,,
08/02/2017,21:00,2,2.9,13.8,-111.45,,,,
08/02/2017,22:00,1.7,2.7,29.4,-3434.995,,,,
08/02/2017,23:00,1.5,2.3,28,-339.66,,,,
09/02/2017,00:00,1.3,2.4,33.5,-262.2,,,,
09/02/2017,01:00,1,2.5,38.8,-1273.535,,,,
09/02/2017,02:00,0.8,2.4,37.2,-22.51,,,,
09/02/2017,03:00,0.7,2.1,35,-43.35,,,,
09/02/2017,04:00,0.5,2.7,48.5,-142.87,,,,
09/02/2017,05:00,0.4,2.7,53.5,-226.08,,,,
09/02/2017,06:00,0.3,2.2,77.1,-226.08,,,,
09/02/2017,07:00,0.4,2,78,-229.415,,,,
09/02/2017,08:00,0.5,2.1,71.5,-49.72,,,,
09/02/2017,09:00,0.7,2.2,75,-38.805,,,,
09/02/2017,10:00,0.6,2.3,81.1,-20.21,,,,
09/02/2017,11:00,0.7,1.9,84.2,-4.89,,,,
09/02/2017,12:00,1,2.4,74.3,-31.96,,,,
09/02/2017,13:00,1.3,1.9,50.5,-12.62,,,,
09/02/2017,14:00,1.5,1.9,67.4,-14.535,,,,
09/02/2017,15:00,1.6,2.1,44,-6.585,,,,
09/02/2017,16:00,1.4,2.3,50,-149.03,,,,
09/02/2017,17:00,1.2,3.2,50.1,4.14,,,,
09/02/2017,18:00,1,3.4,49.4,24.09,,,,
09/02/2017,19:00,0.6,3.6,52.4,43.45,,,,
09/02/2017,20:00,0.4,3.6,53,144.415,,,,
09/02/2017,21:00,0,3,56.4,28.275,,,,
09/02/2017,22:00,-0.7,3.2,55.6,267.525,,,,
09/02/2017,23:00,-1.4,3.3,57.2,79.995,,,,
10/02/2017,00:00,-1.8,2.7,65.2,87.9,,,,
10/02/2017,01:00,-2,3,52.1,16.68,,,,
10/02/2017,02:00,-2.3,2.8,48,57.71,,,,
10/02/2017,03:00,-2.5,3.1,52,81.875,,,,
10/02/2017,04:00,-2.8,3.2,46.2,102.545,,,,
10/02/2017,05:00,-3,3.4,47.6,79.485,,,,
10/02/2017,06:00,-3.1,3.6,50.3,24.445,,,,
10/02/2017,07:00,-3.1,3.8,50.6,109.37,,,,
10/02/2017,08:00,-2.6,3.6,56.6,135.385,,,,
10/02/2017,09:00,-2,3.2,57.3,-226.325,,,,
10/02/2017,10:00,-1.4,2.7,52.8,-122.97,,,,
10/02/2017,11:00,-0.9,2.9,51.6,-172.88,,,,
10/02/2017,12:00,-0.5,2.5,51,-35.575,,,,
10/02/2017,13:00,-0.1,2.8,52.3,-64.07,,,,
10/02/2017,14:00,-0.2,2.9,54.6,-167.45,,,,
10/02/2017,15:00,-0.2,2.5,57.8,-112.625,,,,
10/02/2017,16:00,-0.4,2.3,44.4,-1052.56,,,,
10/02/2017,17:00,-0.6,2.7,43.1,-1940.64,,,,
10/02/2017,18:00,-0.7,2.6,47.8,-1431.47,,,,
10/02/2017,19:00,-0.7,2.8,38.7,-1559.505,,,,
10/02/2017,20:00,-0.6,2.5,29.1,-2420.405,,,,
10/02/2017,21:00,-0.7,2.1,40.8,-341.48,,,,
10/02/2017,22:00,-0.7,1.9,47,-3165.075,,,,
10/02/2017,23:00,-0.7,2.2,33.6,-5740.43,,,,
11/02/2017,00:00,-0.7,2.3,32.3,235.13,,,,
11/02/2017,01:00,-0.6,2.2,44.2,-311.77,,,,
11/02/2017,02:00,-0.6,1.7,52.9,-1393.84,,,,
11/02/2017,03:00,-0.6,2.1,41.6,133.85,,,,
11/02/2017,04:00,-0.6,1.7,44.9,837.27,,,,
11/02/2017,05:00,-0.7,2.1,47.6,175.24,,,,
11/02/2017,06:00,-0.7,2.6,45.8,-925.45,,,,
11/02/2017,07:00,-0.7,2.5,49.1,663.58,,,,
11/02/2017,08:00,-0.6,2.6,44.3,-828.505,,,,
11/02/2017,09:00,-0.5,2.3,50.7,-277.82,,,,
11/02/2017,10:00,-0.2,2.4,50.6,-136.39,,,,
11/02/2017,11:00,0.2,2.4,51.6,-105.745,,,,
11/02/2017,12:00,0.5,2.3,47.1,-36.125,,,,
11/02/2017,13:00,0.7,2.2,45.7,-56.46,,,,
11/02/2017,14:00,0.9,2.3,41.8,-56.46,,,,
11/02/2017,15:00,0.8,2.2,50,-35.825,,,,
11/02/2017,16:00,0.5,2.5,50,-42.21,,,,
11/02/2017,17:00,0.3,1.7,47.3,-944.8,,,,
11/02/2017,18:00,0.4,1.9,39,-113.95,,,,
11/02/2017,19:00,0.6,1.9,38,-84.155,,,,
11/02/2017,20:00,0.8,2.3,41.4,-96.125,,,,
11/02/2017,21:00,0.9,2.3,35.3,-171.435,,,,
11/02/2017,22:00,0.7,1.9,45,139.36,,,,
11/02/2017,23:00,0.7,1.2,65.6,-52.4,,,,
12/02/2017,00:00,0.6,1.4,45.3,-8.48,,,,
12/02/2017,01:00,0.5,1.2,89.7,-31.53,,,,
12/02/2017,02:00,0.6,1,101.4,-109.135,,,,
12/02/2017,03:00,0.6,1.1,71.2,-155.005,,,,
12/02/2017,04:00,0.7,1.4,91,-26.75,,,,
12/02/2017,05:00,0.4,2.1,94.1,-30.675,,,,
12/02/2017,06:00,0.4,2.1,117.7,-105.655,,,,
12/02/2017,07:00,0.5,1.8,86.9,-121.755,,,,
12/02/2017,08:00,1,2,80.5,-27.62,,,,
12/02/2017,09:00,1.7,2.6,67.4,-49.94,,,,
12/02/2017,10:00,2.3,3,71.1,-10.975,,,,
12/02/2017,11:00,3.4,3.2,73.2,-26.835,,,,
12/02/2017,12:00,4.6,3.5,78.2,-27.675,,,,
12/02/2017,13:00,5.5,4.6,79.5,-29.15,,,,
12/02/2017,14:00,5.8,4.4,82.4,-20.76,,,,
12/02/2017,15:00,5.7,4.7,78.7,-106.145,,,,
12/02/2017,16:00,5.2,4.8,78.9,28.58,,,,
12/02/2017,17:00,4.9,5.1,73.9,14.195,,,,
12/02/2017,18:00,4.8,5.2,76.7,36.495,,,,
12/02/2017,19:00,4.5,5.1,80.9,17.595,,,,
12/02/2017,20:00,4.3,5,81.1,26.365,,,,
12/02/2017,21:00,4,5.3,78.4,12.565,,,,
12/02/2017,22:00,3.8,5.4,80.8,16.04,,,,
12/02/2017,23:00,3.3,5.1,79.4,6.105,,,,
13/02/2017,00:00,2.8,5.1,78,12.485,,,,
13/02/2017,01:00,2.4,5.4,80.5,84.625,,,,
13/02/2017,02:00,1.8,4.8,81.8,81.35,,,,
13/02/2017,03:00,1.4,5.5,79.9,45.8,,,,
13/02/2017,04:00,1,5.4,77.3,27.41,,,,
13/02/2017,05:00,0.5,5.5,79.1,37.21,,,,
13/02/2017,06:00,0.1,4.9,78.9,68.285,,,,
13/02/2017,07:00,0.2,5.3,77,58.435,,,,
13/02/2017,08:00,1.2,5.4,80.6,112.635,,,,
13/02/2017,09:00,3,4.5,80.5,142.52,,,,
13/02/2017,10:00,4.6,3.7,80.1,-136.075,,,,
13/02/2017,11:00,6,4.4,74.6,-26.935,,,,
13/02/2017,12:00,7.4,4.2,76.4,-14.365,,,,
13/02/2017,13:00,8.3,4.6,72.8,-41.435,,,,
13/02/2017,14:00,8.4,4.5,73.7,-57.685,,,,
13/02/2017,15:00,7.7,4.9,75.3,-82.205,,,,
13/02/2017,16:00,6.5,6.2,76.3,633.2,,,,
13/02/2017,17:00,5.7,6.3,81,359.28,,,,
13/02/2017,18:00,5.2,5.3,86.3,53.875,,,,
13/02/2017,19:00,5,5.3,90.4,12.94,,,,
13/02/2017,20:00,4.5,5.1,94,16.615,,,,
13/02/2017,21:00,3.9,4.9,91.8,14.865,,,,
13/02/2017,22:00,3.4,4.5,88.1,5.39,,,,
13/02/2017,23:00,2.8,4.5,84.2,3.03,,,,
14/02/2017,00:00,2.2,4.7,88,9.015,,,,
14/02/2017,01:00,2.2,3.7,90.4,19.145,,,,
14/02/2017,02:00,1.7,3.8,90.7,11.545,,,,
14/02/2017,03:00,1.2,3.2,99,8.205,,,,
14/02/2017,04:00,0.9,3.5,96.7,14.075,,,,
14/02/2017,05:00,1,2.7,113,2.39,,,,
14/02/2017,06:00,0.2,2.7,95.6,-27.29,,,,
14/02/2017,07:00,0.5,3.1,96.8,82.27,,,,
14/02/2017,08:00,3.3,3.4,107.9,4.875,,,,
14/02/2017,09:00,6.6,3.3,131.4,67.21,,,,
14/02/2017,10:00,9.8,2.7,124,-52.63,,,,
14/02/2017,11:00,12.4,1.8,108.6,-19.645,,,,
14/02/2017,12:00,14.2,1.7,116.2,-5.3,,,,
14/02/2017,13:00,15.5,2,105.8,-12.29,,,,
14/02/2017,14:00,15.4,2.6,97.8,-6.635,,,,
14/02/2017,15:00,14,2.8,102.8,-26.9,,,,
14/02/2017,16:00,11.5,2.9,93.2,151.76,,,,
14/02/2017,17:00,9.4,3,94.3,2.04,,,,
14/02/2017,18:00,8.4,3.2,101.6,-105.11,,,,
14/02/2017,19:00,8.3,3.4,108.6,17.91,,,,
14/02/2017,20:00,8.9,3.9,119.9,9.445,,,,
14/02/2017,21:00,9.7,4.9,142.1,10.67,,,,
14/02/2017,22:00,8.7,4,155.8,19.28,,,,
14/02/2017,23:00,8.2,5,149.2,22.285,,,,
15/02/2017,00:00,7.8,5,147.3,45.93,,,,
15/02/2017,01:00,7.6,5.1,148.5,38.18,,,,
15/02/2017,02:00,7.3,5.1,152.3,40.58,,,,
15/02/2017,03:00,6.9,5.5,153.2,50.8,,,,
15/02/2017,04:00,7.1,5.5,152.5,46.93,,,,
15/02/2017,05:00,7.1,5.6,154.3,39.665,,,,
15/02/2017,06:00,6.6,4.5,162.4,54.705,,,,
15/02/2017,07:00,6.9,5,157.3,38.12,,,,
15/02/2017,08:00,8.3,4.8,165.7,39.925,,,,
15/02/2017,09:00,10.9,4.3,169.2,-1664.22,,,,
15/02/2017,10:00,12.1,4.4,166.8,-97.17,,,,
15/02/2017,11:00,12.7,4.2,167.7,-51.535,,,,
15/02/2017,12:00,13.3,4.4,160.4,-47.48,,,,
15/02/2017,13:00,13.6,4.2,168.1,-49.07,,,,
15/02/2017,14:00,13.8,3.8,167.4,275.31,,,,
15/02/2017,15:00,13.6,4.2,167.8,-248.04,,,,
15/02/2017,16:00,12.8,4.4,173.2,140.39,,,,
15/02/2017,17:00,11.4,3.7,169.4,43.785,,,,
15/02/2017,18:00,11,4,163.5,5.665,,,,
15/02/2017,19:00,10.8,4.2,169.6,11.75,,,,
15/02/2017,20:00,10.7,3.3,193,17.04,,,,
15/02/2017,21:00,10.6,2.2,239.4,33.795,,,,
15/02/2017,22:00,10.1,1.6,257.6,28.4,,,,
15/02/2017,23:00,9.7,1.7,250.9,9,,,,
16/02/2017,00:00,8.5,1.5,216.7,13.575,,,,
16/02/2017,01:00,7.2,1.8,217.7,-5.165,,,,
16/02/2017,02:00,6.4,2.1,211.1,-25.305,,,,
16/02/2017,03:00,5.9,2,225.2,1.355,,,,
16/02/2017,04:00,6,2.2,204.1,1.37,,,,
16/02/2017,05:00,5.8,2.1,201.9,1.59,,,,
16/02/2017,06:00,5.3,2.4,219.5,-11.48,,,,
16/02/2017,07:00,5.3,1.9,211.1,5.42,,,,
16/02/2017,08:00,6.6,1.9,228.2,3.49,,,,
16/02/2017,09:00,8.2,2,236.5,265.435,,,,
16/02/2017,10:00,10,2.8,243.9,-34.28,,,,
16/02/2017,11:00,10.8,2.8,249.2,-28.93,,,,
16/02/2017,12:00,11.7,4,255.6,-12.2,,,,
16/02/2017,13:00,11.1,3.8,253.7,-30.045,,,,
16/02/2017,14:00,10.9,3.5,252.5,-112.125,,,,
16/02/2017,15:00,10.4,2.9,258.3,-115.915,,,,
16/02/2017,16:00,9.4,2.9,253.4,119.52,,,,
16/02/2017,17:00,8.1,1.9,238.7,32.395,,,,
16/02/2017,18:00,6.8,1.9,242.4,8.18,,,,
16/02/2017,19:00,6.9,1.8,237.3,15.845,,,,
16/02/2017,20:00,7.1,1.9,233.9,10.355,,,,
16/02/2017,21:00,6.8,2,233.1,20.82,,,,
16/02/2017,22:00,6.4,1.7,238.8,9.135,,,,
16/02/2017,23:00,6.1,2,225.3,15.98,,,,
17/02/2017,00:00,5.8,2.3,224.9,92.635,,,,
17/02/2017,01:00,5.8,2.3,225.6,11.525,,,,
17/02/2017,02:00,5.6,2.1,232.6,39.695,,,,
17/02/2017,03:00,5.6,2.3,233.9,114.935,,,,
17/02/2017,04:00,5.5,2.6,231,585.635,,,,
17/02/2017,05:00,5.8,2.8,236.7,1489.355,,,,
17/02/2017,06:00,5.9,3.3,246.8,221.995,,,,
17/02/2017,07:00,6,3.3,248.4,825.335,,,,
17/02/2017,08:00,6.5,3,254.1,-628.705,,,,
17/02/2017,09:00,7.1,3.1,263.6,-115.645,,,,
17/02/2017,10:00,7.8,3,265.2,-151.245,,,,
17/02/2017,11:00,8.2,3.4,278.4,-38.27,,,,
17/02/2017,12:00,8.3,3.3,279.4,-121.775,,,,
17/02/2017,13:00,8.6,3.2,287.8,-76.09,,,,
17/02/2017,14:00,8.7,2.9,289.6,-76.09,,,,
17/02/2017,15:00,8.8,2.6,288.1,-97.775,,,,
17/02/2017,16:00,8.5,2.1,289.9,-194.33,,,,
17/02/2017,17:00,8.3,1.9,323.2,35.38,,,,
17/02/2017,18:00,7.9,1.7,335.8,21.76,,,,
17/02/2017,19:00,7.7,1.5,330.5,16.435,,,,
17/02/2017,20:00,7.5,1.2,289,8.495,,,,
17/02/2017,21:00,7.2,1,294.3,13.285,,,,
17/02/2017,22:00,6.8,0.8,258,9.715,,,,
17/02/2017,23:00,5.6,0.7,201.2,-210.95,,,,
18/02/2017,00:00,4.7,0.3,172.1,-21.825,,,,
18/02/2017,01:00,5.3,0.9,207,-3.05,,,,
18/02/2017,02:00,5.4,0.6,176.4,-24.04,,,,
18/02/2017,03:00,5.6,0.9,129.2,1.02,,,,
18/02/2017,04:00,5.7,1.1,175,-16.68,,,,
18/02/2017,05:00,5.5,1.1,148.2,4.41,,,,
18/02/2017,06:00,5.1,1.3,138.3,-14.33,,,,
18/02/2017,07:00,5.7,1.5,121.3,-4.55,,,,
18/02/2017,08:00,6.7,1.7,131.6,4.22,,,,
18/02/2017,09:00,8.7,2.4,136.8,10.29,,,,
18/02/2017,10:00,10.2,2.8,147,-23.24,,,,
18/02/2017,11:00,10.8,2.3,170.9,-17.455,,,,
18/02/2017,12:00,11.2,2.2,168.5,-5.565,,,,
18/02/2017,13:00,10.9,1.8,217.5,-8.51,,,,
18/02/2017,14:00,10.4,1.1,221.1,-9.83,,,,
18/02/2017,15:00,10.5,1,137.6,141.94,,,,
18/02/2017,16:00,9.9,1.4,222.2,-129.06,,,,
18/02/2017,17:00,7.8,1.8,249.7,31.365,,,,
18/02/2017,18:00,6.1,1.5,245.8,10.94,,,,
18/02/2017,19:00,5,1.5,236.4,3.21,,,,
18/02/2017,20:00,4.1,1.8,196.5,-4.36,,,,
18/02/2017,21:00,3.4,1.8,201.7,-5.74,,,,
18/02/2017,22:00,3.3,1.6,225.3,-2.36,,,,
18/02/2017,23:00,2.9,2,227,-71.82,,,,
19/02/2017,00:00,2.5,1.4,241.2,9.64,,,,
19/02/2017,01:00,1.6,2.5,203.9,8.09,,,,
19/02/2017,02:00,1.7,2.7,200.8,6.47,,,,
19/02/2017,03:00,1.6,2.6,215.1,5.265,,,,
19/02/2017,04:00,1,2.3,240.3,4.62,,,,
19/02/2017,05:00,0.8,3,224.9,92.615,,,,
19/02/2017,06:00,1,2.7,227.5,11.305,,,,
19/02/2017,07:00,1.5,2.6,235.2,33.38,,,,
19/02/2017,08:00,3.2,2.7,227.8,111.575,,,,
19/02/2017,09:00,5.2,3.2,232.7,-48.94,,,,
19/02/2017,10:00,6.4,4,222.9,-89.18,,,,
19/02/2017,11:00,7.5,3.5,231.3,-75.67,,,,
19/02/2017,12:00,7.7,3,237,-125.87,,,,
19/02/2017,13:00,8,2.9,239.2,-47.06,,,,
19/02/2017,14:00,8.4,2.6,233.6,-198.915,,,,
19/02/2017,15:00,8.7,2.5,238.7,4071.09,,,,
19/02/2017,16:00,8.5,1.9,234,258.49,,,,
19/02/2017,17:00,8.5,2.4,245.6,46.725,,,,
19/02/2017,18:00,8.4,2.4,252.2,35.215,,,,
19/02/2017,19:00,8.3,1.8,236.4,55.705,,,,
19/02/2017,20:00,8.2,2.2,234.9,57.505,,,,
19/02/2017,21:00,8,2.5,239.2,64.56,,,,
19/02/2017,22:00,7.7,2.1,235.7,127.165,,,,
19/02/2017,23:00,7.6,2.5,231.7,26.805,,,,
20/02/2017,00:00,7.3,3.7,221.3,57.135,,,,
20/02/2017,01:00,7.1,4.2,217,202.205,,,,
20/02/2017,02:00,7.3,4.5,212.6,153.33,,,,
20/02/2017,03:00,7.4,4.2,224.9,269.63,,,,
20/02/2017,04:00,7.5,4.8,221.1,311.09,,,,
20/02/2017,05:00,7.6,4.9,224.4,311.09,,,,
20/02/2017,06:00,7.6,5,222.8,1412.075,,,,
20/02/2017,07:00,7.7,5.5,225,2513.06,,,,
20/02/2017,08:00,8,6.1,223.6,2718.095,,,,
20/02/2017,09:00,8.1,5.8,223.3,2923.13,,,,
20/02/2017,10:00,8.3,5.6,224.1,-2808.855,,,,
20/02/2017,11:00,8.5,5.6,224.2,-1099.72,,,,
20/02/2017,12:00,8.9,5.3,225.2,-1099.72,,,,
20/02/2017,13:00,9.2,5.5,223,-656.26,,,,
20/02/2017,14:00,9.4,5.2,225.7,-212.8,,,,
20/02/2017,15:00,9.7,4.6,231.9,-9110.5,,,,
20/02/2017,16:00,10.1,3.8,240.8,1150.075,,,,
20/02/2017,17:00,10.4,3.9,239.4,66.27,,,,
20/02/2017,18:00,10.2,3.5,235.3,210.98,,,,
20/02/2017,19:00,10.1,3.5,234.3,352.8,,,,
20/02/2017,20:00,10,3.5,234.9,157.85,,,,
20/02/2017,21:00,9.8,3.6,238.4,97.71,,,,
20/02/2017,22:00,9.7,3.4,237.4,579.025,,,,
20/02/2017,23:00,9.6,3.6,240.4,301.695,,,,
21/02/2017,00:00,9.4,3.7,245.3,93.82,,,,
21/02/2017,01:00,9.4,3.7,249,93.82,,,,
21/02/2017,02:00,9.4,3.9,249.4,93.82,,,,
21/02/2017,03:00,9.5,3.7,250.9,93.82,,,,
21/02/2017,04:00,9.6,3.4,258,93.82,,,,
21/02/2017,05:00,9.7,3.4,257.6,93.82,,,,
21/02/2017,06:00,9.6,3.2,249.2,2544.965,,,,
21/02/2017,07:00,9.5,3.9,247.7,267.51,,,,
21/02/2017,08:00,9.6,3.3,243.3,286.72,,,,
21/02/2017,09:00,9.7,3.5,248.2,-233.56,,,,
21/02/2017,10:00,9.7,3.5,245.7,-324.08,,,,
21/02/2017,11:00,9.7,3.5,244.1,-490.86,,,,
21/02/2017,12:00,9.9,3.4,244,-490.86,,,,
21/02/2017,13:00,10.1,3.5,248.8,-111.565,,,,
21/02/2017,14:00,10.3,3.2,246,-357.255,,,,
21/02/2017,15:00,10.3,3.2,244.1,-255.55,,,,
21/02/2017,16:00,10,2.8,236.4,219.97,,,,
21/02/2017,17:00,9.8,3,235.3,219.97,,,,
21/02/2017,18:00,9.7,3.9,228.8,630.135,,,,
21/02/2017,19:00,9.5,4.9,229.7,1497.28,,,,
21/02/2017,20:00,9.3,4.8,231.2,1497.28,,,,
21/02/2017,21:00,9.3,5.2,229.7,1497.28,,,,
21/02/2017,22:00,9.4,4.9,233.1,1497.28,,,,
21/02/2017,23:00,9.5,6.2,232.8,799.92,,,,
22/02/2017,00:00,9.6,6.5,239.3,746.465,,,,
22/02/2017,01:00,9.5,5.4,237.8,873.18,,,,
22/02/2017,02:00,9.1,5.5,231.1,711.615,,,,
22/02/2017,03:00,8.9,6.1,229.6,1321.43,,,,
22/02/2017,04:00,9,4.8,232.4,1321.43,,,,
22/02/2017,05:00,9.5,5.5,237.9,1321.43,,,,
22/02/2017,06:00,9.8,6.1,242.8,348.545,,,,
22/02/2017,07:00,9.8,6.8,247.4,408.635,,,,
22/02/2017,08:00,9.5,5.7,242.7,661.77,,,,
22/02/2017,09:00,9.2,5.4,241.8,429.54,,,,
22/02/2017,10:00,9.5,5.9,242.1,2761.19,,,,
22/02/2017,11:00,9.7,6.4,237.9,973.61,,,,
22/02/2017,12:00,10.1,5.9,238.4,634.3,,,,
22/02/2017,13:00,10,6.2,238.6,344.47,,,,
22/02/2017,14:00,10.1,7.4,244.9,-5488.91,,,,
22/02/2017,15:00,10.2,7.6,241.9,1164.54,,,,
22/02/2017,16:00,10.2,6.8,241,772.35,,,,
22/02/2017,17:00,9.7,5.6,236.6,1080.39,,,,
22/02/2017,18:00,9.7,5.6,237,1080.39,,,,
22/02/2017,19:00,9.6,5.8,238.1,1080.39,,,,
22/02/2017,20:00,9.5,5.5,237.5,1080.39,,,,
22/02/2017,21:00,9.4,5.3,239,1080.39,,,,
22/02/2017,22:00,9.2,5,238.4,1080.39,,,,
22/02/2017,23:00,9.3,5.4,240.2,1080.39,,,,
23/02/2017,00:00,9.2,5.1,240.4,1080.39,,,,
23/02/2017,01:00,9,5.2,233.8,1080.39,,,,
23/02/2017,02:00,8.7,4.9,233.7,1080.39,,,,
23/02/2017,03:00,8.4,6.5,225.6,1080.39,,,,
23/02/2017,04:00,8.4,7.9,221.1,1080.39,,,,
23/02/2017,05:00,8.5,8.5,217.4,605.555,,,,
23/02/2017,06:00,8.6,8.2,215.5,694.76,,,,
23/02/2017,07:00,8.3,7.6,211.7,1097.09,,,,
23/02/2017,08:00,8.5,8.3,210.4,578.88,,,,
23/02/2017,09:00,8.4,8.8,212.1,920.895,,,,
23/02/2017,10:00,8.4,9.2,205.2,1148.23,,,,
23/02/2017,11:00,8.9,10.4,205.1,1148.23,,,,
23/02/2017,12:00,9.4,9.6,225.1,4098.44,,,,
23/02/2017,13:00,11.1,9.4,232.1,4098.44,,,,
23/02/2017,14:00,10.4,9.7,243.4,-885.08,,,,
23/02/2017,15:00,9.8,9.6,242.1,1977.9,,,,
23/02/2017,16:00,9.3,9.8,245.2,1268.065,,,,
23/02/2017,17:00,8.8,9.2,242.8,926.45,,,,
23/02/2017,18:00,8.4,8.5,242.2,1064.205,,,,
23/02/2017,19:00,8,9,243.6,415.785,,,,
23/02/2017,20:00,8,10.6,270,798.645,,,,
23/02/2017,21:00,7.2,9.3,274.2,973.17,,,,
23/02/2017,22:00,5.8,7.1,282.7,1094.12,,,,
23/02/2017,23:00,5.4,5.4,283.5,1454.73,,,,
24/02/2017,00:00,5.3,4.8,269.4,1454.73,,,,
24/02/2017,01:00,5.4,4.9,275.7,167.475,,,,
24/02/2017,02:00,5.1,4.3,279.1,103.525,,,,
24/02/2017,03:00,5.1,3.7,272.2,124.445,,,,
24/02/2017,04:00,4.6,3.5,269.7,90.77,,,,
24/02/2017,05:00,4.4,3.2,268.2,51.505,,,,
24/02/2017,06:00,3.9,2.8,256.3,33.43,,,,
24/02/2017,07:00,4.2,3.2,257.5,29.645,,,,
24/02/2017,08:00,4.7,3.1,259.6,157.865,,,,
24/02/2017,09:00,5.3,3.2,285.9,-78.71,,,,
24/02/2017,10:00,4.3,1.9,337.3,-15.28,,,,
24/02/2017,11:00,5.8,3.5,272.4,-22.85,,,,
24/02/2017,12:00,6.6,3.5,305.5,-35.48,,,,
24/02/2017,13:00,5.1,2.9,313.9,-19.59,,,,
24/02/2017,14:00,6.1,2.5,293,-19.59,,,,
24/02/2017,15:00,6.3,2.4,291.1,-37.885,,,,
24/02/2017,16:00,5.8,2.4,290.4,-89.965,,,,
24/02/2017,17:00,5.5,2.9,296.1,146.425,,,,
24/02/2017,18:00,4.7,1.9,286.3,35.355,,,,
24/02/2017,19:00,3.9,1.3,253.1,10.525,,,,
24/02/2017,20:00,2.8,1.8,232.8,31.57,,,,
24/02/2017,21:00,2.1,1.6,215.1,0.965,,,,
24/02/2017,22:00,1.6,1.9,195.6,4.91,,,,
24/02/2017,23:00,1.1,2.2,203.5,4.955,,,,
25/02/2017,00:00,1.2,2.2,187.1,7.305,,,,
25/02/2017,01:00,0.8,2.2,201.1,6.72,,,,
25/02/2017,02:00,0.7,2.3,192.1,5.095,,,,
25/02/2017,03:00,1,2.9,186,4.705,,,,
25/02/2017,04:00,1.7,3.5,200.6,11.11,,,,
25/02/2017,05:00,1.8,3.3,198,11.74,,,,
25/02/2017,06:00,1.7,3.5,196.7,17.755,,,,
25/02/2017,07:00,2.4,3.5,200.9,14.28,,,,
25/02/2017,08:00,4.1,4.3,199.6,24.67,,,,
25/02/2017,09:00,5.9,5.6,200.6,-142.97,,,,
25/02/2017,10:00,6.4,6.7,207.5,-58.705,,,,
25/02/2017,11:00,6.9,6.9,209.9,-225.72,,,,
25/02/2017,12:00,7.2,6.6,205.1,-271.015,,,,
25/02/2017,13:00,7.6,6.4,199.5,-289.815,,,,
25/02/2017,14:00,8.2,6.4,198,-265.29,,,,
25/02/2017,15:00,8.8,6.3,201.2,-416.385,,,,
25/02/2017,16:00,8.6,5.4,205.6,574.54,,,,
25/02/2017,17:00,8,5.5,205.7,107.13,,,,
25/02/2017,18:00,7.6,5.1,202.6,102.78,,,,
25/02/2017,19:00,7.5,5.4,201.1,82.595,,,,
25/02/2017,20:00,7.4,5,199.7,71.84,,,,
25/02/2017,21:00,7.4,5.6,195.5,90.53,,,,
25/02/2017,22:00,7.5,5.7,198.8,109.63,,,,
25/02/2017,23:00,7.7,5.4,202.9,121.41,,,,
26/02/2017,00:00,7.8,5.9,201.7,116.175,,,,
26/02/2017,01:00,7.7,5.5,208.5,220.16,,,,
26/02/2017,02:00,7.5,5.2,208.9,166.79,,,,
26/02/2017,03:00,7.4,5.9,208.7,133.765,,,,
26/02/2017,04:00,6.9,5.2,209,172.425,,,,
26/02/2017,05:00,7,5.2,206.3,129.55,,,,
26/02/2017,06:00,7,6.1,212.3,241.935,,,,
26/02/2017,07:00,6.4,5.6,201.3,406.58,,,,
26/02/2017,08:00,7.2,5.2,203.1,1132.825,,,,
26/02/2017,09:00,7.1,4.7,208.1,-943.36,,,,
26/02/2017,10:00,7,4.2,204.6,-1176.7,,,,
26/02/2017,11:00,7.8,5.1,198.6,-94.72,,,,
26/02/2017,12:00,8.6,6.1,201.5,-97.96,,,,
26/02/2017,13:00,8.9,5.6,203.1,-109.5,,,,
26/02/2017,14:00,9.4,5.7,199.8,-229.335,,,,
26/02/2017,15:00,9.4,5.7,196.1,-858.71,,,,
26/02/2017,16:00,9.7,5.6,192.8,5177.375,,,,
26/02/2017,17:00,9.9,6.1,190.4,349.22,,,,
26/02/2017,18:00,10.2,6.7,187.6,186.09,,,,
26/02/2017,19:00,10.5,6.6,190.4,140.86,,,,
26/02/2017,20:00,10.4,7.4,193.7,127.73,,,,
26/02/2017,21:00,10.3,7.3,193.5,216.63,,,,
26/02/2017,22:00,10.4,6.5,195,281.415,,,,
26/02/2017,23:00,10.5,6.9,196.2,204.265,,,,
27/02/2017,00:00,10.4,5.7,199.9,276.365,,,,
27/02/2017,01:00,10.5,5.8,204.8,186.4,,,,
27/02/2017,02:00,10.4,6.2,200,208.14,,,,
27/02/2017,03:00,10.1,7,210.7,339.505,,,,
27/02/2017,04:00,9.4,6,203.8,622.225,,,,
27/02/2017,05:00,9.4,6.3,197.1,305.75,,,,
27/02/2017,06:00,9.5,6.9,200.1,136.53,,,,
27/02/2017,07:00,9.5,6.1,193.5,219.92,,,,
27/02/2017,08:00,10.2,7.8,185.3,318.58,,,,
27/02/2017,09:00,10.4,8.4,189.8,-266.6,,,,
27/02/2017,10:00,10.7,8.7,188.3,-1610.37,,,,
27/02/2017,11:00,11.1,8.5,184.9,-1610.37,,,,
27/02/2017,12:00,10.7,8.8,178.6,-1169.68,,,,
27/02/2017,13:00,9.9,9.3,178.2,4262.97,,,,
27/02/2017,14:00,7.1,7.4,207.4,4262.97,,,,
27/02/2017,15:00,6.9,8.2,190.3,4262.97,,,,
27/02/2017,16:00,7.9,7.5,191.4,4262.97,,,,
27/02/2017,17:00,8.4,7.1,195.7,4262.97,,,,
27/02/2017,18:00,8.3,6.9,202.5,244.835,,,,
27/02/2017,19:00,7.6,9.3,213.8,191.505,,,,
27/02/2017,20:00,6.7,8.1,215.6,512.855,,,,
27/02/2017,21:00,6.3,7.8,210.2,293.175,,,,
27/02/2017,22:00,6.3,7.8,212.7,294.67,,,,
27/02/2017,23:00,5.7,8.3,215.8,470.875,,,,
28/02/2017,00:00,5.3,8.6,212.7,569.175,,,,
28/02/2017,01:00,5.3,8.4,211.2,721.68,,,,
28/02/2017,02:00,5.2,7.9,207.9,669.965,,,,
28/02/2017,03:00,4.9,8.3,208.7,491.125,,,,
28/02/2017,04:00,4.8,8.1,208,767.195,,,,
28/02/2017,05:00,4.7,8.6,210,756.415,,,,
28/02/2017,06:00,4.8,8.3,209.7,817.17,,,,
28/02/2017,07:00,5,8,211.3,647.9,,,,
28/02/2017,08:00,5.6,7.2,205.4,1204.405,,,,
28/02/2017,09:00,5.9,7.2,203.1,-316.55,,,,
28/02/2017,10:00,6.2,6.1,203.7,-182.625,,,,
28/02/2017,11:00,6.6,6.5,208.9,-199.005,,,,
28/02/2017,12:00,6.3,6.4,210,-274.795,,,,
28/02/2017,13:00,5.2,4.5,231.2,-315.29,,,,
28/02/2017,14:00,3.2,3.7,249,-276.35,,,,
28/02/2017,15:00,4.2,3.9,244.4,-276.35,,,,
28/02/2017,16:00,4.6,3.2,233.9,-184.795,,,,
28/02/2017,17:00,4.5,3.7,224.9,13.65,,,,
28/02/2017,18:00,4.9,3.5,232.6,67.155,,,,
28/02/2017,19:00,4.9,3.6,222.8,37.095,,,,
28/02/2017,20:00,4.1,6.8,215.6,32.04,,,,
28/02/2017,21:00,3.3,6.1,224.5,32.04,,,,
28/02/2017,22:00,4,5.7,223.9,32.04,,,,
28/02/2017,23:00,4.3,5.7,224.1,32.04,,,,
01/03/2017,00:00,4.9,7.3,217.6,32.04,,,,
01/03/2017,01:00,5.3,7.1,220.6,597.67,,,,
01/03/2017,02:00,5.6,5.4,234,597.67,,,,
01/03/2017,03:00,5.8,5,233.5,597.67,,,,
01/03/2017,04:00,6.3,5.2,244.6,352.805,,,,
01/03/2017,05:00,6.1,4.2,240.3,115.57,,,,
01/03/2017,06:00,5.9,3.7,244.2,100.085,,,,
01/03/2017,07:00,5.9,3,255.1,101.78,,,,
01/03/2017,08:00,6.2,4.8,227.4,101.78,,,,
01/03/2017,09:00,6.6,6.2,221.8,101.78,,,,
01/03/2017,10:00,7.4,6.6,219.5,-558.48,,,,
01/03/2017,11:00,7.5,6.4,221.4,-232.525,,,,
01/03/2017,12:00,7.9,6.7,218.9,-236.195,,,,
01/03/2017,13:00,7.1,5,217.7,-314.46,,,,
01/03/2017,14:00,7.5,4.8,208.9,-257.94,,,,
01/03/2017,15:00,7.4,5.7,198.6,-955.59,,,,
01/03/2017,16:00,6.3,3.1,175,2737.36,,,,
01/03/2017,17:00,5.9,3.2,151.6,2406.37,,,,
01/03/2017,18:00,6.1,3.8,156.3,2406.37,,,,
01/03/2017,19:00,7.3,4.2,206.3,2406.37,,,,
01/03/2017,20:00,8.5,6.1,228.6,2406.37,,,,
01/03/2017,21:00,8.2,5.5,248.2,2406.37,,,,
01/03/2017,22:00,7.7,5,244.6,2406.37,,,,
01/03/2017,23:00,7.6,4.2,237.1,277.68,,,,
02/03/2017,00:00,7.7,6.2,240.4,171.58,,,,
02/03/2017,01:00,7.3,7.2,243.5,171.58,,,,
02/03/2017,02:00,7,8,245.5,203.14,,,,
02/03/2017,03:00,6.2,7.2,246.7,547.535,,,,
02/03/2017,04:00,6.1,6.8,242.4,151.86,,,,
02/03/2017,05:00,6.1,6.1,243.6,255.2,,,,
02/03/2017,06:00,6.2,6.6,245.6,208.355,,,,
02/03/2017,07:00,6.3,6.1,246.1,162.99,,,,
02/03/2017,08:00,6.9,6.2,241.6,373.765,,,,
02/03/2017,09:00,7.6,7.3,247.1,3115.2,,,,
02/03/2017,10:00,8.2,8.2,248.8,5523.92,,,,
02/03/2017,11:00,8.3,7.8,250.9,1113.03,,,,
02/03/2017,12:00,8.5,6.9,250.8,8289.66,,,,
02/03/2017,13:00,8.7,6.8,250.8,-10301.075,,,,
02/03/2017,14:00,8.8,6,245.4,-19050.6,,,,
02/03/2017,15:00,9,5,244.1,4818.525,,,,
02/03/2017,16:00,8.8,4,241.3,2357.555,,,,
02/03/2017,17:00,7.9,3.6,239.3,124.255,,,,
02/03/2017,18:00,7,2.9,234.7,43.855,,,,
02/03/2017,19:00,6.4,2.9,236.6,31.335,,,,
02/03/2017,20:00,5.5,3,226.5,28.82,,,,
02/03/2017,21:00,5.2,2.9,210.6,10.625,,,,
02/03/2017,22:00,5.2,3,209.4,5.28,,,,
02/03/2017,23:00,4.8,2.5,192,17.175,,,,
03/03/2017,00:00,4.4,3.1,158.7,6.785,,,,
03/03/2017,01:00,4.6,3.3,148,21.64,,,,
03/03/2017,02:00,4.4,4,155.4,24.335,,,,
03/03/2017,03:00,3.8,4.2,155.7,40.49,,,,
03/03/2017,04:00,3.6,4.4,154.7,43.445,,,,
03/03/2017,05:00,4.1,4.4,151,22.2,,,,
03/03/2017,06:00,4.8,5.4,140.9,21.96,,,,
03/03/2017,07:00,5.2,5.4,138.8,95.04,,,,
03/03/2017,08:00,6.4,6.1,147.2,257.365,,,,
03/03/2017,09:00,6.8,5,141,1656.04,,,,
03/03/2017,10:00,8.3,6.7,143.5,1656.04,,,,
03/03/2017,11:00,9.7,6,148.7,-321,,,,
03/03/2017,12:00,10.6,6.2,149.3,-132.125,,,,
03/03/2017,13:00,11.4,5.8,147.6,-316.58,,,,
03/03/2017,14:00,12.2,5.8,139.4,-598.875,,,,
03/03/2017,15:00,12.4,6.9,147,-806.355,,,,
03/03/2017,16:00,12.1,6.8,149.9,450.185,,,,
03/03/2017,17:00,11.7,6.4,154.6,130.12,,,,
03/03/2017,18:00,11.7,7.2,151.9,71.145,,,,
03/03/2017,19:00,11.6,6.9,151.7,143.115,,,,
03/03/2017,20:00,11.2,5.9,151.8,117.295,,,,
03/03/2017,21:00,10.9,5.7,148.5,66.165,,,,
03/03/2017,22:00,10.8,5.6,151.8,61.365,,,,
03/03/2017,23:00,11.4,5.8,162.9,61.655,,,,
04/03/2017,00:00,11.5,5.9,163.1,59.005,,,,
04/03/2017,01:00,11.4,4.5,168.9,56.595,,,,
04/03/2017,02:00,11.3,5,181.9,34.55,,,,
04/03/2017,03:00,10.9,4.6,182.9,65.41,,,,
04/03/2017,04:00,10.1,4.8,170.7,51.175,,,,
04/03/2017,05:00,9,4.4,163.6,45.3,,,,
04/03/2017,06:00,8.6,5.1,150.3,45.3,,,,
04/03/2017,07:00,8.9,4.7,146.3,45.3,,,,
04/03/2017,08:00,9.4,5.4,155.9,180.315,,,,
04/03/2017,09:00,10.6,4.8,166.7,335.84,,,,
04/03/2017,10:00,11.1,4.6,197.2,-125.885,,,,
04/03/2017,11:00,10.5,3.9,209,-1252.8,,,,
04/03/2017,12:00,10.7,4.3,225.7,-1252.8,,,,
04/03/2017,13:00,11,4.2,196.9,-677.17,,,,
04/03/2017,14:00,11.2,3.9,181.8,-303.72,,,,
04/03/2017,15:00,10.9,3.7,181.2,152.46,,,,
04/03/2017,16:00,9.7,5.4,173.7,88.51,,,,
04/03/2017,17:00,7.4,3.8,268.6,88.51,,,,
04/03/2017,18:00,6.5,2.1,258.1,88.51,,,,
04/03/2017,19:00,6.4,1.3,238.4,44.765,,,,
04/03/2017,20:00,6.4,2.7,222.4,61.39,,,,
04/03/2017,21:00,6.7,3.6,213.8,54.7,,,,
04/03/2017,22:00,6.6,4.5,194.9,68.82,,,,
04/03/2017,23:00,7.1,5.5,200.6,64.095,,,,
05/03/2017,00:00,7.1,5.9,214.7,171.46,,,,
05/03/2017,01:00,6.9,6.2,213.9,361.16,,,,
05/03/2017,02:00,6.9,6.7,217.4,246.185,,,,
05/03/2017,03:00,6.9,6.6,213.4,241.125,,,,
05/03/2017,04:00,6.8,6,207.7,441.04,,,,
05/03/2017,05:00,6.4,4.9,202.9,358.42,,,,
05/03/2017,06:00,5.4,5.2,190.9,200.56,,,,
05/03/2017,07:00,5.5,5.4,183.2,87.195,,,,
05/03/2017,08:00,7,5.8,180.2,145.665,,,,
05/03/2017,09:00,8.2,6.7,179.7,-208.825,,,,
05/03/2017,10:00,8.6,7.5,179.9,-104.3,,,,
05/03/2017,11:00,7.5,8.8,180.1,-98,,,,
05/03/2017,12:00,5.4,8.5,175.7,-98,,,,
05/03/2017,13:00,4.9,8.2,174.3,-98,,,,
05/03/2017,14:00,4.7,7.5,179.7,-98,,,,
05/03/2017,15:00,5.1,6.5,187.1,-98,,,,
05/03/2017,16:00,5.4,4.8,196.8,-98,,,,
05/03/2017,17:00,5.8,4.6,206.7,513.6,,,,
05/03/2017,18:00,6,5.6,217.2,151.09,,,,
05/03/2017,19:00,5.9,5.6,216.2,131.625,,,,
05/03/2017,20:00,5.8,6,218.6,168.65,,,,
05/03/2017,21:00,5.5,6.4,211.7,117.175,,,,
05/03/2017,22:00,5.5,5.9,201.5,242.65,,,,
05/03/2017,23:00,5.1,6.3,201,84.7,,,,
06/03/2017,00:00,5.4,5.6,219.8,84.7,,,,
06/03/2017,01:00,5.4,3.5,232,84.7,,,,
06/03/2017,02:00,5.5,2.9,245.8,84.7,,,,
06/03/2017,03:00,5.1,3.8,259.7,84.7,,,,
06/03/2017,04:00,5,4,255.6,84.7,,,,
06/03/2017,05:00,5,4.1,246.9,135.505,,,,
06/03/2017,06:00,4.8,4,247.5,-3448.92,,,,
06/03/2017,07:00,4.9,3,238.5,1408.13,,,,
06/03/2017,08:00,5.1,2.7,236.5,1408.13,,,,
06/03/2017,09:00,5.7,3.6,250.2,1408.13,,,,
06/03/2017,10:00,6.1,4.1,247.1,-331.3,,,,
06/03/2017,11:00,6.5,3.8,254.2,-331.3,,,,
06/03/2017,12:00,7.1,5,274,-331.3,,,,
06/03/2017,13:00,7.1,4.9,274.6,-239.98,,,,
06/03/2017,14:00,6.7,4.1,286.9,-96.98,,,,
06/03/2017,15:00,6.4,4.1,296,175.86,,,,
06/03/2017,16:00,5.9,5.3,299.1,175.86,,,,
06/03/2017,17:00,5.9,4.5,297.8,175.86,,,,
06/03/2017,18:00,6,3.7,298.1,204.73,,,,
06/03/2017,19:00,6,2.9,280.6,151.935,,,,
06/03/2017,20:00,5.4,3.6,275.1,124.7,,,,
06/03/2017,21:00,5.3,3.1,278,124.7,,,,
06/03/2017,22:00,5,2.7,262.3,260.58,,,,
06/03/2017,23:00,4.6,2.9,256,260.58,,,,
07/03/2017,00:00,4.7,3,247.2,260.58,,,,
07/03/2017,01:00,4.8,2.8,251.4,260.58,,,,
07/03/2017,02:00,4.9,2.4,287.9,260.58,,,,
07/03/2017,03:00,5,2,287.9,-33.03,,,,
07/03/2017,04:00,5.2,2.3,269.7,-33.03,,,,
07/03/2017,05:00,5.3,2.1,268.5,636.3,,,,
07/03/2017,06:00,5.4,1.9,256.6,-40.59,,,,
07/03/2017,07:00,5.4,2.6,246.2,19.58,,,,
07/03/2017,08:00,5.9,2.4,260.6,-710.8,,,,
07/03/2017,09:00,7.5,2.9,257.6,-34.665,,,,
07/03/2017,10:00,8.5,3.2,262,-22.905,,,,
07/03/2017,11:00,9,3.7,271.9,-44.145,,,,
07/03/2017,12:00,9.5,3.5,271.4,-35.025,,,,
07/03/2017,13:00,10.1,4.6,269.5,-31.91,,,,
07/03/2017,14:00,9.4,4,273.9,-48.865,,,,
07/03/2017,15:00,9.1,4.8,278.8,-102.675,,,,
07/03/2017,16:00,7.8,3.2,283.5,-121.185,,,,
07/03/2017,17:00,6.5,2.1,289,93.68,,,,
07/03/2017,18:00,5.1,1.6,283.3,12.485,,,,
07/03/2017,19:00,4.1,1.2,244.5,3.665,,,,
07/03/2017,20:00,4,1.3,189,26.24,,,,
07/03/2017,21:00,4.9,1.7,164.6,4.24,,,,
07/03/2017,22:00,4.7,2.3,153.6,3.545,,,,
07/03/2017,23:00,4.5,3.1,186.1,6.88,,,,
08/03/2017,00:00,4.3,3.4,188.9,5.425,,,,
08/03/2017,01:00,4.4,4.3,178.8,10.475,,,,
08/03/2017,02:00,4.9,4.7,172.8,27.7,,,,
08/03/2017,03:00,4.9,5.2,169.2,67.895,,,,
08/03/2017,04:00,5.3,5.2,178.1,64.18,,,,
08/03/2017,05:00,5.6,6.1,180.8,93.74,,,,
08/03/2017,06:00,5.4,6.7,178.3,85.11,,,,
08/03/2017,07:00,5.5,7.8,180.8,85.11,,,,
08/03/2017,08:00,5.9,7.5,187.6,85.11,,,,
08/03/2017,09:00,6.3,6.9,196.7,85.11,,,,
08/03/2017,10:00,6.7,5.9,204.2,85.11,,,,
08/03/2017,11:00,7.7,5.8,210.8,85.11,,,,
08/03/2017,12:00,8.7,6,210.1,85.11,,,,
08/03/2017,13:00,9.7,6.4,211.3,85.11,,,,
08/03/2017,14:00,10.5,5.6,229.6,85.11,,,,
08/03/2017,15:00,10.9,5.7,251.6,85.11,,,,
08/03/2017,16:00,10.7,5.9,252.3,85.11,,,,
08/03/2017,17:00,10.6,5.8,253.2,85.11,,,,
08/03/2017,18:00,10.4,4.2,263,85.11,,,,
08/03/2017,19:00,10.3,3.1,266.3,85.11,,,,
08/03/2017,20:00,10.1,2.7,265.3,85.11,,,,
08/03/2017,21:00,9.9,2,243.2,85.11,,,,
08/03/2017,22:00,9.7,2,248.2,70.87,,,,
08/03/2017,23:00,9.8,2,239.7,29.645,,,,
09/03/2017,00:00,9.8,2.3,237.7,214.54,,,,
09/03/2017,01:00,9.8,2.3,235.5,35.42,,,,
09/03/2017,02:00,9.8,2.5,239.5,35.42,,,,
09/03/2017,03:00,9.8,2.2,237.2,20.78,,,,
09/03/2017,04:00,9.8,2.5,230.8,20.78,,,,
09/03/2017,05:00,9.8,3.7,225.7,20.78,,,,
09/03/2017,06:00,9.9,3.3,232.3,20.78,,,,
09/03/2017,07:00,10,3.5,238.3,-663.86,,,,
09/03/2017,08:00,10.1,3.7,241.7,315.92,,,,
09/03/2017,09:00,10.4,4.3,248.1,875.495,,,,
09/03/2017,10:00,11,4.7,246.4,27.345,,,,
09/03/2017,11:00,11.7,5.1,254.3,98.145,,,,
09/03/2017,12:00,12.2,4.6,260.8,-186.31,,,,
09/03/2017,13:00,13.3,4.4,263.1,-136.595,,,,
09/03/2017,14:00,13.6,4.9,279.1,-66.71,,,,
09/03/2017,15:00,13.3,5.8,298.2,-93.055,,,,
09/03/2017,16:00,12.4,3.9,290.9,335.73,,,,
09/03/2017,17:00,11.7,3.8,299.2,88.59,,,,
09/03/2017,18:00,10.7,3.5,319.6,44.63,,,,
09/03/2017,19:00,9.7,4,342.5,23.21,,,,
09/03/2017,20:00,8.3,2.8,332.5,48.39,,,,
09/03/2017,21:00,7.1,2.9,333.7,29.305,,,,
09/03/2017,22:00,6.1,2.9,7.7,26.205,,,,
09/03/2017,23:00,5.1,2.2,28.4,16.88,,,,
10/03/2017,00:00,3.7,1.4,20.7,-165.85,,,,
10/03/2017,01:00,3.3,1.8,33.5,4.35,,,,
10/03/2017,02:00,4.3,1.9,46.4,11.35,,,,
10/03/2017,03:00,4,1.9,87.6,-235.79,,,,
10/03/2017,04:00,3.6,1.8,131.2,86.355,,,,
10/03/2017,05:00,3.2,1.7,142.7,21.315,,,,
10/03/2017,06:00,2.8,1.3,126.8,15.66,,,,
10/03/2017,07:00,3.9,1.8,126.5,-67.095,,,,
10/03/2017,08:00,6.1,2.6,139.8,449.7,,,,
10/03/2017,09:00,8.2,2.5,117.1,-40.735,,,,
10/03/2017,10:00,9.5,2.5,113.3,-21.93,,,,
10/03/2017,11:00,9.9,2,116.2,-17.63,,,,
10/03/2017,12:00,11.1,1.9,145.5,-17.825,,,,
10/03/2017,13:00,11.6,2.6,99.3,-6.075,,,,
10/03/2017,14:00,11.8,2.2,101.8,-24.24,,,,
10/03/2017,15:00,12,2.3,97.8,-13.97,,,,
10/03/2017,16:00,11.3,1.9,98.9,-65.945,,,,
10/03/2017,17:00,9.2,1.8,98.8,39.8,,,,
10/03/2017,18:00,7.4,1.9,95.6,2.83,,,,
10/03/2017,19:00,6.5,2.1,95.5,-76.02,,,,
10/03/2017,20:00,5.9,2.5,104.5,-9.585,,,,
10/03/2017,21:00,6.5,2.9,111.4,-10.795,,,,
10/03/2017,22:00,6.2,2.6,113.8,17.24,,,,
10/03/2017,23:00,5.9,2.6,125.7,8.84,,,,
11/03/2017,00:00,5.4,2.6,139,4.33,,,,
11/03/2017,01:00,4.3,2.3,149.5,5.975,,,,
11/03/2017,02:00,3.5,2.8,148.8,-7.8,,,,
11/03/2017,03:00,3.2,2.5,149.9,-48.76,,,,
11/03/2017,04:00,2.9,1.9,146.1,-4.53,,,,
11/03/2017,05:00,3.6,2.8,124.1,-4.53,,,,
11/03/2017,06:00,4.3,2.9,123.7,1.55,,,,
11/03/2017,07:00,6.1,2.6,138,3.28,,,,
11/03/2017,08:00,8.7,2.5,147.4,17.42,,,,
11/03/2017,09:00,10.4,2.1,168.7,-38.67,,,,
11/03/2017,10:00,12.2,1.7,163.8,-15.655,,,,
11/03/2017,11:00,13.4,1.5,164.3,-2.345,,,,
11/03/2017,12:00,13.7,1.5,91.4,-7.145,,,,
11/03/2017,13:00,13.7,1.7,82.2,-65.8,,,,
11/03/2017,14:00,13.8,2.3,87.1,-43.35,,,,
11/03/2017,15:00,13.4,2.6,95.7,-47.92,,,,
11/03/2017,16:00,12.4,2.7,95.1,136.57,,,,
11/03/2017,17:00,11.2,2.4,75.8,15.46,,,,
11/03/2017,18:00,10.1,2.9,78.7,13.755,,,,
11/03/2017,19:00,8.8,3.3,85.9,28.18,,,,
11/03/2017,20:00,8.3,3,91.7,8.16,,,,
11/03/2017,21:00,7.5,2.9,96.6,3.1,,,,
11/03/2017,22:00,6.6,2.5,107.8,24.92,,,,
11/03/2017,23:00,6.3,2.9,119.8,5.86,,,,
12/03/2017,00:00,6.1,2.9,126.2,4.34,,,,
12/03/2017,01:00,6.3,1.8,156.3,3.74,,,,
12/03/2017,02:00,7.3,2.1,149.2,-20.79,,,,
12/03/2017,03:00,5.2,1.8,111.2,2.015,,,,
12/03/2017,04:00,4.6,2.7,100.2,3.63,,,,
12/03/2017,05:00,4.2,2.9,109,14.75,,,,
12/03/2017,06:00,4.2,2.6,109.3,3.58,,,,
12/03/2017,07:00,5.4,2.8,104.5,9.02,,,,
12/03/2017,08:00,9.2,3.1,123.1,-2.39,,,,
12/03/2017,09:00,12.4,2.4,142.6,38.93,,,,
12/03/2017,10:00,14,1.6,145.9,-15.87,,,,
12/03/2017,11:00,15.8,1.8,153.9,-6.17,,,,
12/03/2017,12:00,16.7,2.2,193.1,-19.585,,,,
12/03/2017,13:00,17.3,1.5,242.9,-2.84,,,,
12/03/2017,14:00,17.7,1.3,16.1,-14.245,,,,
12/03/2017,15:00,17.3,2,312.5,-36.075,,,,
12/03/2017,16:00,16.1,2.1,30,56.07,,,,
12/03/2017,17:00,14.1,2.2,33.5,20.445,,,,
12/03/2017,18:00,11.3,2.1,24.9,41.735,,,,
12/03/2017,19:00,9.9,2.3,47.8,-2.62,,,,
12/03/2017,20:00,8.8,1.5,93,-10.56,,,,
12/03/2017,21:00,7.4,1.3,327.3,2.36,,,,
12/03/2017,22:00,6.5,1.3,292.1,3.84,,,,
12/03/2017,23:00,5.6,1.3,288.8,53.26,,,,
13/03/2017,00:00,4.8,1.8,266.4,10.355,,,,
13/03/2017,01:00,4.5,1.8,270.2,-9.565,,,,
13/03/2017,02:00,4.4,1.9,266.8,-39.08,,,,
13/03/2017,03:00,3.8,1.9,251.7,-8.03,,,,
13/03/2017,04:00,3.7,2.2,252,1.8,,,,
13/03/2017,05:00,3.4,2.3,239.1,4.19,,,,
13/03/2017,06:00,3.6,2.5,257.3,13.49,,,,
13/03/2017,07:00,4.4,2.3,274.8,6.165,,,,
13/03/2017,08:00,7.2,2.2,307.2,84.8,,,,
13/03/2017,09:00,9.8,2.8,329.5,-81.845,,,,
13/03/2017,10:00,11.4,3.2,320,-26.005,,,,
13/03/2017,11:00,12.8,3.3,329,-15.83,,,,
13/03/2017,12:00,13.8,4,321.7,-20.775,,,,
13/03/2017,13:00,13.6,4.4,321.2,-31.595,,,,
13/03/2017,14:00,12.8,4.3,320.2,-34.17,,,,
13/03/2017,15:00,12.3,3.8,326.7,-63.165,,,,
13/03/2017,16:00,11.9,3.5,334.6,-183.785,,,,
13/03/2017,17:00,10.6,3.3,325.9,473.04,,,,
13/03/2017,18:00,9.3,3.4,328.4,40.525,,,,
13/03/2017,19:00,8.1,2.7,321,34.015,,,,
13/03/2017,20:00,7.1,2.1,306.1,18.835,,,,
13/03/2017,21:00,5.7,1.2,273.6,4.115,,,,
13/03/2017,22:00,4.8,1.3,248.8,2.91,,,,
13/03/2017,23:00,4.8,1.9,224.6,-4.92,,,,
14/03/2017,00:00,4.1,1.8,211.8,4.27,,,,
14/03/2017,01:00,3.7,1.9,226.1,32.995,,,,
14/03/2017,02:00,3.7,2.2,206.7,-16.145,,,,
14/03/2017,03:00,4.4,2.1,186.2,0.88,,,,
14/03/2017,04:00,4.3,2,204.2,2.89,,,,
14/03/2017,05:00,4,2.3,221.3,5.705,,,,
14/03/2017,06:00,4.8,2.7,208.7,33.59,,,,
14/03/2017,07:00,6.1,2.3,217.9,22.36,,,,
14/03/2017,08:00,8.2,3,223.3,-58.03,,,,
14/03/2017,09:00,9.7,2.9,224.6,-34.295,,,,
14/03/2017,10:00,11.2,3.4,229.4,-16.205,,,,
14/03/2017,11:00,12.5,3.9,232.1,-37.885,,,,
14/03/2017,12:00,12.7,4.4,241.9,-22.28,,,,
14/03/2017,13:00,11,5.4,260.5,-26.65,,,,
14/03/2017,14:00,10.8,4.1,252.2,-51.705,,,,
14/03/2017,15:00,11.5,3.5,248.8,-78.86,,,,
14/03/2017,16:00,11.3,4.2,249.5,-96.51,,,,
14/03/2017,17:00,10.9,2.7,242.6,-579.305,,,,
14/03/2017,18:00,10.9,2.5,235.6,281.42,,,,
14/03/2017,19:00,10.3,3.9,265.8,121.205,,,,
14/03/2017,20:00,9.7,2.5,271.2,-380.75,,,,
14/03/2017,21:00,9.6,2.1,258.5,3501.17,,,,
14/03/2017,22:00,9.4,1.6,240.1,239.67,,,,
14/03/2017,23:00,9.3,1.9,218.6,86.24,,,,
15/03/2017,00:00,9.2,2.3,228.3,166.48,,,,
15/03/2017,01:00,9.1,2,229.7,217.26,,,,
15/03/2017,02:00,9,1.5,239.2,90.15,,,,
15/03/2017,03:00,8.9,1.5,233.3,82.115,,,,
15/03/2017,04:00,9,1.5,233.6,65.4,,,,
15/03/2017,05:00,9,1.6,252.7,172.905,,,,
15/03/2017,06:00,9.1,1.5,260.7,34.62,,,,
15/03/2017,07:00,9.4,1.1,268,-544.2,,,,
15/03/2017,08:00,10,1,243.9,-24.225,,,,
15/03/2017,09:00,11.5,1.1,196.7,-6.575,,,,
15/03/2017,10:00,13.7,1.4,167.6,-2.5,,,,
15/03/2017,11:00,15,2,248.4,-5.75,,,,
15/03/2017,12:00,15.3,2.4,275.9,-8.94,,,,
15/03/2017,13:00,15.8,2.3,270.4,-11.56,,,,
15/03/2017,14:00,16.1,2.1,293.4,-7.345,,,,
15/03/2017,15:00,15.5,2.6,325,-10.57,,,,
15/03/2017,16:00,15.2,2.3,310,-39.83,,,,
15/03/2017,17:00,14,2.5,346.4,35.61,,,,
15/03/2017,18:00,12.7,3.1,7.2,18.9,,,,
15/03/2017,19:00,11.6,2.5,22.7,33.045,,,,
15/03/2017,20:00,9.9,1.8,51.1,19.67,,,,
15/03/2017,21:00,8.8,1.8,57.8,-12.53,,,,
15/03/2017,22:00,8.1,1.7,83.3,-2.67,,,,
15/03/2017,23:00,7.4,1.8,110.9,11.68,,,,
16/03/2017,00:00,7.1,1.9,114.7,-6.205,,,,
16/03/2017,01:00,6.7,1.8,128.7,8.09,,,,
16/03/2017,02:00,5.8,2.2,147.3,-0.77,,,,
16/03/2017,03:00,5.6,1.4,174.9,-7.885,,,,
16/03/2017,04:00,5.5,1.4,166.9,-7.49,,,,
16/03/2017,05:00,5.4,1.4,168.9,1.95,,,,
16/03/2017,06:00,5.8,1.6,178.4,-28.09,,,,
16/03/2017,07:00,8.6,1.3,159.9,1.57,,,,
16/03/2017,08:00,12.1,1.3,196.7,2.77,,,,
16/03/2017,09:00,14.1,2.1,186.2,-9.91,,,,
16/03/2017,10:00,15.1,2.8,178,-3.855,,,,
16/03/2017,11:00,15.9,3,175.1,-14.69,,,,
16/03/2017,12:00,16.5,3.1,177.8,-14.4,,,,
16/03/2017,13:00,17.3,3.2,195.1,-10.925,,,,
16/03/2017,14:00,17.9,2.8,186.6,-16.625,,,,
16/03/2017,15:00,17.7,3.5,197.9,-12.62,,,,
16/03/2017,16:00,17,2.9,193.2,-65.615,,,,
16/03/2017,17:00,15.8,2.5,209.4,79.58,,,,
16/03/2017,18:00,13.8,2.5,222.9,12.85,,,,
16/03/2017,19:00,12.6,2.6,208,9.76,,,,
16/03/2017,20:00,11.7,2.7,209.4,3.49,,,,
16/03/2017,21:00,11.4,2.7,227.4,4.155,,,,
16/03/2017,22:00,10.9,2.4,267,22.485,,,,
16/03/2017,23:00,9.8,2,259.6,7.235,,,,
17/03/2017,00:00,9.1,2.4,248.2,2.85,,,,
17/03/2017,01:00,9.1,3.2,285.4,14.67,,,,
17/03/2017,02:00,8.7,2,278,68.915,,,,
17/03/2017,03:00,8.7,2,270.8,35.3,,,,
17/03/2017,04:00,8.5,2.5,266,72.21,,,,
17/03/2017,05:00,8.4,2.4,264.7,50.87,,,,
17/03/2017,06:00,8.3,2.9,267,128.63,,,,
17/03/2017,07:00,8.3,2.9,281.1,-884.88,,,,
17/03/2017,08:00,8.6,3.1,283.5,-27.26,,,,
17/03/2017,09:00,9.8,3.7,276.4,-19.25,,,,
17/03/2017,10:00,10,4.7,280.5,-16.56,,,,
17/03/2017,11:00,10.5,4.8,281.1,-40.5,,,,
17/03/2017,12:00,10.2,5.3,274.9,-37.065,,,,
17/03/2017,13:00,10.6,5.5,271.9,-57.905,,,,
17/03/2017,14:00,10.7,5.2,259.3,-66.48,,,,
17/03/2017,15:00,10.4,4.8,255,-148.935,,,,
17/03/2017,16:00,10.2,4.3,246.9,-193761,,,,
17/03/2017,17:00,9.7,4.8,245.9,216.9,,,,
17/03/2017,18:00,8.9,4.7,238.1,255.24,,,,
17/03/2017,19:00,7.9,4.3,238,284.03,,,,
17/03/2017,20:00,7.2,4.8,234.5,152.955,,,,
17/03/2017,21:00,7.1,5.2,234,280.705,,,,
17/03/2017,22:00,6.8,7,225.8,819.92,,,,
17/03/2017,23:00,6.4,8.4,221.6,541.84,,,,
18/03/2017,00:00,6.3,6.4,229.6,660.53,,,,
18/03/2017,01:00,6.6,6,232.8,779.22,,,,
18/03/2017,02:00,7.1,5.3,235.9,779.22,,,,
18/03/2017,03:00,7.5,4.6,238.7,779.22,,,,
18/03/2017,04:00,8.1,4.8,239.9,779.22,,,,
18/03/2017,05:00,8.7,5,242.2,779.22,,,,
18/03/2017,06:00,9.1,4.7,245.3,779.22,,,,
18/03/2017,07:00,9.4,4.2,246.6,779.22,,,,
18/03/2017,08:00,9.8,4.6,247.5,779.22,,,,
18/03/2017,09:00,10.2,4.5,252.5,779.22,,,,
18/03/2017,10:00,10.5,4.1,248.8,410.8,,,,
18/03/2017,11:00,11,4.8,251.5,42.38,,,,
18/03/2017,12:00,11.2,4.6,251.8,734.505,,,,
18/03/2017,13:00,11.4,4.6,250.5,493.23,,,,
18/03/2017,14:00,11.6,4.6,250.7,493.23,,,,
18/03/2017,15:00,11.6,3.8,242.7,493.23,,,,
18/03/2017,16:00,11.2,4.3,243,124.945,,,,
18/03/2017,17:00,11,3.6,238.8,128.05,,,,
18/03/2017,18:00,10.8,3.9,241.1,128.05,,,,
18/03/2017,19:00,10.6,4.4,244.1,128.05,,,,
18/03/2017,20:00,10.5,4.2,243.3,113.12,,,,
18/03/2017,21:00,10.6,4.4,242.9,66.95,,,,
18/03/2017,22:00,10.5,4.4,242.2,187.14,,,,
18/03/2017,23:00,10.4,3.9,241.9,187.14,,,,
19/03/2017,00:00,10.4,4.4,240.8,187.14,,,,
19/03/2017,01:00,10.3,4.3,244.2,403.81,,,,
19/03/2017,02:00,10.2,3.5,237.5,143.66,,,,
19/03/2017,03:00,10.2,4.2,245,27.005,,,,
19/03/2017,04:00,10.1,4.1,241.2,153.285,,,,
19/03/2017,05:00,9.9,4.1,240.4,13941.44,,,,
19/03/2017,06:00,9.8,4.9,230.2,257.985,,,,
19/03/2017,07:00,9.9,4.6,233.7,219.14,,,,
19/03/2017,08:00,10.2,5.1,231.9,179.155,,,,
19/03/2017,09:00,10.4,5.6,236.7,742.42,,,,
19/03/2017,10:00,10.4,5.8,235.9,-1812.495,,,,
19/03/2017,11:00,10.5,5.8,236.9,-735.195,,,,
19/03/2017,12:00,11.2,5.5,236.7,-13122.7,,,,
19/03/2017,13:00,11.9,6.4,239.1,-6753.175,,,,
19/03/2017,14:00,12.1,6.3,243.5,-711.27,,,,
19/03/2017,15:00,11.7,6.6,249.2,1647.45,,,,
19/03/2017,16:00,11.4,5.7,241.1,916.135,,,,
19/03/2017,17:00,11.3,5.5,239.1,618.03,,,,
19/03/2017,18:00,11.2,5.6,235,487.925,,,,
19/03/2017,19:00,10.9,4.8,236.9,454.72,,,,
19/03/2017,20:00,10.7,4.4,237.5,394.355,,,,
19/03/2017,21:00,10.5,4.6,233.7,174.795,,,,
19/03/2017,22:00,10.3,4.7,229.6,302.39,,,,
19/03/2017,23:00,10.2,5.3,228.8,173.46,,,,
20/03/2017,00:00,10.1,5.4,226.4,351.985,,,,
20/03/2017,01:00,10,6.4,222.8,379.935,,,,
20/03/2017,02:00,9.8,6.1,224.9,436.955,,,,
20/03/2017,03:00,9.6,6.3,223.8,443.345,,,,
20/03/2017,04:00,9.7,6.2,219.6,508.135,,,,
20/03/2017,05:00,9.7,6.5,221.3,535.365,,,,
20/03/2017,06:00,9.8,6.4,218.1,798.51,,,,
20/03/2017,07:00,9.8,6.4,212.9,656.195,,,,
20/03/2017,08:00,10.2,6.3,209.2,-4520.11,,,,
20/03/2017,09:00,11.1,7.4,217.6,-332.435,,,,
20/03/2017,10:00,10.6,7.6,212.2,-554.54,,,,
20/03/2017,11:00,10.4,6.3,205.7,-357.595,,,,
20/03/2017,12:00,10.3,6.4,201.6,-453.73,,,,
20/03/2017,13:00,10.5,7,208.2,-387.515,,,,
20/03/2017,14:00,10.4,6.5,207.8,-767.27,,,,
20/03/2017,15:00,10.5,5.9,208.2,-801.805,,,,
20/03/2017,16:00,11.1,8.1,220.2,777.935,,,,
20/03/2017,17:00,10.8,6.8,210.6,1483.59,,,,
20/03/2017,18:00,11,7.2,212.1,691.19,,,,
20/03/2017,19:00,11,7.1,211.4,275.71,,,,
20/03/2017,20:00,11.1,7.4,213,415.38,,,,
20/03/2017,21:00,10.7,7.6,216.1,548.21,,,,
20/03/2017,22:00,10.6,7.5,219.9,630.235,,,,
20/03/2017,23:00,10.3,6.1,227.9,400.47,,,,
21/03/2017,00:00,9.9,3.9,237.4,912.34,,,,
21/03/2017,01:00,9.6,3.4,240.6,308.295,,,,
21/03/2017,02:00,9.2,3.7,242.6,91.3,,,,
21/03/2017,03:00,8.9,3,239.5,101.345,,,,
21/03/2017,04:00,8.5,3.2,235.8,101.05,,,,
21/03/2017,05:00,7.9,3.9,227.5,333.03,,,,
21/03/2017,06:00,7.8,4.7,223.4,77.15,,,,
21/03/2017,07:00,8.2,4.1,240.1,504.26,,,,
21/03/2017,08:00,8.7,5,257.9,-2713.02,,,,
21/03/2017,09:00,9.1,5.7,269.4,-209.47,,,,
21/03/2017,10:00,10,5.4,267.7,-98.86,,,,
21/03/2017,11:00,9.9,5.3,265.3,-21.475,,,,
21/03/2017,12:00,9.6,5.1,272.9,-59.97,,,,
21/03/2017,13:00,9.3,5.2,268.7,-44.93,,,,
21/03/2017,14:00,9.3,4.2,264.1,-133.845,,,,
21/03/2017,15:00,9.4,3.9,256.3,-110.74,,,,
21/03/2017,16:00,9.3,3.7,240.8,-99.83,,,,
21/03/2017,17:00,8.4,2.8,242.6,122.03,,,,
21/03/2017,18:00,7.1,1.9,238.8,42.075,,,,
21/03/2017,19:00,6.5,1.6,235,8.62,,,,
21/03/2017,20:00,5.3,1.7,201.3,21.25,,,,
21/03/2017,21:00,4.8,2.1,202.1,4.13,,,,
21/03/2017,22:00,4.6,1.6,177.2,4.54,,,,
21/03/2017,23:00,3.4,1.8,151.5,5.635,,,,
22/03/2017,00:00,2.4,2.4,147.7,31.875,,,,
22/03/2017,01:00,2.9,2.9,156.3,5.435,,,,
22/03/2017,02:00,2.9,3.6,158.3,9.855,,,,
22/03/2017,03:00,3.1,4.4,145.7,13.075,,,,
22/03/2017,04:00,3,4.3,145,20.05,,,,
22/03/2017,05:00,2.8,4.7,147.7,24.265,,,,
22/03/2017,06:00,3.5,4.7,144,42.16,,,,
22/03/2017,07:00,5.2,5.3,154.9,56.495,,,,
22/03/2017,08:00,7.3,5.3,153.1,-242.57,,,,
22/03/2017,09:00,9.1,5.3,158,-90.38,,,,
22/03/2017,10:00,10.4,6.1,166.9,-53.41,,,,
22/03/2017,11:00,10.8,5.7,163.4,-36.29,,,,
22/03/2017,12:00,10.8,6.1,164.4,-35.415,,,,
22/03/2017,13:00,10.7,5.8,164.5,-39.9,,,,
22/03/2017,14:00,11,4.7,162.3,-49.835,,,,
22/03/2017,15:00,10.5,3.9,148.8,-40.92,,,,
22/03/2017,16:00,10.5,3.8,125.8,-147,,,,
22/03/2017,17:00,9.9,4.2,128.7,431.39,,,,
22/03/2017,18:00,9.2,3.6,120.1,192.605,,,,
22/03/2017,19:00,7.8,3.2,109.2,33.47,,,,
22/03/2017,20:00,6.8,3.1,108,10.06,,,,
22/03/2017,21:00,6,3,103.7,4.79,,,,
22/03/2017,22:00,6.2,3.8,109.4,3.04,,,,
22/03/2017,23:00,5.9,3.8,107.3,11.075,,,,
23/03/2017,00:00,5.5,3.2,108.8,13.385,,,,
23/03/2017,01:00,4.6,2.7,106.2,5.155,,,,
23/03/2017,02:00,3.9,2.4,98,12.895,,,,
23/03/2017,03:00,3.6,3,78.7,87.935,,,,
23/03/2017,04:00,3,2.7,91,4.165,,,,
23/03/2017,05:00,3,2.9,77.5,5.035,,,,
23/03/2017,06:00,3.3,2.8,77.3,11.905,,,,
23/03/2017,07:00,5.2,2.8,78.9,14.24,,,,
23/03/2017,08:00,7.8,3.4,78.2,-34.16,,,,
23/03/2017,09:00,10,3.6,74.8,-34.59,,,,
23/03/2017,10:00,11.6,4.3,70.4,-18.33,,,,
23/03/2017,11:00,13,4.4,78.8,-33.095,,,,
23/03/2017,12:00,13.6,4.4,71.3,-46.62,,,,
23/03/2017,13:00,14.1,4.5,65,-38.415,,,,
23/03/2017,14:00,15.1,4.2,72.8,-116.25,,,,
23/03/2017,15:00,15.3,4.3,64.9,-53.51,,,,
23/03/2017,16:00,14.4,3.9,61.5,-94.985,,,,
23/03/2017,17:00,13.4,3.7,57.7,240.625,,,,
23/03/2017,18:00,12.5,4.4,48.4,51.115,,,,
23/03/2017,19:00,11.6,5.1,52.2,87.915,,,,
23/03/2017,20:00,10.6,5,57.1,158.31,,,,
23/03/2017,21:00,9.8,4.8,62.3,138.175,,,,
23/03/2017,22:00,9.1,4.6,64.9,74.43,,,,
23/03/2017,23:00,8.6,4.5,71.8,76.28,,,,
24/03/2017,00:00,8.1,4.7,60.9,136.235,,,,
24/03/2017,01:00,7.5,5.5,54.1,47.37,,,,
24/03/2017,02:00,6.8,4.9,67.2,482.655,,,,
24/03/2017,03:00,6.2,4.7,74.3,124.645,,,,
24/03/2017,04:00,6,4.6,72.8,107.26,,,,
24/03/2017,05:00,5.8,4.3,70.8,75.73,,,,
24/03/2017,06:00,5.9,3.7,75.6,93.42,,,,
24/03/2017,07:00,6.3,4,62.3,142.945,,,,
24/03/2017,08:00,7.5,4.7,66.9,-348.71,,,,
24/03/2017,09:00,8.7,4.8,66.4,-253.825,,,,
24/03/2017,10:00,9.4,4.3,67.8,-180.85,,,,
24/03/2017,11:00,10.6,4.6,60.4,-76.225,,,,
24/03/2017,12:00,12.5,4.7,61.3,-68.215,,,,
24/03/2017,13:00,13.4,4.9,55.8,-54.84,,,,
24/03/2017,14:00,13.9,5,61.4,-93.715,,,,
24/03/2017,15:00,13.5,5.2,58,-70.565,,,,
24/03/2017,16:00,13.4,4.6,54.5,-387.7,,,,
24/03/2017,17:00,12.6,4.5,48.6,-6407.705,,,,
24/03/2017,18:00,11.6,4.4,50.6,159.08,,,,
24/03/2017,19:00,10.8,4.3,64.4,119.08,,,,
24/03/2017,20:00,10,4.1,54.2,72.815,,,,
24/03/2017,21:00,9.2,4.5,50.2,42.165,,,,
24/03/2017,22:00,8.5,4.6,55.9,62.44,,,,
24/03/2017,23:00,7.9,4.3,59.2,105.55,,,,
25/03/2017,00:00,7.4,4.7,57.8,73.36,,,,
25/03/2017,01:00,6.6,4.6,56,68.4,,,,
25/03/2017,02:00,6,4.4,58.7,76.395,,,,
25/03/2017,03:00,5.5,5,53.6,56.465,,,,
25/03/2017,04:00,4.9,5,54.7,98.505,,,,
25/03/2017,05:00,4.3,5,53.1,77.89,,,,
25/03/2017,06:00,4.5,4.2,58.7,83.715,,,,
25/03/2017,07:00,6.2,4.5,65,217.945,,,,
25/03/2017,08:00,8.2,5,58.8,-61.75,,,,
25/03/2017,09:00,10.3,5.3,52.3,-75.74,,,,
25/03/2017,10:00,12.3,6.2,52,-124.76,,,,
25/03/2017,11:00,13.6,7.4,59.4,-128,,,,
25/03/2017,12:00,14.6,6.5,61.5,-92.71,,,,
25/03/2017,13:00,15.3,6.8,62.7,-106.005,,,,
25/03/2017,14:00,15.5,6.3,58.6,-94.05,,,,
25/03/2017,15:00,15.3,6.1,57.8,-156.26,,,,
25/03/2017,16:00,14.8,6.4,50.4,-317.27,,,,
25/03/2017,17:00,13.6,6.3,52,1395.62,,,,
25/03/2017,18:00,12.5,6.1,53.2,233.48,,,,
25/03/2017,19:00,11.5,5.4,53,72.83,,,,
25/03/2017,20:00,10.7,4.9,61,80.31,,,,
25/03/2017,21:00,10,4.7,62.3,50.12,,,,
25/03/2017,22:00,9.4,5.6,59.4,67.95,,,,
25/03/2017,23:00,8.8,6.4,53.5,97.635,,,,
26/03/2017,00:00,8,6,58.5,175.32,,,,
26/03/2017,01:00,7.4,5.8,60.9,89.665,,,,
26/03/2017,02:00,6.8,5.3,68.5,85.45,,,,
26/03/2017,03:00,6.3,4.6,63.1,60.125,,,,
26/03/2017,04:00,5.7,4.8,60.6,47.935,,,,
26/03/2017,05:00,5.2,4.1,67.5,57.7,,,,
26/03/2017,06:00,5.6,3.2,76.5,53.53,,,,
26/03/2017,07:00,7.1,3.4,73.5,57.695,,,,
26/03/2017,08:00,9.2,3.5,60.3,-43.05,,,,
26/03/2017,09:00,10.7,4.1,57.1,-38.71,,,,
26/03/2017,10:00,12.4,3.8,65.2,-44.25,,,,
26/03/2017,11:00,13.6,3.4,53.1,-34.63,,,,
26/03/2017,12:00,14.7,3.6,57.9,-45.945,,,,
26/03/2017,13:00,15.5,3.3,54.8,-17.88,,,,
26/03/2017,14:00,16,3.8,47.1,-50.02,,,,
26/03/2017,15:00,16.1,4.2,52.2,-51.96,,,,
26/03/2017,16:00,15.4,4.1,61.1,-96.515,,,,
26/03/2017,17:00,13.7,4.1,57.3,157.04,,,,
26/03/2017,18:00,12.2,4.2,68.5,76.82,,,,
26/03/2017,19:00,11.1,4.3,68.8,27.28,,,,
26/03/2017,20:00,10.3,4.2,69.9,52.31,,,,
26/03/2017,21:00,9.3,3.9,77.3,11.505,,,,
26/03/2017,22:00,8.6,3.5,78.1,8.73,,,,
26/03/2017,23:00,7.5,2.8,85.5,1.96,,,,
27/03/2017,00:00,6.8,2.9,99.8,8.565,,,,
27/03/2017,01:00,6.1,3,104.5,-13.15,,,,
27/03/2017,02:00,5.7,2.3,94.3,3.255,,,,
27/03/2017,03:00,5.1,2.1,89.9,-10.125,,,,
27/03/2017,04:00,4.7,2.5,96.6,-112.17,,,,
27/03/2017,05:00,4.8,2.8,99.8,-13.145,,,,
27/03/2017,06:00,6.5,2.7,105.3,-24.88,,,,
27/03/2017,07:00,10.5,3.1,105,9.48,,,,
27/03/2017,08:00,12.2,4,122.4,-570.8,,,,
27/03/2017,09:00,14.1,4.2,129.4,-49.465,,,,
27/03/2017,10:00,15.5,3.4,115.7,-44.7,,,,
27/03/2017,11:00,16.3,3.4,95,-22.745,,,,
27/03/2017,12:00,16.9,3.6,109.5,-28.68,,,,
27/03/2017,13:00,17.4,4.1,100,-21.165,,,,
27/03/2017,14:00,17.8,3.2,114.2,-43.47,,,,
27/03/2017,15:00,18.1,3.4,130,-20.975,,,,
27/03/2017,16:00,17.8,2.5,124.3,-55.08,,,,
27/03/2017,17:00,15.9,1.8,115.4,22.97,,,,
27/03/2017,18:00,12.8,1.6,75.2,8.23,,,,
27/03/2017,19:00,11.4,2,76.7,-0.57,,,,
27/03/2017,20:00,10.3,2.1,132.8,4.38,,,,
27/03/2017,21:00,9.6,1.8,185.2,15.09,,,,
27/03/2017,22:00,8.7,1.6,188.2,-4.82,,,,
27/03/2017,23:00,7.7,1.4,190.8,-1.92,,,,
28/03/2017,00:00,7.6,1.5,168.2,20.855,,,,
28/03/2017,01:00,7.5,1.8,183.4,-1.25,,,,
28/03/2017,02:00,7.2,1.9,177,0.695,,,,
28/03/2017,03:00,7.6,2.6,156.6,-0.15,,,,
28/03/2017,04:00,7,2.3,159.9,8.81,,,,
28/03/2017,05:00,7.2,1.6,168.9,-11.44,,,,
28/03/2017,06:00,8.6,1.9,164.1,-2.75,,,,
28/03/2017,07:00,11.6,1.8,167.7,3.7,,,,
28/03/2017,08:00,14,1.9,193.2,-14.61,,,,
28/03/2017,09:00,16.1,1.8,231.9,-7.465,,,,
28/03/2017,10:00,17.6,2.6,241.4,-12.08,,,,
28/03/2017,11:00,18.4,3.6,235.5,-13.19,,,,
28/03/2017,12:00,18.7,4.5,237.2,-34.525,,,,
28/03/2017,13:00,19,5.3,238.2,-79.645,,,,
28/03/2017,14:00,19.4,4.7,227.8,-111.28,,,,
28/03/2017,15:00,19,6,225.5,-130.02,,,,
28/03/2017,16:00,18.2,5.4,228.4,7402.86,,,,
28/03/2017,17:00,16.7,4.4,227,88.4,,,,
28/03/2017,18:00,15,3.6,237,76.45,,,,
28/03/2017,19:00,13.6,2.4,246.5,74.55,,,,
28/03/2017,20:00,12.2,1.8,234.2,13.28,,,,
28/03/2017,21:00,11.2,2.1,224.3,24.825,,,,
28/03/2017,22:00,11.4,2.9,224.2,20.41,,,,
28/03/2017,23:00,11.4,3.3,220.9,17.855,,,,
29/03/2017,00:00,10.6,2.8,218.8,27.205,,,,
29/03/2017,01:00,9.9,2.7,208.9,19.58,,,,
29/03/2017,02:00,9.8,2.8,207.4,8.915,,,,
29/03/2017,03:00,10.1,3.6,211.6,15.875,,,,
29/03/2017,04:00,10.6,3.9,216.8,49.72,,,,
29/03/2017,05:00,10.4,4.5,222.1,63.365,,,,
29/03/2017,06:00,10.5,3.8,229.3,159.225,,,,
29/03/2017,07:00,11.1,4.4,228.5,141.735,,,,
29/03/2017,08:00,11.1,4.8,225.9,310.57,,,,
29/03/2017,09:00,12.1,3.9,230.2,-2974.28,,,,
29/03/2017,10:00,13.3,4,229.5,-94.98,,,,
29/03/2017,11:00,13.5,4.3,235.2,-88.585,,,,
29/03/2017,12:00,13.5,4.5,229.6,-263.685,,,,
29/03/2017,13:00,14.9,3.9,228.7,-90.99,,,,
29/03/2017,14:00,15.4,4,222.1,-92.74,,,,
29/03/2017,15:00,15.6,3.5,231.9,-88.35,,,,
29/03/2017,16:00,15.7,4.2,242.9,-2526.05,,,,
29/03/2017,17:00,15.5,2.4,236,290.31,,,,
29/03/2017,18:00,14.2,1.7,225.6,51.79,,,,
29/03/2017,19:00,12.9,2.1,208.8,10.67,,,,
29/03/2017,20:00,13,2.3,185.8,4.12,,,,
29/03/2017,21:00,12.7,2.9,166.1,6.165,,,,
29/03/2017,22:00,12.3,3.6,168.8,9.57,,,,
29/03/2017,23:00,11.9,4,166.7,8.755,,,,
30/03/2017,00:00,11.7,3.6,169.6,14.75,,,,
30/03/2017,01:00,11.4,3.2,174.7,20.26,,,,
30/03/2017,02:00,11.5,3.2,174.1,8.595,,,,
30/03/2017,03:00,10.8,2.9,171.6,8.245,,,,
30/03/2017,04:00,10.2,2.5,164.8,13.88,,,,
30/03/2017,05:00,11.2,3.3,171.8,5.76,,,,
30/03/2017,06:00,12.4,3.2,170.3,13.8,,,,
30/03/2017,07:00,13.8,3.1,174.6,17.33,,,,
30/03/2017,08:00,15.6,3.8,174.5,-375.565,,,,
30/03/2017,09:00,18.2,4.2,178.2,-67.715,,,,
30/03/2017,10:00,20,4.4,191.9,-38.98,,,,
30/03/2017,11:00,20.8,4.2,194.2,-23.945,,,,
30/03/2017,12:00,21.4,4.2,177.6,-22.95,,,,
30/03/2017,13:00,21.6,4.4,182.9,-24.32,,,,
30/03/2017,14:00,21.6,4.9,167.6,-30.65,,,,
30/03/2017,15:00,21.6,4,177.1,-52.44,,,,
30/03/2017,16:00,21.4,3.5,181.5,-631.655,,,,
30/03/2017,17:00,20.4,3,168.5,220.415,,,,
30/03/2017,18:00,17.4,2.4,135.6,17.47,,,,
30/03/2017,19:00,17.1,4.3,135,-1.19,,,,
30/03/2017,20:00,17.7,5.2,145.1,9.385,,,,
30/03/2017,21:00,17.3,5.3,141.7,21.54,,,,
30/03/2017,22:00,16.6,5.3,141.1,43.025,,,,
30/03/2017,23:00,16.2,5.5,143.8,44.525,,,,
31/03/2017,00:00,15.8,6,149.9,51.99,,,,
31/03/2017,01:00,15.1,6.2,149.6,60.865,,,,
31/03/2017,02:00,14.3,5.7,152.7,45.595,,,,
31/03/2017,03:00,13.5,5.2,154.3,44.63,,,,
31/03/2017,04:00,13.2,5.3,156.5,44.885,,,,
31/03/2017,05:00,13.1,5.5,156,36.295,,,,
31/03/2017,06:00,13.6,5.8,157.1,51.555,,,,
31/03/2017,07:00,14.9,5.4,166.9,98.855,,,,
31/03/2017,08:00,16.4,4.3,179.3,405.285,,,,
31/03/2017,09:00,18.3,4.9,184,-244.3,,,,
31/03/2017,10:00,19.7,4.9,191.7,-40.575,,,,
31/03/2017,11:00,19.8,6.2,208.8,-20.815,,,,
31/03/2017,12:00,18.4,5,216.2,-38.885,,,,
31/03/2017,13:00,18.5,4.9,231.9,-198.395,,,,
31/03/2017,14:00,17.5,4.1,235.2,-140.025,,,,
31/03/2017,15:00,17.4,4.1,222.7,-99.165,,,,
31/03/2017,16:00,17.1,4.4,207.3,-3274.865,,,,
31/03/2017,17:00,16.3,4.5,183.9,531.36,,,,
31/03/2017,18:00,15.2,4,172.5,75.675,,,,
31/03/2017,19:00,14.6,3.8,178.5,48.64,,,,
31/03/2017,20:00,13.6,2.3,240.4,33.535,,,,
31/03/2017,21:00,12,1.5,226.7,10.495,,,,
31/03/2017,22:00,10.8,1.5,149.8,-7.31,,,,
31/03/2017,23:00,10.8,1.9,126,-5.08,,,,
01/04/2017,00:00,10.6,2.5,148.2,7.72,,,,
01/04/2017,01:00,10.7,3.6,158.8,11.985,,,,
01/04/2017,02:00,10.5,2.9,172.6,11.1,,,,
01/04/2017,03:00,10.6,2.6,186.1,17.62,,,,
01/04/2017,04:00,10.6,3.6,173.5,11.46,,,,
01/04/2017,05:00,10.3,2.5,212.6,14.18,,,,
01/04/2017,06:00,10.4,2,201.5,14.18,,,,
01/04/2017,07:00,10.6,1.9,204.4,14.18,,,,
01/04/2017,08:00,11,1.9,199.2,14.18,,,,
01/04/2017,09:00,11.8,2.4,214.6,14.18,,,,
01/04/2017,10:00,12.5,2.4,209.1,-12.23,,,,
01/04/2017,11:00,13.6,3,212.6,-16.645,,,,
01/04/2017,12:00,13.5,2.9,213,-11.17,,,,
01/04/2017,13:00,11.7,3,176.1,-29.34,,,,
01/04/2017,14:00,12.3,2.5,183.3,-29.34,,,,
01/04/2017,15:00,12.7,2.4,186,-33.515,,,,
01/04/2017,16:00,12.9,1.8,188.8,-83.535,,,,
01/04/2017,17:00,12.7,1.6,169.2,-82.875,,,,
01/04/2017,18:00,12.1,1.7,182.6,14.06,,,,
01/04/2017,19:00,10.3,2.1,159.3,16,,,,
01/04/2017,20:00,10,2.7,161.9,13.495,,,,
01/04/2017,21:00,9.3,2.1,178.7,22.95,,,,
01/04/2017,22:00,8.9,2.4,193.2,7.745,,,,
01/04/2017,23:00,8.8,2.4,193.1,9.41,,,,
02/04/2017,00:00,7.7,1.5,234.2,10.92,,,,
02/04/2017,01:00,6.8,1.4,221.1,9.99,,,,
02/04/2017,02:00,6.9,1.4,241.2,-18.135,,,,
02/04/2017,03:00,6.5,1.6,243.4,4.29,,,,
02/04/2017,04:00,6,1.6,238.1,2.5,,,,
02/04/2017,05:00,5.7,1.5,234.6,14.62,,,,
02/04/2017,06:00,6.5,1.3,260.8,2.11,,,,
02/04/2017,07:00,9.4,1.3,240.8,-12.14,,,,
02/04/2017,08:00,11.2,1.5,271,-28.495,,,,
02/04/2017,09:00,12.7,2,255.9,-3.385,,,,
02/04/2017,10:00,13.9,2.4,268.6,-17.25,,,,
02/04/2017,11:00,15.3,2.4,277.7,-6.66,,,,
02/04/2017,12:00,15.9,2.8,278.3,-18.725,,,,
02/04/2017,13:00,15.7,2.8,290.6,-9.54,,,,
02/04/2017,14:00,15.9,2.8,320.2,-70.3,,,,
02/04/2017,15:00,16.3,4,326.7,-31.995,,,,
02/04/2017,16:00,15.4,4.2,346,-47.07,,,,
02/04/2017,17:00,14.2,3.9,342.2,-163.245,,,,
02/04/2017,18:00,12.9,3.6,356.8,71.195,,,,
02/04/2017,19:00,11.8,3.2,350.1,46.995,,,,
02/04/2017,20:00,10.6,1.8,349.6,35.23,,,,
02/04/2017,21:00,9.2,1.4,10.7,33.955,,,,
02/04/2017,22:00,8.2,1.4,19.3,-21.61,,,,
02/04/2017,23:00,7.3,1.4,24.6,8.995,,,,
03/04/2017,00:00,6.6,1.5,25.1,3.365,,,,
03/04/2017,01:00,6,1.4,9.9,-13.07,,,,
03/04/2017,02:00,5.5,0.6,329.4,-10.9,,,,
03/04/2017,03:00,5.1,1.2,38.9,-12.96,,,,
03/04/2017,04:00,4.8,1.3,10.7,-63.91,,,,
03/04/2017,05:00,5,0.5,348.2,28.83,,,,
03/04/2017,06:00,6,1.4,27.7,-4.1,,,,
03/04/2017,07:00,6.4,1.2,75.6,-6.91,,,,
03/04/2017,08:00,6.8,1.2,115.5,-8.82,,,,
03/04/2017,09:00,8.1,1.3,104.6,-3.095,,,,
03/04/2017,10:00,11.4,1.6,115,-3.645,,,,
03/04/2017,11:00,13.5,1.6,37.7,-5.035,,,,
03/04/2017,12:00,13.6,1.8,40.7,-11.365,,,,
03/04/2017,13:00,14.5,1.8,50.4,-9.78,,,,
03/04/2017,14:00,15,2,46.2,-12.725,,,,
03/04/2017,15:00,14.9,2.1,10,-22.495,,,,
03/04/2017,16:00,15.1,1.4,51,-21.91,,,,
03/04/2017,17:00,14.1,1.6,80.7,-17.43,,,,
03/04/2017,18:00,12,1.8,66.1,15.27,,,,
03/04/2017,19:00,10.4,1.8,84.2,-1.03,,,,
03/04/2017,20:00,9.2,1.6,99.8,-5.43,,,,
03/04/2017,21:00,8.7,1.8,110.1,0.19,,,,
03/04/2017,22:00,8.2,2.2,117.9,1.67,,,,
03/04/2017,23:00,7.9,3.1,132.8,-3.135,,,,
04/04/2017,00:00,8,2.9,138.5,-10.655,,,,
04/04/2017,01:00,8.3,1.9,165.2,4.59,,,,
04/04/2017,02:00,7.5,2,268,5.33,,,,
04/04/2017,03:00,6.1,1.3,208.6,9.455,,,,
04/04/2017,04:00,5.7,1.7,231,-42.23,,,,
04/04/2017,05:00,5.2,1.6,236.2,-32.535,,,,
04/04/2017,06:00,6.7,1.4,247.9,212.73,,,,
04/04/2017,07:00,9.9,1,269.4,-146.93,,,,
04/04/2017,08:00,12.5,1.4,295.9,-25.105,,,,
04/04/2017,09:00,13.8,2.2,328.5,-3.835,,,,
04/04/2017,10:00,14.4,2.2,320.7,-13.685,,,,
04/04/2017,11:00,15,2.5,300.7,-12.96,,,,
04/04/2017,12:00,15.6,2.9,281.4,-6.405,,,,
04/04/2017,13:00,16.4,2.8,271.1,-21.93,,,,
04/04/2017,14:00,15.9,3.1,306.6,-9.76,,,,
04/04/2017,15:00,15.3,4.1,310.4,-19.27,,,,
04/04/2017,16:00,14.4,4.5,320,-68.01,,,,
04/04/2017,17:00,12.9,4.1,328.5,-68.77,,,,
04/04/2017,18:00,11.5,3.7,330.5,98.19,,,,
04/04/2017,19:00,10.4,3.6,336.3,60.46,,,,
04/04/2017,20:00,9.5,2.8,337.7,63.405,,,,
04/04/2017,21:00,8.8,2,336.9,46.615,,,,
04/04/2017,22:00,8.2,2.4,323.9,8.735,,,,
04/04/2017,23:00,7.6,2.9,327.9,26.3,,,,
05/04/2017,00:00,7.5,2.2,347.8,42.38,,,,
05/04/2017,01:00,7.1,2,323.6,13.905,,,,
05/04/2017,02:00,6.8,2.6,322.9,4.73,,,,
05/04/2017,03:00,6.8,2.7,320.1,18.46,,,,
05/04/2017,04:00,7,2.7,328.2,-252.1,,,,
05/04/2017,05:00,7.6,2.9,333.8,-655.63,,,,
05/04/2017,06:00,8.4,2.7,331.7,4583.26,,,,
05/04/2017,07:00,8.9,2.8,338.9,-164.66,,,,
05/04/2017,08:00,9.4,3,328,-126.395,,,,
05/04/2017,09:00,10.3,3.9,330.3,-111.73,,,,
05/04/2017,10:00,10.9,3.9,320.6,-46.115,,,,
05/04/2017,11:00,11.9,3.5,327.5,-47.94,,,,
05/04/2017,12:00,12.5,4.4,324,-19.67,,,,
05/04/2017,13:00,12.6,4.5,315.4,-32.995,,,,
05/04/2017,14:00,12.2,5.5,319.2,-26.11,,,,
05/04/2017,15:00,11.2,6,331.5,-91.12,,,,
05/04/2017,16:00,10.3,5.1,328.2,-174.94,,,,
05/04/2017,17:00,9.5,5.4,336.3,-1183.995,,,,
05/04/2017,18:00,9,4.4,330.4,2140.565,,,,
05/04/2017,19:00,8.2,4.4,330.2,432.39,,,,
05/04/2017,20:00,7.5,3.5,329.6,88.51,,,,
05/04/2017,21:00,7,3.5,330.6,36.775,,,,
05/04/2017,22:00,6.6,3,336.9,38.125,,,,
05/04/2017,23:00,6.2,2.5,339.6,31.69,,,,
06/04/2017,00:00,5.9,2.3,326.2,16.235,,,,
06/04/2017,01:00,4.8,1.5,258,13.545,,,,
06/04/2017,02:00,4.8,1.8,286.7,147.53,,,,
06/04/2017,03:00,4.8,2.1,299.9,7.145,,,,
06/04/2017,04:00,4.5,1.5,279.6,11.81,,,,
06/04/2017,05:00,5.2,1.3,268.6,31.48,,,,
06/04/2017,06:00,5.9,1.5,254.9,32.04,,,,
06/04/2017,07:00,6.9,2.3,303,-17.16,,,,
06/04/2017,08:00,7.5,2.7,325.4,-385.83,,,,
06/04/2017,09:00,7.7,2.4,335.9,-380.38,,,,
06/04/2017,10:00,8.2,2.7,337.6,-115.67,,,,
06/04/2017,11:00,9.3,3.3,348.7,-30.305,,,,
06/04/2017,12:00,9.7,3.6,339.4,-35.915,,,,
06/04/2017,13:00,10.1,2.9,356.3,-42.87,,,,
06/04/2017,14:00,10.3,3.1,346.6,-29.97,,,,
06/04/2017,15:00,10.4,2.9,338.4,-42.765,,,,
06/04/2017,16:00,10.3,2.3,4.4,-72.4,,,,
06/04/2017,17:00,10,1.6,320.2,-69.71,,,,
06/04/2017,18:00,9,1.9,320.1,33.375,,,,
06/04/2017,19:00,8.3,2.8,333.5,2.515,,,,
06/04/2017,20:00,7.5,2,345.5,20.795,,,,
06/04/2017,21:00,6.1,1.5,358.8,6.38,,,,
06/04/2017,22:00,5,0.8,100.9,2.4,,,,
06/04/2017,23:00,4.4,1.6,147.7,-4.19,,,,
07/04/2017,00:00,3.8,1.5,179.6,-5.93,,,,
07/04/2017,01:00,3.2,1.4,239.5,-10.41,,,,
07/04/2017,02:00,3,1.6,242.3,-59.585,,,,
07/04/2017,03:00,3.7,1.6,238.4,3.67,,,,
07/04/2017,04:00,3.5,1.7,229.9,21.195,,,,
07/04/2017,05:00,3.7,2,235.3,3.85,,,,
07/04/2017,06:00,5.1,2.2,223.9,31.035,,,,
07/04/2017,07:00,7.2,1.8,233.8,26.82,,,,
07/04/2017,08:00,9.1,2.9,250.5,-30.79,,,,
07/04/2017,09:00,11.2,2.7,248.9,-32.085,,,,
07/04/2017,10:00,12.3,3.3,269.3,-29.15,,,,
07/04/2017,11:00,12.9,3.7,286.5,-53.915,,,,
07/04/2017,12:00,13.7,3.4,286,-34.785,,,,
07/04/2017,13:00,13.8,2.7,303.2,-13.9,,,,
07/04/2017,14:00,14.4,2.6,299,-12.595,,,,
07/04/2017,15:00,14.3,3.1,321.3,-25.11,,,,
07/04/2017,16:00,13.5,3.3,333.6,-55.22,,,,
07/04/2017,17:00,12.4,3.7,348.9,-439.615,,,,
07/04/2017,18:00,10.9,2.7,338,235.045,,,,
07/04/2017,19:00,10,2.7,340.3,22.38,,,,
07/04/2017,20:00,9.2,1.9,347,17.935,,,,
07/04/2017,21:00,8.4,1.8,339.6,6.54,,,,
07/04/2017,22:00,8.2,1.7,328.2,9.66,,,,
07/04/2017,23:00,7.4,1.7,322.6,3.835,,,,
08/04/2017,00:00,6.9,1.4,325.3,-2.69,,,,
08/04/2017,01:00,6.4,1,337.8,76.67,,,,
08/04/2017,02:00,6.4,0.8,270.4,6.91,,,,
08/04/2017,03:00,6.1,0.5,244.1,45.66,,,,
08/04/2017,04:00,5.8,0.7,290.9,-4.835,,,,
08/04/2017,05:00,6.1,0.9,278.4,43.075,,,,
08/04/2017,06:00,7,1.5,311.5,-23.32,,,,
08/04/2017,07:00,8.5,1.8,339.4,-21.825,,,,
08/04/2017,08:00,9.6,1.4,1.1,-14.705,,,,
08/04/2017,09:00,10.9,1.7,283.6,-9.23,,,,
08/04/2017,10:00,12.3,2,318.4,-10.995,,,,
08/04/2017,11:00,13.7,1.5,339.4,-4.955,,,,
08/04/2017,12:00,14.6,2,323.3,-14.99,,,,
08/04/2017,13:00,15.5,1.8,29.6,-5.525,,,,
08/04/2017,14:00,16,2,10.5,-5.51,,,,
08/04/2017,15:00,16.3,1.9,47.4,-9.055,,,,
08/04/2017,16:00,16,2.1,39.6,-18.595,,,,
08/04/2017,17:00,15.1,2.2,53,-66.62,,,,
08/04/2017,18:00,12.8,1.9,65.5,530.28,,,,
08/04/2017,19:00,10.5,1.7,80.6,0.61,,,,
08/04/2017,20:00,9.5,1.9,74.3,5.43,,,,
08/04/2017,21:00,8.6,2.1,75.1,7.245,,,,
08/04/2017,22:00,8,2.4,83.7,-4.81,,,,
08/04/2017,23:00,7.2,2.2,94.4,39.315,,,,
09/04/2017,00:00,6.7,2.2,99.9,8.36,,,,
09/04/2017,01:00,6.6,2.1,104.7,-4.43,,,,
09/04/2017,02:00,6.4,2,109.2,-60.57,,,,
09/04/2017,03:00,5.9,1.7,108.8,6.76,,,,
09/04/2017,04:00,5.9,2,109.3,-1.2,,,,
09/04/2017,05:00,5.9,2.5,128.7,-10.51,,,,
09/04/2017,06:00,8.4,2.1,135,14.71,,,,
09/04/2017,07:00,12.5,1.4,156.9,-14.27,,,,
09/04/2017,08:00,14.6,1.5,232.3,-1.55,,,,
09/04/2017,09:00,16.5,1.6,249.8,-6.3,,,,
09/04/2017,10:00,18.6,2,229.3,-4.125,,,,
09/04/2017,11:00,20.3,2.4,193.3,-6.515,,,,
09/04/2017,12:00,21.3,2.9,194.9,-14.22,,,,
09/04/2017,13:00,22.1,2.3,179.3,-7.6,,,,
09/04/2017,14:00,22.6,2.8,219.1,-6.21,,,,
09/04/2017,15:00,22.7,2.5,232.4,-16.36,,,,
09/04/2017,16:00,22.4,3,216.8,-96.395,,,,
09/04/2017,17:00,21.1,2.6,208.2,90.13,,,,
09/04/2017,18:00,18,2,216.7,13.01,,,,
09/04/2017,19:00,15.5,2.2,209.7,-3.78,,,,
09/04/2017,20:00,14.4,2.5,200.3,9.91,,,,
09/04/2017,21:00,13.6,2.4,201.7,1.385,,,,
09/04/2017,22:00,12.9,2.5,203.2,-9.97,,,,
09/04/2017,23:00,12.8,2.7,195.6,0.58,,,,
10/04/2017,00:00,13,3,222.2,2.88,,,,
10/04/2017,01:00,12.7,3.1,249.2,4.31,,,,
10/04/2017,02:00,11.8,3.4,268,10.495,,,,
10/04/2017,03:00,10.6,2.5,292.2,12.99,,,,
10/04/2017,04:00,10.1,2.6,309.5,7.88,,,,
10/04/2017,05:00,10.2,2.8,307.7,11.24,,,,
10/04/2017,06:00,10.4,3.4,312.3,75.055,,,,
10/04/2017,07:00,10.9,4.1,323.3,370.6,,,,
10/04/2017,08:00,11.1,3.5,320,-195.115,,,,
10/04/2017,09:00,11.6,3.7,320.8,-49.515,,,,
10/04/2017,10:00,11.6,4.3,330.6,-40.01,,,,
10/04/2017,11:00,11.5,3.8,333.8,-58.91,,,,
10/04/2017,12:00,12.4,3.9,320.7,-61.325,,,,
10/04/2017,13:00,12.8,4.7,310.4,-31.355,,,,
10/04/2017,14:00,12.9,5.2,321.2,-37.365,,,,
10/04/2017,15:00,12.1,4.7,320.8,-60.9,,,,
10/04/2017,16:00,11.1,5,323,-338.645,,,,
10/04/2017,17:00,10.2,4.7,330.3,-718.525,,,,
10/04/2017,18:00,9.2,4.6,343.9,379.82,,,,
10/04/2017,19:00,8.4,3.5,338.3,77.83,,,,
10/04/2017,20:00,7.6,3,330.5,53,,,,
10/04/2017,21:00,7,2.7,327.6,36.875,,,,
10/04/2017,22:00,6.6,2.5,325.5,33.99,,,,
10/04/2017,23:00,6,2,309.9,22.24,,,,
11/04/2017,00:00,5.3,1.5,251,4.305,,,,
11/04/2017,01:00,4.4,1.5,249.8,12.69,,,,
11/04/2017,02:00,4.7,1,273,4.445,,,,
11/04/2017,03:00,4.3,1.3,262.2,5.845,,,,
11/04/2017,04:00,3.4,1.3,242.5,3.94,,,,
11/04/2017,05:00,3.8,1.5,250.4,11.575,,,,
11/04/2017,06:00,4.8,1,216.9,6.62,,,,
11/04/2017,07:00,6.1,0.9,215.2,-25.92,,,,
11/04/2017,08:00,8.1,1.5,208.1,-5.92,,,,
11/04/2017,09:00,10.9,2.3,218.9,-8.33,,,,
11/04/2017,10:00,12.5,2.9,239.4,-8.77,,,,
11/04/2017,11:00,13.3,3.1,250.7,-9.57,,,,
11/04/2017,12:00,13.3,3.2,231.1,-32.16,,,,
11/04/2017,13:00,13.4,3.1,250.9,-30.755,,,,
11/04/2017,14:00,13.9,3.2,263.3,-46.27,,,,
11/04/2017,15:00,14.2,2.9,260,-125.985,,,,
11/04/2017,16:00,14,2.8,256.1,-83.385,,,,
11/04/2017,17:00,13.4,2.3,250,902.58,,,,
11/04/2017,18:00,12.4,2.5,275.9,18.78,,,,
11/04/2017,19:00,10.8,1.8,295.2,15.57,,,,
11/04/2017,20:00,9,1.5,252.5,15.095,,,,
11/04/2017,21:00,7.8,1.6,224.3,6.43,,,,
11/04/2017,22:00,7,2.2,216.3,-3.465,,,,
11/04/2017,23:00,7.2,2.1,227.7,2.95,,,,
12/04/2017,00:00,6.9,2.3,228.1,7.74,,,,
12/04/2017,01:00,6.6,2.9,229.6,16.93,,,,
12/04/2017,02:00,6.3,2.8,232.4,16.785,,,,
12/04/2017,03:00,6,2.7,230.5,26.58,,,,
12/04/2017,04:00,5.8,3.3,226.4,91.55,,,,
12/04/2017,05:00,5.9,3.2,225.7,40.635,,,,
12/04/2017,06:00,6.7,3.1,228.5,54.89,,,,
12/04/2017,07:00,8.7,3.7,231.3,-627.43,,,,
12/04/2017,08:00,10,4.7,247.5,-88.225,,,,
12/04/2017,09:00,10.7,4,239.5,-98.18,,,,
12/04/2017,10:00,12.4,4.9,230.3,-34.44,,,,
12/04/2017,11:00,14,5.1,242.8,-45.615,,,,
12/04/2017,12:00,14.6,5.6,255.8,-42.21,,,,
12/04/2017,13:00,14.7,5.9,256.1,-66.005,,,,
12/04/2017,14:00,14.5,6.5,266.5,-141.805,,,,
12/04/2017,15:00,12.1,6.6,275.3,-81.345,,,,
12/04/2017,16:00,10.8,5.5,267,133.24,,,,
12/04/2017,17:00,10.5,4.7,257.7,-1161.11,,,,
12/04/2017,18:00,10,4.1,249.7,12375.99,,,,
12/04/2017,19:00,9.7,3.1,242.7,525.495,,,,
12/04/2017,20:00,9.6,2.9,236.1,388.745,,,,
12/04/2017,21:00,9.5,2.4,235.3,272.92,,,,
12/04/2017,22:00,9.3,2.4,232.9,132.755,,,,
12/04/2017,23:00,9.1,2.8,233.7,154.195,,,,
13/04/2017,00:00,9,2.5,238.5,142.19,,,,
13/04/2017,01:00,8.8,2.7,249.9,131.79,,,,
13/04/2017,02:00,8.7,2.5,258.7,131.79,,,,
13/04/2017,03:00,8.4,2.8,276.2,39.285,,,,
13/04/2017,04:00,7.3,2.8,274.1,18.295,,,,
13/04/2017,05:00,6.8,2.7,276.2,15.225,,,,
13/04/2017,06:00,7.5,2.5,273.4,26.42,,,,
13/04/2017,07:00,8.4,3.3,282.6,-220.84,,,,
13/04/2017,08:00,9.4,3.5,286.6,-45.79,,,,
13/04/2017,09:00,10.1,3.4,281.5,-38.41,,,,
13/04/2017,10:00,11.1,3.7,266.8,-18.785,,,,
13/04/2017,11:00,12.1,3.8,265.8,-29.51,,,,
13/04/2017,12:00,12.4,4.5,255.6,-16.935,,,,
13/04/2017,13:00,12.6,4.1,278.4,-34.445,,,,
13/04/2017,14:00,13.1,4.3,290.2,-48.09,,,,
13/04/2017,15:00,13,4.3,285.3,-28.71,,,,
13/04/2017,16:00,12.4,4,296.2,-84.43,,,,
13/04/2017,17:00,11.4,4.1,317.5,-105.29,,,,
13/04/2017,18:00,9.6,3.7,324,473.27,,,,
13/04/2017,19:00,8.7,2.7,329.5,76.025,,,,
13/04/2017,20:00,7.4,1.7,326,23.215,,,,
13/04/2017,21:00,5.9,1,278.7,-5.61,,,,
13/04/2017,22:00,5.1,1,239,-1.44,,,,
13/04/2017,23:00,4.4,1.2,223.4,-3.92,,,,
14/04/2017,00:00,3.9,1.5,226,1.86,,,,
14/04/2017,01:00,3.4,1.6,222.2,-6.445,,,,
14/04/2017,02:00,3.4,1.8,199,7.27,,,,
14/04/2017,03:00,3.3,1.7,201.8,1.95,,,,
14/04/2017,04:00,3.5,2.1,196.8,-10.595,,,,
14/04/2017,05:00,3.7,1.6,199.5,3.1,,,,
14/04/2017,06:00,6.6,1.8,202.9,5.52,,,,
14/04/2017,07:00,8.6,2,217.7,13.52,,,,
14/04/2017,08:00,9.3,2.4,222.7,-34.38,,,,
14/04/2017,09:00,10.1,2.2,236.2,-51.625,,,,
14/04/2017,10:00,11,3.1,251.3,-45.035,,,,
14/04/2017,11:00,10.7,3.1,262.6,-24.285,,,,
14/04/2017,12:00,10.8,2.3,232.9,-184.38,,,,
14/04/2017,13:00,11.4,2.3,238.8,-109.485,,,,
14/04/2017,14:00,11.7,2.8,242.4,-63.855,,,,
14/04/2017,15:00,12.4,3.1,258.3,-78.51,,,,
14/04/2017,16:00,12.4,3.2,257.6,-62.62,,,,
14/04/2017,17:00,12.4,2.4,253.6,1079.32,,,,
14/04/2017,18:00,10.6,1.7,233.1,252.915,,,,
14/04/2017,19:00,9.1,1.5,256,6.745,,,,
14/04/2017,20:00,8.6,1.9,213.7,-4.82,,,,
14/04/2017,21:00,8.8,2.4,235.7,-26.27,,,,
14/04/2017,22:00,8.2,2.2,234.3,68.84,,,,
14/04/2017,23:00,8,2.5,229.8,39,,,,
15/04/2017,00:00,8,2.7,225.1,21.605,,,,
15/04/2017,01:00,7.8,3,226.9,31.53,,,,
15/04/2017,02:00,7.6,3.1,229.2,33.56,,,,
15/04/2017,03:00,7.7,3,228.2,22.785,,,,
15/04/2017,04:00,7.6,2.4,232.7,255.96,,,,
15/04/2017,05:00,7.6,2.3,236.2,372.4,,,,
15/04/2017,06:00,8.1,2.4,232.9,372.4,,,,
15/04/2017,07:00,8.6,3.1,239.9,1372.47,,,,
15/04/2017,08:00,9.1,3.8,267.1,2372.54,,,,
15/04/2017,09:00,9,2.5,278.9,2372.54,,,,
15/04/2017,10:00,9.5,3.1,265.3,2372.54,,,,
15/04/2017,11:00,10.2,3.4,265,2372.54,,,,
15/04/2017,12:00,10.8,4.3,287,-65.35,,,,
15/04/2017,13:00,10.7,4.3,299.6,-125.44,,,,
15/04/2017,14:00,11,4.8,282.9,-79.585,,,,
15/04/2017,15:00,11,4.9,304.1,-120.825,,,,
15/04/2017,16:00,10.9,5.3,296.7,-209.805,,,,
15/04/2017,17:00,10.5,4,290.1,-572.735,,,,
15/04/2017,18:00,9.7,2.9,306.4,122.66,,,,
15/04/2017,19:00,8.9,2.1,302,25.31,,,,
15/04/2017,20:00,6.8,1.4,254,7.175,,,,
15/04/2017,21:00,5.3,1.9,219.1,8.455,,,,
15/04/2017,22:00,4.6,2.1,219.5,-64.52,,,,
15/04/2017,23:00,4.1,1.9,230,3.04,,,,
16/04/2017,00:00,4.7,1.9,242.8,0.61,,,,
16/04/2017,01:00,4.8,2,246.5,11.405,,,,
16/04/2017,02:00,4.4,2.3,248.4,8.66,,,,
16/04/2017,03:00,4.3,2.5,252.8,8.21,,,,
16/04/2017,04:00,4.8,2.3,259.5,9.52,,,,
16/04/2017,05:00,4.9,2.2,255.4,8.56,,,,
16/04/2017,06:00,6.3,2.4,262.9,15.545,,,,
16/04/2017,07:00,7.8,3.1,268.8,-85.97,,,,
16/04/2017,08:00,8.8,4.5,288.5,-22.665,,,,
16/04/2017,09:00,9.6,4.1,283.5,-84.8,,,,
16/04/2017,10:00,10.1,5.3,276.8,-60.44,,,,
16/04/2017,11:00,10.7,5,285.2,-43.685,,,,
16/04/2017,12:00,10.8,5.3,294.9,-65.205,,,,
16/04/2017,13:00,10.8,5.1,304.7,-52.66,,,,
16/04/2017,14:00,10.6,5.6,307.2,-85.835,,,,
16/04/2017,15:00,10.4,4,307.6,-121.375,,,,
16/04/2017,16:00,10.3,3.3,295,-181.23,,,,
16/04/2017,17:00,10.2,3.1,296.3,-229.58,,,,
16/04/2017,18:00,9.8,2.3,303.8,99.16,,,,
16/04/2017,19:00,9.3,1.9,271.7,25.815,,,,
16/04/2017,20:00,8.2,1,71.7,25.83,,,,
16/04/2017,21:00,7.8,1.9,169.6,25.83,,,,
16/04/2017,22:00,7.5,2,190,38.71,,,,
16/04/2017,23:00,7.7,2.4,219.7,63.74,,,,
17/04/2017,00:00,8.1,2.7,230.3,63.74,,,,
17/04/2017,01:00,8.3,3,230.8,65.765,,,,
17/04/2017,02:00,8.5,3.2,237,125.965,,,,
17/04/2017,03:00,8.6,2.9,238.4,254.765,,,,
17/04/2017,04:00,8.7,3.6,252.2,111,,,,
17/04/2017,05:00,8.7,3.1,266.2,193.82,,,,
17/04/2017,06:00,7.7,4,320.6,193.82,,,,
17/04/2017,07:00,4.8,4.4,20.4,193.82,,,,
17/04/2017,08:00,5.2,4.8,15.8,193.82,,,,
17/04/2017,09:00,6.3,4.1,21.8,129.405,,,,
17/04/2017,10:00,6.9,3.3,21.8,-263.74,,,,
17/04/2017,11:00,8.2,3.6,2.6,-74.81,,,,
17/04/2017,12:00,10,4.6,346.4,-67.675,,,,
17/04/2017,13:00,10.5,5.4,342.8,-45.945,,,,
17/04/2017,14:00,10.8,5,330.4,-63.385,,,,
17/04/2017,15:00,10.5,6,332.1,-47.105,,,,
17/04/2017,16:00,9.6,6.1,343.4,-107.7,,,,
17/04/2017,17:00,8.5,5.3,336.2,-234.53,,,,
17/04/2017,18:00,7.4,4.9,337,641.46,,,,
17/04/2017,19:00,6.7,4.1,328.2,362.175,,,,
17/04/2017,20:00,6.1,3.8,328.5,52.75,,,,
17/04/2017,21:00,5.6,3.3,326.1,56.81,,,,
17/04/2017,22:00,5,2.8,333.1,32.365,,,,
17/04/2017,23:00,4.5,2.3,329.1,18.435,,,,
18/04/2017,00:00,3.1,2,287.5,79.675,,,,
18/04/2017,01:00,1.7,1.5,267.3,1.34,,,,
18/04/2017,02:00,1.1,1.6,248,13.3,,,,
18/04/2017,03:00,1,1.6,235.9,6.61,,,,
18/04/2017,04:00,1.6,1.2,268.9,0.74,,,,
18/04/2017,05:00,2.1,1.4,239.4,11.225,,,,
18/04/2017,06:00,2.6,0.8,270.6,19.45,,,,
18/04/2017,07:00,2.9,1.1,24.2,19.45,,,,
18/04/2017,08:00,4.3,1.7,315.1,19.45,,,,
18/04/2017,09:00,5.9,3.1,344.8,-11.24,,,,
18/04/2017,10:00,7.2,3,11.8,-23.545,,,,
18/04/2017,11:00,7.6,2.9,7.7,-19.795,,,,
18/04/2017,12:00,9,2.5,14.9,-33.53,,,,
18/04/2017,13:00,9.5,2.5,347,-5.4,,,,
18/04/2017,14:00,8.5,3.2,356.2,-13.63,,,,
18/04/2017,15:00,9,3.6,352.4,-41.7,,,,
18/04/2017,16:00,8.6,3.6,4.6,-51.97,,,,
18/04/2017,17:00,8.4,3.7,357.5,-119,,,,
18/04/2017,18:00,8,2.7,28.8,116.12,,,,
18/04/2017,19:00,5.8,1.9,58.6,-63.04,,,,
18/04/2017,20:00,6.3,3.2,32.3,-6.43,,,,
18/04/2017,21:00,5.8,3.1,25,26.63,,,,
18/04/2017,22:00,5.4,3.2,33.9,16.49,,,,
18/04/2017,23:00,4.7,3.7,41.9,38.655,,,,
19/04/2017,00:00,3.7,4,41.5,128.645,,,,
19/04/2017,01:00,3,3.9,40.2,104.895,,,,
19/04/2017,02:00,2.4,3.4,34.4,114.16,,,,
19/04/2017,03:00,1.7,3.3,27.8,30.3,,,,
19/04/2017,04:00,1.2,3.1,27.9,34.645,,,,
19/04/2017,05:00,1.2,3.5,36.5,73.105,,,,
19/04/2017,06:00,2.1,4,52.9,212.885,,,,
19/04/2017,07:00,3.9,4.1,48.9,-116.38,,,,
19/04/2017,08:00,5,5.1,36.5,-16.725,,,,
19/04/2017,09:00,6.1,4.6,41.8,-53.675,,,,
19/04/2017,10:00,6.3,5.3,29.5,-21.9,,,,
19/04/2017,11:00,7.3,5.3,47.6,-60.68,,,,
19/04/2017,12:00,8,5,29.5,-61.745,,,,
19/04/2017,13:00,8.5,4.7,30.5,-40.845,,,,
19/04/2017,14:00,8.5,4.1,34.6,-52.36,,,,
19/04/2017,15:00,8.3,4.2,33,-12.895,,,,
19/04/2017,16:00,8.3,4.1,30,-77.04,,,,
19/04/2017,17:00,7.7,3.5,36.2,-85.31,,,,
19/04/2017,18:00,6.8,3.2,20.1,-491.66,,,,
19/04/2017,19:00,5.9,2.9,35.4,31.34,,,,
19/04/2017,20:00,4.8,2.5,45.3,70.11,,,,
19/04/2017,21:00,3.2,2,68.5,11.86,,,,
19/04/2017,22:00,1.5,2,85.6,121.315,,,,
19/04/2017,23:00,0.9,1.7,97.7,4.065,,,,
20/04/2017,00:00,0.5,1.7,88.9,7.05,,,,
20/04/2017,01:00,0.2,1.9,75.3,6.625,,,,
20/04/2017,02:00,-0.4,1.2,60.6,0.39,,,,
20/04/2017,03:00,-0.8,1.8,81.4,-10.54,,,,
20/04/2017,04:00,-1.1,1.2,80.2,4.995,,,,
20/04/2017,05:00,-0.4,0.9,48.6,-6.19,,,,
20/04/2017,06:00,2.7,0.7,70.6,-16.31,,,,
20/04/2017,07:00,6,1.2,125.2,94.06,,,,
20/04/2017,08:00,7.2,1.6,156.3,-25.495,,,,
20/04/2017,09:00,8.1,1.9,38.7,-9.15,,,,
20/04/2017,10:00,8.8,2.1,231.7,-23.005,,,,
20/04/2017,11:00,9.6,2.3,280.8,-3.11,,,,
20/04/2017,12:00,10.4,2.6,219.9,-2.57,,,,
20/04/2017,13:00,11,2.4,261.8,-13.175,,,,
20/04/2017,14:00,11.2,2.3,297.2,-8.235,,,,
20/04/2017,15:00,11.6,2.5,275.3,-32.665,,,,
20/04/2017,16:00,11.5,2.2,293,-13.1,,,,
20/04/2017,17:00,10.9,2,284.2,-44.285,,,,
20/04/2017,18:00,9.3,1.5,252,34.86,,,,
20/04/2017,19:00,7.2,1.5,226.7,16.865,,,,
20/04/2017,20:00,6.1,1.3,208.6,0.75,,,,
20/04/2017,21:00,5.4,1.5,257.3,1.76,,,,
20/04/2017,22:00,4.6,1.5,242.5,8.13,,,,
20/04/2017,23:00,4.5,1.4,216.3,-3.64,,,,
21/04/2017,00:00,5.6,1.5,217.3,-429.22,,,,
21/04/2017,01:00,5.7,1.6,208.8,119.73,,,,
21/04/2017,02:00,6.5,1.6,224.2,-0.42,,,,
21/04/2017,03:00,6.8,1.6,229.6,8.42,,,,
21/04/2017,04:00,6.8,2.1,223.9,25.045,,,,
21/04/2017,05:00,7,2.1,215.6,35.74,,,,
21/04/2017,06:00,7.8,2.6,222.3,23.45,,,,
21/04/2017,07:00,8.7,2.9,229.9,91.47,,,,
21/04/2017,08:00,9.4,2.6,230.4,-107.825,,,,
21/04/2017,09:00,10.2,2.6,238.2,-28.735,,,,
21/04/2017,10:00,12,3.3,224.1,-48.14,,,,
21/04/2017,11:00,13.7,3.5,233.5,-15.93,,,,
21/04/2017,12:00,13.1,3.3,260.1,-27.115,,,,
21/04/2017,13:00,13.6,3.6,279.3,-8071.04,,,,
21/04/2017,14:00,13.7,3.9,277.2,-37.615,,,,
21/04/2017,15:00,13.2,3.9,279,233.67,,,,
21/04/2017,16:00,12.8,3.9,301.8,-133.565,,,,
21/04/2017,17:00,12.2,2.5,293,6275.94,,,,
21/04/2017,18:00,12,2.7,282.3,60.58,,,,
21/04/2017,19:00,11.7,2.3,290.8,39.7,,,,
21/04/2017,20:00,11.4,2.4,272.3,29.57,,,,
21/04/2017,21:00,11.1,1.9,270,31.89,,,,
21/04/2017,22:00,10.8,1.9,273.6,14.91,,,,
21/04/2017,23:00,10.5,1.9,252.8,13,,,,
22/04/2017,00:00,10.2,2.1,253.2,22.6,,,,
22/04/2017,01:00,10.1,2.1,264.2,73.715,,,,
22/04/2017,02:00,10,1.8,256.5,34.73,,,,
22/04/2017,03:00,9.7,1.8,244.6,14.56,,,,
22/04/2017,04:00,9.7,1.9,278.7,7.47,,,,
22/04/2017,05:00,8.9,4,344.9,61.44,,,,
22/04/2017,06:00,6.2,4.6,41.6,170.73,,,,
22/04/2017,07:00,5.8,2.5,63.2,170.73,,,,
22/04/2017,08:00,7.1,1.6,66,170.73,,,,
22/04/2017,09:00,8.7,2.1,23.2,-2.96,,,,
22/04/2017,10:00,9.4,2.5,2.4,-15.04,,,,
22/04/2017,11:00,9.7,2.3,345.9,-43.06,,,,
22/04/2017,12:00,10.8,2.5,313.1,-37.6,,,,
22/04/2017,13:00,11.1,4.2,338.4,-57.435,,,,
22/04/2017,14:00,11.2,4.8,339.8,-65.835,,,,
22/04/2017,15:00,10.6,5.2,340.5,-59.47,,,,
22/04/2017,16:00,10,4.8,339,-114.48,,,,
22/04/2017,17:00,9.4,4.9,341.8,-179.97,,,,
22/04/2017,18:00,8.6,4,345.4,-706.735,,,,
22/04/2017,19:00,7.7,3.3,331.3,172.925,,,,
22/04/2017,20:00,7.2,3.4,326.8,58.42,,,,
22/04/2017,21:00,6.5,3.1,316,60.005,,,,
22/04/2017,22:00,5.7,2.9,312.7,36.58,,,,
22/04/2017,23:00,4.3,2,297.5,8.575,,,,
23/04/2017,00:00,3.4,1.7,288.6,1.915,,,,
23/04/2017,01:00,3.3,1.4,271,8.28,,,,
23/04/2017,02:00,3,1.5,253,41.965,,,,
23/04/2017,03:00,2.9,1.6,247,6.63,,,,
23/04/2017,04:00,2,1.7,245,37.9,,,,
23/04/2017,05:00,2.3,1.5,244.4,19.165,,,,
23/04/2017,06:00,4.2,0.9,257.2,45.385,,,,
23/04/2017,07:00,6,1.4,315.3,-2.675,,,,
23/04/2017,08:00,7.6,2.6,341.5,-16.28,,,,
23/04/2017,09:00,9,2.1,21.4,-14.69,,,,
23/04/2017,10:00,9.4,2.8,16.3,-7.08,,,,
23/04/2017,11:00,10.4,2.8,3.5,-45.51,,,,
23/04/2017,12:00,11,2.7,2.1,-26.505,,,,
23/04/2017,13:00,10.9,2.8,345,-35.755,,,,
23/04/2017,14:00,11,3.2,11.2,-41.125,,,,
23/04/2017,15:00,11,2.7,13.2,-48.05,,,,
23/04/2017,16:00,10.8,2.5,15.6,-26.365,,,,
23/04/2017,17:00,10.7,2.3,36.7,25603.1,,,,
23/04/2017,18:00,9.1,2,69.4,-72.77,,,,
23/04/2017,19:00,7.2,2.1,70.5,12.97,,,,
23/04/2017,20:00,5.9,1.6,97.2,0.74,,,,
23/04/2017,21:00,4.8,1.7,109.2,-4.16,,,,
23/04/2017,22:00,4,2.5,123,-28.01,,,,
23/04/2017,23:00,3.6,2.7,132.3,0.56,,,,
24/04/2017,00:00,3.6,2.7,149.3,15.6,,,,
24/04/2017,01:00,4.2,3,161,7.67,,,,
24/04/2017,02:00,3.8,2.6,175.6,15.27,,,,
24/04/2017,03:00,3.5,2.9,188.2,10.095,,,,
24/04/2017,04:00,3.4,2.5,197.1,7.215,,,,
24/04/2017,05:00,4.5,2.1,200.5,28.115,,,,
24/04/2017,06:00,6.2,2,204.7,7.45,,,,
24/04/2017,07:00,8.5,3,211.4,27.105,,,,
24/04/2017,08:00,10.8,3.6,225.1,34.52,,,,
24/04/2017,09:00,12.1,3.5,230.4,-53.62,,,,
24/04/2017,10:00,13.2,3.8,238.4,-42.465,,,,
24/04/2017,11:00,13.8,3.9,238.2,-23.49,,,,
24/04/2017,12:00,14.3,3.9,236.8,-24.18,,,,
24/04/2017,13:00,14.5,3.9,256.7,-40.315,,,,
24/04/2017,14:00,14.3,4.2,255,-24.475,,,,
24/04/2017,15:00,13.7,3.4,272.6,-104.605,,,,
24/04/2017,16:00,13.3,3.2,248.4,210.98,,,,
24/04/2017,17:00,12.9,3.2,247.6,234.865,,,,
24/04/2017,18:00,12.3,2.5,252,160.2,,,,
24/04/2017,19:00,11.7,1.9,279.8,46.965,,,,
24/04/2017,20:00,11.1,1.4,249.3,34.775,,,,
24/04/2017,21:00,10.6,2.3,241.1,11.825,,,,
24/04/2017,22:00,9.9,4.1,281.1,47.275,,,,
24/04/2017,23:00,7.3,4,317.6,218.05,,,,
25/04/2017,00:00,6.6,1.9,269.9,218.05,,,,
25/04/2017,01:00,6.5,3,260.5,218.05,,,,
25/04/2017,02:00,6.3,3.7,290.1,218.05,,,,
25/04/2017,03:00,5.6,3.7,293.1,118.75,,,,
25/04/2017,04:00,4.9,4,279.7,42.78,,,,
25/04/2017,05:00,4.6,3.9,280.5,50.255,,,,
25/04/2017,06:00,4.6,3.9,273.6,127.38,,,,
25/04/2017,07:00,5.8,4.5,280.4,-84.01,,,,
25/04/2017,08:00,6.5,4.5,280.2,-22.89,,,,
25/04/2017,09:00,7.1,4.2,284.6,-56.9,,,,
25/04/2017,10:00,5.9,4.4,302,-21.78,,,,
25/04/2017,11:00,5.1,2.5,267.7,-39.02,,,,
25/04/2017,12:00,6.6,2.7,335.9,-39.02,,,,
25/04/2017,13:00,8.1,4.3,310.7,-39.02,,,,
25/04/2017,14:00,8.5,4.8,324.8,-39.02,,,,
25/04/2017,15:00,8.5,5.4,318.6,-46.1,,,,
25/04/2017,16:00,8.5,4.6,313.9,-44.84,,,,
25/04/2017,17:00,7.7,4.3,331.2,-204.935,,,,
25/04/2017,18:00,6.8,3.6,317.9,-496.88,,,,
25/04/2017,19:00,5.7,2.5,325.2,54.88,,,,
25/04/2017,20:00,4.9,2.4,315.2,15.77,,,,
25/04/2017,21:00,3.2,1.3,279.5,3.655,,,,
25/04/2017,22:00,2.2,1.6,235.6,-3.54,,,,
25/04/2017,23:00,1.6,2,244.7,8.13,,,,
26/04/2017,00:00,1.1,2.1,247.2,-29.48,,,,
26/04/2017,01:00,0.6,1.6,236,6.55,,,,
26/04/2017,02:00,0.8,1.6,237.9,47.5,,,,
26/04/2017,03:00,1.4,1.8,266.1,20.24,,,,
26/04/2017,04:00,1.5,1.2,230.3,20.24,,,,
26/04/2017,05:00,1.8,1.6,242.9,33.685,,,,
26/04/2017,06:00,3.1,1.8,254.3,13.48,,,,
26/04/2017,07:00,5.2,2.1,265.8,-22.31,,,,
26/04/2017,08:00,7,2.2,305.3,-11.2,,,,
26/04/2017,09:00,8.2,2.4,310.1,-8.48,,,,
26/04/2017,10:00,8.1,3.3,310.2,-2.815,,,,
26/04/2017,11:00,9.2,3.3,308.9,-25.965,,,,
26/04/2017,12:00,7.4,3.2,354.3,-13.925,,,,
26/04/2017,13:00,9.3,3.4,339,-25.29,,,,
26/04/2017,14:00,8.1,3,47,75.58,,,,
26/04/2017,15:00,8.1,2.5,11.4,-43.21,,,,
26/04/2017,16:00,6.6,1.7,165.9,-21.29,,,,
26/04/2017,17:00,6.8,2.9,53.2,-21.29,,,,
26/04/2017,18:00,6.5,2,35.7,-23.9,,,,
26/04/2017,19:00,5.1,1.6,24.5,42.62,,,,
26/04/2017,20:00,6.1,3.3,335.8,17.77,,,,
26/04/2017,21:00,5.6,3,338.3,50.165,,,,
26/04/2017,22:00,4.6,2.1,320.5,24.745,,,,
26/04/2017,23:00,3.7,1.9,314.5,5.865,,,,
27/04/2017,00:00,3.1,1.8,304.6,1.76,,,,
27/04/2017,01:00,2.4,1.7,294.3,-1.32,,,,
27/04/2017,02:00,2,1.5,265.8,-13.25,,,,
27/04/2017,03:00,0.9,1.4,256.7,-9.21,,,,
27/04/2017,04:00,0.4,1.4,256.2,-11.99,,,,
27/04/2017,05:00,1.3,0.9,235.6,-9.12,,,,
27/04/2017,06:00,3.3,1.3,263.6,-37.73,,,,
27/04/2017,07:00,5.4,2,276.6,-9.135,,,,
27/04/2017,08:00,7.1,2.5,287.2,-15.46,,,,
27/04/2017,09:00,8.1,2.2,290.4,-8.525,,,,
27/04/2017,10:00,9.3,3.4,288.3,-4.79,,,,
27/04/2017,11:00,8.3,3.6,312.8,-23.235,,,,
27/04/2017,12:00,8.7,2.9,298.5,-23.27,,,,
27/04/2017,13:00,8.8,4.3,307.8,-18.575,,,,
27/04/2017,14:00,9.5,3.9,314.6,-51.51,,,,
27/04/2017,15:00,9.5,4.3,297.7,-18.96,,,,
27/04/2017,16:00,9,3.4,299.3,-38.29,,,,
27/04/2017,17:00,8.5,2.7,305.7,-22.44,,,,
27/04/2017,18:00,7.9,2.6,304.6,220.85,,,,
27/04/2017,19:00,6.5,2.1,304.8,25.945,,,,
27/04/2017,20:00,4.8,1.6,286.9,58.605,,,,
27/04/2017,21:00,4,1.4,250.9,4.49,,,,
27/04/2017,22:00,4.9,1.5,198.5,-3.425,,,,
27/04/2017,23:00,5.1,1.6,204.9,8.26,,,,
28/04/2017,00:00,5.5,2,207.7,10.75,,,,
28/04/2017,01:00,5.4,2.2,196.9,31.17,,,,
28/04/2017,02:00,5.6,2.5,208.4,33.035,,,,
28/04/2017,03:00,5.5,2.8,215,65.895,,,,
28/04/2017,04:00,5.4,2.2,230.6,77.79,,,,
28/04/2017,05:00,5.4,1.9,233.3,123.86,,,,
28/04/2017,06:00,5.9,1.9,236.2,123.86,,,,
28/04/2017,07:00,6.7,2,248.8,-51.66,,,,
28/04/2017,08:00,8.2,2.8,266,-9.73,,,,
28/04/2017,09:00,9.1,3.5,299.8,-15.5,,,,
28/04/2017,10:00,9.4,4.3,286.2,-17.025,,,,
28/04/2017,11:00,9.6,3.7,280.2,-10.065,,,,
28/04/2017,12:00,10.4,3.8,302,-28.52,,,,
28/04/2017,13:00,10.6,4.2,307,-27.27,,,,
28/04/2017,14:00,11.1,4.8,306.6,-38.855,,,,
28/04/2017,15:00,11,4.5,311.7,-32.775,,,,
28/04/2017,16:00,10.5,3.8,323.3,-46.845,,,,
28/04/2017,17:00,10,3.7,322.8,-103.345,,,,
28/04/2017,18:00,8.9,3,333.5,473.22,,,,
28/04/2017,19:00,7.7,2.5,321.8,111.425,,,,
28/04/2017,20:00,6.1,1.6,308,25.78,,,,
28/04/2017,21:00,5.1,1.2,271.6,-13.415,,,,
28/04/2017,22:00,5.2,1.3,217.7,-22.4,,,,
28/04/2017,23:00,5.6,1.2,237.2,7.24,,,,
29/04/2017,00:00,5.6,1.2,229.2,40.69,,,,
29/04/2017,01:00,4.8,1.1,243.1,47.965,,,,
29/04/2017,02:00,3.8,1.4,171.6,-2.29,,,,
29/04/2017,03:00,3.8,1.7,156.8,14.765,,,,
29/04/2017,04:00,3.2,1.9,141.3,15.52,,,,
29/04/2017,05:00,3.9,1.6,164.7,-9.58,,,,
29/04/2017,06:00,7.2,1.4,203.3,-0.87,,,,
29/04/2017,07:00,9.5,1.6,216.1,-20.7,,,,
29/04/2017,08:00,10.9,1.9,250.2,-9.02,,,,
29/04/2017,09:00,11.7,1.6,305.6,-3.875,,,,
29/04/2017,10:00,12.4,1.4,283.4,-3.32,,,,
29/04/2017,11:00,12.6,1.7,60.8,-6.22,,,,
29/04/2017,12:00,12.8,2.3,142.6,-23.535,,,,
29/04/2017,13:00,13.3,2.6,58.4,-11.47,,,,
29/04/2017,14:00,13.4,2.7,79.9,-26.955,,,,
29/04/2017,15:00,13.4,2.8,84.8,-38.805,,,,
29/04/2017,16:00,13.2,2.8,95.2,-36.31,,,,
29/04/2017,17:00,12.5,3.7,73.9,-177.735,,,,
29/04/2017,18:00,11.2,3.2,77.3,676.14,,,,
29/04/2017,19:00,10,3.4,76.5,70.975,,,,
29/04/2017,20:00,9.1,3.9,81.1,21.33,,,,
29/04/2017,21:00,8.6,3.9,88,46.37,,,,
29/04/2017,22:00,8.4,3.9,94.3,11.76,,,,
29/04/2017,23:00,7.6,3.7,96.4,48.16,,,,
30/04/2017,00:00,6.5,3.5,98.5,17.85,,,,
30/04/2017,01:00,5.9,3.6,102.6,4.46,,,,
30/04/2017,02:00,5.4,3.6,102.2,7.945,,,,
30/04/2017,03:00,5,3.5,103.9,13.885,,,,
30/04/2017,04:00,5,4,105.9,7.545,,,,
30/04/2017,05:00,5.9,4.4,110.6,13.3,,,,
30/04/2017,06:00,8.4,5.3,118.7,62.065,,,,
30/04/2017,07:00,11.7,5,116.7,-244.81,,,,
30/04/2017,08:00,14.6,6,122.1,-89.17,,,,
30/04/2017,09:00,16.6,6.6,122.9,-73.105,,,,
30/04/2017,10:00,18.3,6.7,129.7,-50.35,,,,
30/04/2017,11:00,19.1,7.5,136.6,-38.4,,,,
30/04/2017,12:00,19.8,8.9,139.7,-34.61,,,,
30/04/2017,13:00,20.3,8.3,134.3,-34.61,,,,
30/04/2017,14:00,20.1,7.6,145,-90.19,,,,
30/04/2017,15:00,19.4,6.4,130.3,-181.415,,,,
30/04/2017,16:00,19.2,5,123.4,803.2,,,,
30/04/2017,17:00,18.6,4.6,118,249.88,,,,
30/04/2017,18:00,17.6,3.3,108.9,62.81,,,,
30/04/2017,19:00,17.1,4.3,113,28.265,,,,
30/04/2017,20:00,16.4,3.7,105,44.65,,,,
30/04/2017,21:00,15.5,3.6,103.6,33.435,,,,
30/04/2017,22:00,15.1,4.1,112.2,11.53,,,,
30/04/2017,23:00,13.9,4.6,206.2,33.985,,,,
01/05/2017,00:00,11.5,5.3,200.9,385.13,,,,
01/05/2017,01:00,10.2,4.7,187.5,132.865,,,,
01/05/2017,02:00,10,4.8,186,166.3,,,,
01/05/2017,03:00,9.6,4.3,179.1,183.76,,,,
01/05/2017,04:00,9.4,4,170.1,273.655,,,,
01/05/2017,05:00,9.5,4.3,168.4,160.975,,,,
01/05/2017,06:00,9.8,5.8,166.1,-530.85,,,,
01/05/2017,07:00,10.1,6.4,168.3,-387.135,,,,
01/05/2017,08:00,10.6,6.5,174.3,-161.915,,,,
01/05/2017,09:00,10,5.1,184,-141.26,,,,
01/05/2017,10:00,10.4,5.3,183.7,-56.13,,,,
01/05/2017,11:00,10.6,4.2,193.4,-113.885,,,,
01/05/2017,12:00,11.1,3.5,178,-54.29,,,,
01/05/2017,13:00,12,3.6,178.7,-43.84,,,,
01/05/2017,14:00,12.1,3.3,213.3,-64.92,,,,
01/05/2017,15:00,13.2,3.1,210.4,-56.165,,,,
01/05/2017,16:00,13.4,2.9,241.1,-25.42,,,,
01/05/2017,17:00,13.3,1.8,252.1,-80.62,,,,
01/05/2017,18:00,12.5,1.6,216.8,-81.75,,,,
01/05/2017,19:00,10.4,0.9,186,24.685,,,,
01/05/2017,20:00,9.3,1.1,89.5,-6.47,,,,
01/05/2017,21:00,8.6,1.8,65,0.98,,,,
01/05/2017,22:00,7.9,2.1,84.3,-5.84,,,,
01/05/2017,23:00,7,1.9,100.9,29.57,,,,
02/05/2017,00:00,6.6,1.5,107.6,3.615,,,,
02/05/2017,01:00,6.3,1.5,110.9,-4.41,,,,
02/05/2017,02:00,6.5,1.2,127.9,2.625,,,,
02/05/2017,03:00,5.6,0.8,48.7,-9.03,,,,
02/05/2017,04:00,5.2,1.2,355.5,1.94,,,,
02/05/2017,05:00,6.1,1.5,22.5,6.305,,,,
02/05/2017,06:00,9.6,1.3,9.9,-1.72,,,,
02/05/2017,07:00,12.2,3.1,7,-8.05,,,,
02/05/2017,08:00,12.8,3.3,350.1,-37.665,,,,
02/05/2017,09:00,13.2,3.5,358.2,-40.845,,,,
02/05/2017,10:00,12.3,4,352.5,-25.295,,,,
02/05/2017,11:00,10.8,2.7,8,-215.405,,,,
02/05/2017,12:00,10.7,2.7,340.8,-379.34,,,,
02/05/2017,13:00,10.5,2.8,324.6,-379.34,,,,
02/05/2017,14:00,10.5,2.6,317.4,-379.34,,,,
02/05/2017,15:00,11,2.5,309.3,-379.34,,,,
02/05/2017,16:00,11,2.1,308.1,-379.34,,,,
02/05/2017,17:00,10.6,2.3,316.4,-202.835,,,,
02/05/2017,18:00,10.5,3,326.9,-446.165,,,,
02/05/2017,19:00,10.2,2.9,334.7,1542.56,,,,
02/05/2017,20:00,10.2,2.5,341.4,102.05,,,,
02/05/2017,21:00,10,2.7,13.7,239.57,,,,
02/05/2017,22:00,9.3,2,60.3,78.22,,,,
02/05/2017,23:00,9.1,2.2,40.4,31.025,,,,
03/05/2017,00:00,8.8,2.2,45.8,66.28,,,,
03/05/2017,01:00,8.3,1.8,48.2,86.035,,,,
03/05/2017,02:00,7.9,1.1,49.1,97.98,,,,
03/05/2017,03:00,7.8,1.2,7.7,97.98,,,,
03/05/2017,04:00,7.6,1.9,347.3,97.98,,,,
03/05/2017,05:00,7.7,1.4,3.2,97.98,,,,
03/05/2017,06:00,7.4,1.9,33.2,97.98,,,,
03/05/2017,07:00,7.7,1.7,72.2,97.98,,,,
03/05/2017,08:00,8.5,2,62.1,97.98,,,,
03/05/2017,09:00,9.5,1.9,63.5,97.98,,,,
03/05/2017,10:00,9.9,1.8,85.6,313.155,,,,
03/05/2017,11:00,10.4,2.8,65.6,-4.375,,,,
03/05/2017,12:00,11.2,3.2,69.2,-49.475,,,,
03/05/2017,13:00,12,2.5,63.3,-20.09,,,,
03/05/2017,14:00,12.6,2.2,53.1,-38.925,,,,
03/05/2017,15:00,13.1,2.5,55.9,-41.715,,,,
03/05/2017,16:00,13.6,3.2,51.5,-41.88,,,,
03/05/2017,17:00,11.4,2.7,66.8,-34.19,,,,
03/05/2017,18:00,10.3,2.5,49.1,-34.19,,,,
03/05/2017,19:00,10,2.8,66.7,41.12,,,,
03/05/2017,20:00,9.6,2.4,43.6,41.12,,,,
03/05/2017,21:00,9.4,3,44.1,76.53,,,,
03/05/2017,22:00,9.5,3.2,57.7,31.88,,,,
03/05/2017,23:00,9.5,2.9,48.8,36.66,,,,
04/05/2017,00:00,9.5,3.3,43.1,36.66,,,,
04/05/2017,01:00,9.6,3.5,44,501.28,,,,
04/05/2017,02:00,9.5,3,52,1869.33,,,,
04/05/2017,03:00,9.5,2.7,41.2,285.29,,,,
04/05/2017,04:00,9.5,2.6,25.1,285.29,,,,
04/05/2017,05:00,9.5,3.3,28,285.29,,,,
04/05/2017,06:00,9.6,2.9,39.1,285.29,,,,
04/05/2017,07:00,9.8,3.6,42,285.29,,,,
04/05/2017,08:00,9.8,3.3,44.5,-20.53,,,,
04/05/2017,09:00,10,3.3,45.3,-74.035,,,,
04/05/2017,10:00,10.2,3,40.7,-34.265,,,,
04/05/2017,11:00,10.8,2.8,36,-73.535,,,,
04/05/2017,12:00,12.2,2.9,25,-27.84,,,,
04/05/2017,13:00,12.9,3.3,30.3,-25.385,,,,
04/05/2017,14:00,14.3,3.3,22.2,-39.335,,,,
04/05/2017,15:00,14.9,3.8,41.4,-86.58,,,,
04/05/2017,16:00,14.1,4.5,39.5,-88.93,,,,
04/05/2017,17:00,13.6,3.6,50.3,-507.31,,,,
04/05/2017,18:00,12.7,3.5,58.1,-2838.29,,,,
04/05/2017,19:00,11.7,4.5,43.9,102.025,,,,
04/05/2017,20:00,11.1,3.2,45.5,314.39,,,,
04/05/2017,21:00,10.5,4,47.5,91.58,,,,
04/05/2017,22:00,9.9,3.3,37.8,1089.19,,,,
04/05/2017,23:00,9.8,3.2,38.3,226.78,,,,
05/05/2017,00:00,9.8,2.7,42,273.645,,,,
05/05/2017,01:00,9.6,3.1,25.1,444.845,,,,
05/05/2017,02:00,9.3,3.3,28.6,164.33,,,,
05/05/2017,03:00,8.9,2.7,32.4,59.815,,,,
05/05/2017,04:00,8.5,3.3,35.1,222.595,,,,
05/05/2017,05:00,7.9,3.6,41.9,-172.55,,,,
05/05/2017,06:00,7.8,3,37.6,-95.27,,,,
05/05/2017,07:00,7.9,2.6,43.5,-166.245,,,,
05/05/2017,08:00,8.3,2.3,52.4,-63.05,,,,
05/05/2017,09:00,8.9,2.7,54.2,-63.23,,,,
05/05/2017,10:00,9.7,2.6,51.4,-30.575,,,,
05/05/2017,11:00,10.9,2.5,55.7,-25.665,,,,
05/05/2017,12:00,11.6,2.8,56.2,-43.72,,,,
05/05/2017,13:00,11.6,2.5,65.9,-33.325,,,,
05/05/2017,14:00,11.9,3,49.8,-49.615,,,,
05/05/2017,15:00,11.8,3.7,55.8,-77.275,,,,
05/05/2017,16:00,11.8,3.8,55.6,-131.34,,,,
05/05/2017,17:00,11.8,3.4,52.8,-149.665,,,,
05/05/2017,18:00,11.1,3.5,53.4,-361.495,,,,
05/05/2017,19:00,10.2,3.8,55.4,58.3,,,,
05/05/2017,20:00,9.3,3.9,60.6,72.25,,,,
05/05/2017,21:00,8.8,4.4,61.8,69.61,,,,
05/05/2017,22:00,8.3,3.4,71.1,137.74,,,,
05/05/2017,23:00,7.8,3.5,66.5,83.27,,,,
06/05/2017,00:00,7.3,3.5,64.3,62.095,,,,
06/05/2017,01:00,7,3.8,73,66.24,,,,
06/05/2017,02:00,6.7,3.3,77.7,68.3,,,,
06/05/2017,03:00,6.5,3.5,78.2,37.505,,,,
06/05/2017,04:00,6.5,3.6,67.8,110.925,,,,
06/05/2017,05:00,6.7,3.7,59,-806.78,,,,
06/05/2017,06:00,7.6,3.8,58.5,-201.585,,,,
06/05/2017,07:00,10.3,3.4,55.7,-68.835,,,,
06/05/2017,08:00,13.1,4,54.6,-58.29,,,,
06/05/2017,09:00,15.1,4.3,49.5,-39.535,,,,
06/05/2017,10:00,16.7,4,45.3,-59.14,,,,
06/05/2017,11:00,18.4,3.7,59.6,-33.995,,,,
06/05/2017,12:00,19.5,3.6,53.8,-42.81,,,,
06/05/2017,13:00,20.4,3.5,54.2,-19.35,,,,
06/05/2017,14:00,20.2,3,64.2,-23.99,,,,
06/05/2017,15:00,20,2.4,78.1,-128.875,,,,
06/05/2017,16:00,18.8,2.6,116,27.07,,,,
06/05/2017,17:00,16,3.3,204.7,-251.14,,,,
06/05/2017,18:00,14.8,2.3,225.7,130.365,,,,
06/05/2017,19:00,14,2.1,235.8,62.555,,,,
06/05/2017,20:00,13.2,1.8,220.1,61.315,,,,
06/05/2017,21:00,12.7,1.7,213.2,82.03,,,,
06/05/2017,22:00,12.5,1.3,229,34.275,,,,
06/05/2017,23:00,12.3,1.5,253,20.3,,,,
07/05/2017,00:00,12.1,1.5,278.9,28.84,,,,
07/05/2017,01:00,12,1.6,297.7,16.805,,,,
07/05/2017,02:00,12,2.2,0.1,11.075,,,,
07/05/2017,03:00,11.6,2.2,27.2,31.335,,,,
07/05/2017,04:00,11.3,2,351.3,17.985,,,,
07/05/2017,05:00,11.4,2.3,319.5,15.805,,,,
07/05/2017,06:00,11.3,2.6,326.7,78.62,,,,
07/05/2017,07:00,11.5,3.4,330.1,-329.765,,,,
07/05/2017,08:00,12,3.3,333.9,-84.62,,,,
07/05/2017,09:00,11.9,3.6,324.7,-85.635,,,,
07/05/2017,10:00,12.3,3.6,312.6,-51.86,,,,
07/05/2017,11:00,12.7,3.8,314.7,-39.24,,,,
07/05/2017,12:00,13.2,4.3,314.3,-39.34,,,,
07/05/2017,13:00,13.1,4.4,316.9,-68.145,,,,
07/05/2017,14:00,12.4,4.4,310,-46.68,,,,
07/05/2017,15:00,11.6,4.8,298.4,-92.51,,,,
07/05/2017,16:00,11,4.3,306.3,-63.605,,,,
07/05/2017,17:00,10.3,4.1,305.3,-104.44,,,,
07/05/2017,18:00,9.9,4.8,309.3,-336.58,,,,
07/05/2017,19:00,9.4,4.3,314.6,-375.135,,,,
07/05/2017,20:00,8.7,5.1,311.8,-384.22,,,,
07/05/2017,21:00,8.5,4,315.8,1263.99,,,,
07/05/2017,22:00,8.6,3.3,312.8,-15365.1,,,,
07/05/2017,23:00,8.6,3.2,304.1,750.315,,,,
08/05/2017,00:00,8.7,3.7,310.5,223.7,,,,
08/05/2017,01:00,8.5,3.3,308.5,306.015,,,,
08/05/2017,02:00,7.7,3.8,313.7,-240.42,,,,
08/05/2017,03:00,7.2,3.5,312,-132.55,,,,
08/05/2017,04:00,7.1,2.9,306.8,-132.55,,,,
08/05/2017,05:00,7.3,2.8,305.9,13.17,,,,
08/05/2017,06:00,7.7,2.4,288.5,147.685,,,,
08/05/2017,07:00,8,2.5,277.2,-520.11,,,,
08/05/2017,08:00,8.3,2.6,282.9,-17.475,,,,
08/05/2017,09:00,8.8,2.4,269.8,-21.08,,,,
08/05/2017,10:00,9.3,2.4,264.5,-14.86,,,,
08/05/2017,11:00,10,2.1,281.8,-19.505,,,,
08/05/2017,12:00,10.2,2.3,308.3,-16.415,,,,
08/05/2017,13:00,10.1,3.7,354.9,-29.39,,,,
08/05/2017,14:00,10.9,3.8,3.9,-84.475,,,,
08/05/2017,15:00,12.4,4,14,-109.365,,,,
08/05/2017,16:00,13.2,3.1,17.4,-120.05,,,,
08/05/2017,17:00,12.8,2.9,347.5,188.01,,,,
08/05/2017,18:00,12.4,5,350.6,61.965,,,,
08/05/2017,19:00,10.8,4.9,5.2,99.54,,,,
08/05/2017,20:00,9.4,4.5,2.7,31.19,,,,
08/05/2017,21:00,8.4,4.7,9.1,71.965,,,,
08/05/2017,22:00,7.6,4,9.5,59.295,,,,
08/05/2017,23:00,6.9,3.5,24.1,35.08,,,,
09/05/2017,00:00,6.1,3.2,23.6,22.89,,,,
09/05/2017,01:00,5.6,3.1,13.1,23.98,,,,
09/05/2017,02:00,5.1,3.3,15.8,8.44,,,,
09/05/2017,03:00,4.6,2.9,25.7,21.145,,,,
09/05/2017,04:00,4.4,3.1,31,15.775,,,,
09/05/2017,05:00,5.1,3.1,28.4,22.48,,,,
09/05/2017,06:00,6.4,2.6,22.1,108.935,,,,
09/05/2017,07:00,8.2,2.3,42.7,-35.435,,,,
09/05/2017,08:00,9.7,2.4,40.2,-15.02,,,,
09/05/2017,09:00,10.8,3,25.8,-11.225,,,,
09/05/2017,10:00,11.9,3.2,22.3,-2.675,,,,
09/05/2017,11:00,12.8,3,36.2,-64.695,,,,
09/05/2017,12:00,13.2,3,15.7,-35.765,,,,
09/05/2017,13:00,13.8,2.6,28.2,-15.745,,,,
09/05/2017,14:00,14.2,2.9,2.9,-17.575,,,,
09/05/2017,15:00,14.3,2.8,9.6,-15.4,,,,
09/05/2017,16:00,14,3.4,11,-45.04,,,,
09/05/2017,17:00,13.3,3.6,1.5,1343.77,,,,
09/05/2017,18:00,12.1,4.1,354.1,-1119.54,,,,
09/05/2017,19:00,10.5,3.9,356.8,50.12,,,,
09/05/2017,20:00,9.5,3.4,2.6,40.09,,,,
09/05/2017,21:00,8.8,3.7,14.5,36.665,,,,
09/05/2017,22:00,8,3.2,30.2,24.835,,,,
09/05/2017,23:00,7.2,3.2,36.3,17.135,,,,
10/05/2017,00:00,6.3,2.6,38.7,30.79,,,,
10/05/2017,01:00,5.5,2.4,44.8,21.915,,,,
10/05/2017,02:00,4.8,1.9,42.8,3.95,,,,
10/05/2017,03:00,4.4,2.1,55.2,5.76,,,,
10/05/2017,04:00,4.1,2.2,60.3,168.84,,,,
10/05/2017,05:00,5,2.4,77.5,11.055,,,,
10/05/2017,06:00,7.1,1.7,91.8,76.665,,,,
10/05/2017,07:00,9.8,1.4,55.7,-19.515,,,,
10/05/2017,08:00,12,1.3,98.3,-4.88,,,,
10/05/2017,09:00,13.6,1.8,50.4,-7.41,,,,
10/05/2017,10:00,14.6,2,44.1,-11.38,,,,
10/05/2017,11:00,16,2.1,69.2,-107.91,,,,
10/05/2017,12:00,17,2,99.3,-7.01,,,,
10/05/2017,13:00,17.7,2.2,129.4,-48.54,,,,
10/05/2017,14:00,18.1,2.1,81.6,-42.56,,,,
10/05/2017,15:00,18.5,2.1,99.9,-157.18,,,,
10/05/2017,16:00,18.6,2.1,54.9,-30.025,,,,
10/05/2017,17:00,18.2,2.5,74.6,-95.69,,,,
10/05/2017,18:00,16.4,2.5,76,24.84,,,,
10/05/2017,19:00,13.9,2.1,75.9,26.365,,,,
10/05/2017,20:00,13,2.9,77.7,2.19,,,,
10/05/2017,21:00,12.6,3,92.7,23.595,,,,
10/05/2017,22:00,12.2,3.3,88.3,1.79,,,,
10/05/2017,23:00,11.7,3.5,78.4,16.68,,,,
11/05/2017,00:00,10.6,3.3,85.3,24.735,,,,
11/05/2017,01:00,9.7,3.1,84.8,16.325,,,,
11/05/2017,02:00,8.8,2.7,86.6,10.64,,,,
11/05/2017,03:00,8.3,2.3,93.1,3.325,,,,
11/05/2017,04:00,8.5,2.5,92.9,24.565,,,,
11/05/2017,05:00,9.5,2.2,102.3,12.79,,,,
11/05/2017,06:00,12.6,2.1,129.3,68.365,,,,
11/05/2017,07:00,13.6,2.4,143.1,-15.495,,,,
11/05/2017,08:00,15.9,2.9,154.9,-38.2,,,,
11/05/2017,09:00,18.9,1.9,168.9,-13.04,,,,
11/05/2017,10:00,20.8,2.5,126.4,-13.26,,,,
11/05/2017,11:00,21.9,3.1,150.8,-12.66,,,,
11/05/2017,12:00,22.1,2.4,161.5,-7.535,,,,
11/05/2017,13:00,22.8,3.3,190.9,-31.1,,,,
11/05/2017,14:00,22.7,3.2,185.5,-18.87,,,,
11/05/2017,15:00,20.2,1.6,106.6,-6.27,,,,
11/05/2017,16:00,16.6,2.7,79.6,-6.27,,,,
11/05/2017,17:00,16,2.7,88.3,-6.27,,,,
11/05/2017,18:00,15.5,2.3,91.4,104.08,,,,
11/05/2017,19:00,14.7,2.1,88.3,-37.39,,,,
11/05/2017,20:00,14.5,3.1,166.9,-137.615,,,,
11/05/2017,21:00,14.3,3,174.9,15.265,,,,
11/05/2017,22:00,13.1,2.7,151.8,-1.05,,,,
11/05/2017,23:00,13.8,3.9,151.6,23.58,,,,
12/05/2017,00:00,13.8,3.7,165,46.25,,,,
12/05/2017,01:00,13.6,3.3,194.2,31.61,,,,
12/05/2017,02:00,13.2,3.4,188.2,54.7,,,,
12/05/2017,03:00,13,3.4,181.2,54.7,,,,
12/05/2017,04:00,13.1,3.9,185.5,54.7,,,,
12/05/2017,05:00,13.4,4.1,187,54.7,,,,
12/05/2017,06:00,14.1,3.8,187.1,54.7,,,,
12/05/2017,07:00,14.8,3.5,191.6,-119.635,,,,
12/05/2017,08:00,16.1,4.1,203.1,-33.5,,,,
12/05/2017,09:00,17.9,4.9,207.7,-41.18,,,,
12/05/2017,10:00,19.1,4.3,205.2,-42.81,,,,
12/05/2017,11:00,19.7,4.5,202.8,-39.315,,,,
12/05/2017,12:00,20.1,4,199.1,-38.705,,,,
12/05/2017,13:00,19,2.6,258.8,-67.735,,,,
12/05/2017,14:00,16.9,1.8,234.3,-118.77,,,,
12/05/2017,15:00,17.6,1.1,223,-118.77,,,,
12/05/2017,16:00,16.4,4.8,169.8,-63.855,,,,
12/05/2017,17:00,17.5,4.2,184.5,42.44,,,,
12/05/2017,18:00,17.2,2.5,194.2,48.75,,,,
12/05/2017,19:00,16,2.9,173.6,15.985,,,,
12/05/2017,20:00,15.9,3.3,190.5,9.32,,,,
12/05/2017,21:00,14.8,2.4,187.3,31.9,,,,
12/05/2017,22:00,13.8,3.5,159.8,30.885,,,,
12/05/2017,23:00,13.2,4.1,159.9,31.085,,,,
13/05/2017,00:00,12.7,3.4,171.1,23.05,,,,
13/05/2017,01:00,12.4,3.5,175.4,22.79,,,,
13/05/2017,02:00,12.8,3.9,183.1,45.415,,,,
13/05/2017,03:00,13,4,189.4,53.36,,,,
13/05/2017,04:00,12.6,3.6,194.4,64.535,,,,
13/05/2017,05:00,13.2,3.1,196.4,73.575,,,,
13/05/2017,06:00,13.9,3.1,193.6,-850.42,,,,
13/05/2017,07:00,14.3,3.1,187,-160.845,,,,
13/05/2017,08:00,15.3,3.1,197.8,-108.735,,,,
13/05/2017,09:00,16.8,4.2,192.6,-40.08,,,,
13/05/2017,10:00,17.5,4.6,207.4,-60.845,,,,
13/05/2017,11:00,18.2,4.6,203.3,-81.095,,,,
13/05/2017,12:00,17.6,4.2,209.5,-66.805,,,,
13/05/2017,13:00,17.2,3.5,194,335.3,,,,
13/05/2017,14:00,18.1,3.4,206.7,335.3,,,,
13/05/2017,15:00,16.5,4.7,262.7,80.93,,,,
13/05/2017,16:00,16.9,3.7,254.7,-323.155,,,,
13/05/2017,17:00,16.2,2.1,244.9,-243.14,,,,
13/05/2017,18:00,15.3,0.9,244.8,93.665,,,,
13/05/2017,19:00,14,0.9,174.4,-13.69,,,,
13/05/2017,20:00,13,1.7,134,6.65,,,,
13/05/2017,21:00,11.7,2,132.9,2.35,,,,
13/05/2017,22:00,10.7,2.5,145.8,3.51,,,,
13/05/2017,23:00,10.2,2.8,146,1.625,,,,
14/05/2017,00:00,11,2.5,136.7,1.13,,,,
14/05/2017,01:00,12,3.2,150,3.22,,,,
14/05/2017,02:00,11.5,2.6,134.8,0.9,,,,
14/05/2017,03:00,10.5,2.9,144,0.9,,,,
14/05/2017,04:00,11,3.4,163.9,16.695,,,,
14/05/2017,05:00,11.8,3,169.9,16.64,,,,
14/05/2017,06:00,13.9,3.8,196.6,55.61,,,,
14/05/2017,07:00,15.8,4.2,209.3,-80.65,,,,
14/05/2017,08:00,17,5.2,209.6,-38.695,,,,
14/05/2017,09:00,17.8,5.9,212,-110.275,,,,
14/05/2017,10:00,17.1,5.9,212,-186.96,,,,
14/05/2017,11:00,17.3,6.4,211.5,-114.605,,,,
14/05/2017,12:00,18.3,4.9,221.4,-80.245,,,,
14/05/2017,13:00,17,4.6,257.7,-48.2,,,,
14/05/2017,14:00,17.9,4.1,251.9,-97.66,,,,
14/05/2017,15:00,16.7,3.7,254.8,-15.42,,,,
14/05/2017,16:00,16.6,2.6,234,-257.97,,,,
14/05/2017,17:00,17.1,2.9,248.6,-38.97,,,,
14/05/2017,18:00,16.9,3.1,264.1,220.9,,,,
14/05/2017,19:00,15.8,2.8,267,145.175,,,,
14/05/2017,20:00,14.7,1.9,259.5,30.15,,,,
14/05/2017,21:00,13.1,2.2,261.4,15.6,,,,
14/05/2017,22:00,11.3,1.8,254.8,23.295,,,,
14/05/2017,23:00,9.5,1.8,221.6,19.93,,,,
15/05/2017,00:00,8.4,2.1,215.8,4.82,,,,
15/05/2017,01:00,8.2,2.1,202.4,1.07,,,,
15/05/2017,02:00,7.8,1.9,178.9,-13.04,,,,
15/05/2017,03:00,7.1,1.8,159.8,-6.98,,,,
15/05/2017,04:00,7.1,1.6,162.7,-18.17,,,,
15/05/2017,05:00,10.1,2.3,179.5,11.025,,,,
15/05/2017,06:00,12.3,2.4,174.6,-66.41,,,,
15/05/2017,07:00,14.4,2.5,176.2,-19.455,,,,
15/05/2017,08:00,16.7,2.7,196.9,-15.585,,,,
15/05/2017,09:00,18.4,2.8,188.8,-5.215,,,,
15/05/2017,10:00,19.6,3.6,209.7,-39.19,,,,
15/05/2017,11:00,20.4,3.9,215.6,-8.99,,,,
15/05/2017,12:00,21,3.9,217.8,-17.17,,,,
15/05/2017,13:00,21.2,3.9,219.9,-10.325,,,,
15/05/2017,14:00,21.3,3.7,216.1,-38.28,,,,
15/05/2017,15:00,21,3.1,211.7,-64.36,,,,
15/05/2017,16:00,20.7,2.8,200.5,-334.7,,,,
15/05/2017,17:00,20.8,2.6,209.4,-67.68,,,,
15/05/2017,18:00,19.8,2.1,261.5,52.16,,,,
15/05/2017,19:00,18.6,0.9,200.6,23.515,,,,
15/05/2017,20:00,17.6,1.6,139.8,-14.81,,,,
15/05/2017,21:00,17.4,2.8,156.5,18.16,,,,
15/05/2017,22:00,17.7,3.5,161.8,48.18,,,,
15/05/2017,23:00,17.4,4.1,159.8,4.74,,,,
16/05/2017,00:00,17.1,4,162.2,13.11,,,,
16/05/2017,01:00,16.9,4,161,17.945,,,,
16/05/2017,02:00,16.4,3.1,160,28.4,,,,
16/05/2017,03:00,15.9,2.7,168.8,7.525,,,,
16/05/2017,04:00,16.1,2.8,167.9,7.615,,,,
16/05/2017,05:00,17.4,2.4,174.6,8.175,,,,
16/05/2017,06:00,18.3,2.1,169.7,18.085,,,,
16/05/2017,07:00,20.1,3.1,193.6,-47.94,,,,
16/05/2017,08:00,22.4,4.5,201.9,-67.37,,,,
16/05/2017,09:00,24,3.3,222.1,-37.98,,,,
16/05/2017,10:00,25,3.8,208.9,-30.81,,,,
16/05/2017,11:00,25.4,4.2,213.2,-4.925,,,,
16/05/2017,12:00,25.8,3.9,203.7,-11.835,,,,
16/05/2017,13:00,25.7,3.9,213.8,-33.07,,,,
16/05/2017,14:00,25.2,3.5,212.2,-41.28,,,,
16/05/2017,15:00,24.8,3.1,209.6,1461.6,,,,
16/05/2017,16:00,24.8,2.2,244,-177.565,,,,
16/05/2017,17:00,24.7,1.2,256.1,97.985,,,,
16/05/2017,18:00,24.4,1.4,211.7,139.345,,,,
16/05/2017,19:00,21.9,1.3,179.8,9.85,,,,
16/05/2017,20:00,19.9,1.5,143.6,0.995,,,,
16/05/2017,21:00,18.7,2.1,140.3,-1.48,,,,
16/05/2017,22:00,18.8,1.7,123.5,22.9,,,,
16/05/2017,23:00,18.9,0.8,55.4,2.63,,,,
17/05/2017,00:00,18,1.4,61.4,10.92,,,,
17/05/2017,01:00,17.6,1.6,66.8,20.995,,,,
17/05/2017,02:00,17.2,1.6,116.8,6.985,,,,
17/05/2017,03:00,16.8,2.1,130.8,1.17,,,,
17/05/2017,04:00,16.9,2.8,128.8,21.87,,,,
17/05/2017,05:00,18.2,3.2,134.6,8.57,,,,
17/05/2017,06:00,19.8,2,173.8,4.71,,,,
17/05/2017,07:00,21.8,2.6,157.4,-1.96,,,,
17/05/2017,08:00,24.6,3.6,156.1,-29.845,,,,
17/05/2017,09:00,26.2,4.1,155.2,-14.9,,,,
17/05/2017,10:00,26.9,4.5,165.7,-25.495,,,,
17/05/2017,11:00,27.5,4.8,151,-16.28,,,,
17/05/2017,12:00,28.2,4.7,163.7,-29.865,,,,
17/05/2017,13:00,28.9,5.3,164.5,-23.3,,,,
17/05/2017,14:00,29,5.9,170.6,-25.73,,,,
17/05/2017,15:00,28.7,5.4,176.9,-65.82,,,,
17/05/2017,16:00,27.7,4.6,184.3,-994.745,,,,
17/05/2017,17:00,26.6,3.9,178.8,97.335,,,,
17/05/2017,18:00,25.4,3.5,175.8,41.45,,,,
17/05/2017,19:00,24.6,4.1,186.2,11.44,,,,
17/05/2017,20:00,23.6,4.2,167.5,26.855,,,,
17/05/2017,21:00,22.9,4.8,219.6,8.63,,,,
17/05/2017,22:00,20.7,5,237.9,151.59,,,,
17/05/2017,23:00,19.1,4.1,238.4,139.5,,,,
18/05/2017,00:00,17.4,3.4,244.9,536.49,,,,
18/05/2017,01:00,16.3,3.4,266.9,516.78,,,,
18/05/2017,02:00,15.4,2.1,295.6,516.78,,,,
18/05/2017,03:00,15.1,2.9,303.6,516.78,,,,
18/05/2017,04:00,14.8,2.1,274.8,516.78,,,,
18/05/2017,05:00,15,2,239.5,516.78,,,,
18/05/2017,06:00,15,2,239.9,516.78,,,,
18/05/2017,07:00,14.8,2,264.1,516.78,,,,
18/05/2017,08:00,15,1.7,296.8,516.78,,,,
18/05/2017,09:00,15.3,1.7,325.1,516.78,,,,
18/05/2017,10:00,16.3,1,303.4,-6.1,,,,
18/05/2017,11:00,17.2,1.4,5,-4.505,,,,
18/05/2017,12:00,17.8,2.1,73.5,-9.3,,,,
18/05/2017,13:00,18.3,2.3,85.2,-8.015,,,,
18/05/2017,14:00,19.4,2.3,82.7,-132.625,,,,
18/05/2017,15:00,19.3,2.3,94.8,-34.16,,,,
18/05/2017,16:00,19,3,79.8,-102.55,,,,
18/05/2017,17:00,18.5,2.8,80.9,-122.19,,,,
18/05/2017,18:00,18.1,2.7,89.7,-375.09,,,,
18/05/2017,19:00,17.3,3.3,85.5,314.18,,,,
18/05/2017,20:00,17.1,3.6,92,122.58,,,,
18/05/2017,21:00,17.2,3.4,117.2,64.62,,,,
18/05/2017,22:00,16.7,3.1,123.4,217.89,,,,
18/05/2017,23:00,16,4.3,156.5,217.89,,,,
19/05/2017,00:00,14,6.9,195.2,-678.78,,,,
19/05/2017,01:00,12.1,6,209.3,-1126.975,,,,
19/05/2017,02:00,11.6,4.8,221.1,19826.695,,,,
19/05/2017,03:00,11.4,3.7,233.6,-60.49,,,,
19/05/2017,04:00,11.3,2.5,243.9,-378.155,,,,
19/05/2017,05:00,10.6,3,240.4,1215.02,,,,
19/05/2017,06:00,10.3,2.8,240.7,1215.02,,,,
19/05/2017,07:00,10.6,3,220.5,-100.72,,,,
19/05/2017,08:00,10.9,3.2,219.3,-90.745,,,,
19/05/2017,09:00,11.8,3.6,215.2,-44.18,,,,
19/05/2017,10:00,12.6,3.6,218.2,-38.445,,,,
19/05/2017,11:00,12,2.8,228.6,-45.98,,,,
19/05/2017,12:00,13.1,3.3,230,-45.45,,,,
19/05/2017,13:00,13.3,3.3,250,-38.835,,,,
19/05/2017,14:00,14.5,3.4,233.9,-19.815,,,,
19/05/2017,15:00,14.2,3.6,233.5,-32.38,,,,
19/05/2017,16:00,13.2,2.5,224.5,-132.445,,,,
19/05/2017,17:00,12.7,2.7,185,-105.66,,,,
19/05/2017,18:00,12.5,2.5,189,-36.195,,,,
19/05/2017,19:00,11.5,1.8,213.1,19.23,,,,
19/05/2017,20:00,10.6,2,218,5.9,,,,
19/05/2017,21:00,10,2.1,202.1,10.14,,,,
19/05/2017,22:00,8.9,2,177.7,10.775,,,,
19/05/2017,23:00,8.3,2.2,183.3,8.45,,,,
20/05/2017,00:00,7.9,2.4,172.6,5.545,,,,
20/05/2017,01:00,8.3,2.6,175.2,10.375,,,,
20/05/2017,02:00,8.6,2.3,192.1,3309.96,,,,
20/05/2017,03:00,8.4,3.2,186.3,20.775,,,,
20/05/2017,04:00,8.7,2.8,191.7,43.8,,,,
20/05/2017,05:00,9.2,2.3,193.9,116.35,,,,
20/05/2017,06:00,9.9,3.2,205.1,116.35,,,,
20/05/2017,07:00,10.2,3.2,205.5,-55.92,,,,
20/05/2017,08:00,11.2,3.3,201.7,-57.3,,,,
20/05/2017,09:00,12.3,3.2,210,-35.025,,,,
20/05/2017,10:00,14.2,3.8,205.8,-22.65,,,,
20/05/2017,11:00,13.8,3.5,204.1,-23.85,,,,
20/05/2017,12:00,14.3,2.9,208.1,-18.895,,,,
20/05/2017,13:00,14.9,2.8,225.2,-16.625,,,,
20/05/2017,14:00,16.4,3.3,217.5,-107.1,,,,
20/05/2017,15:00,17.1,4.2,210.6,-17.755,,,,
20/05/2017,16:00,16.4,3.5,198.5,-63.615,,,,
20/05/2017,17:00,16.2,3.5,197.2,-49.905,,,,
20/05/2017,18:00,14.7,3.1,233.1,25.47,,,,
20/05/2017,19:00,12.7,1.4,207.3,91.25,,,,
20/05/2017,20:00,10.9,1.5,169.7,9.255,,,,
20/05/2017,21:00,9.7,1.4,143.4,-5.5,,,,
20/05/2017,22:00,9.1,2.1,154.1,-15.25,,,,
20/05/2017,23:00,9.1,2.1,149.4,6.915,,,,
21/05/2017,00:00,8.6,1.7,141.5,1.845,,,,
21/05/2017,01:00,8.5,1.5,152.1,2150.655,,,,
21/05/2017,02:00,8.2,2.4,132.5,12.03,,,,
21/05/2017,03:00,8,2.5,141.2,-1055.89,,,,
21/05/2017,04:00,8.7,2,146.6,1.3,,,,
21/05/2017,05:00,10.3,1.7,157.3,6.9,,,,
21/05/2017,06:00,12.9,1.6,179.4,-16.37,,,,
21/05/2017,07:00,15.2,1.6,194.3,-11.325,,,,
21/05/2017,08:00,16,2.3,166.5,-2.705,,,,
21/05/2017,09:00,17.2,3.1,156.3,-5.545,,,,
21/05/2017,10:00,17.9,3.2,158.1,-12.065,,,,
21/05/2017,11:00,18.6,2.7,144.5,-11.995,,,,
21/05/2017,12:00,19.2,2.6,169.6,-4.395,,,,
21/05/2017,13:00,19,1.9,125,-7.1,,,,
21/05/2017,14:00,19.2,1.5,70.6,-62.91,,,,
21/05/2017,15:00,19.5,1.8,92.5,-20.055,,,,
21/05/2017,16:00,19.7,2,105.3,-41.97,,,,
21/05/2017,17:00,19.7,2.4,121.8,-72.945,,,,
21/05/2017,18:00,18.4,1.6,112,119.94,,,,
21/05/2017,19:00,15.8,1.8,78.3,-220.51,,,,
21/05/2017,20:00,13.9,2.2,70.4,81.86,,,,
21/05/2017,21:00,13.2,2.5,77.8,2.275,,,,
21/05/2017,22:00,12.8,2.6,73.4,6.22,,,,
21/05/2017,23:00,12.4,2.5,81.8,-23.6,,,,
22/05/2017,00:00,12.4,2.3,98.2,-12.795,,,,
22/05/2017,01:00,11.7,2.1,98.3,4.9,,,,
22/05/2017,02:00,10.8,1.9,101.5,0.805,,,,
22/05/2017,03:00,10.1,1.7,100.9,-5.29,,,,
22/05/2017,04:00,10.5,2.1,98.9,10.69,,,,
22/05/2017,05:00,13.2,1.8,106.7,5.74,,,,
22/05/2017,06:00,15.7,1.5,102.6,4.865,,,,
22/05/2017,07:00,18.3,1.7,130.9,-35.15,,,,
22/05/2017,08:00,20.1,2.3,143.8,-14.57,,,,
22/05/2017,09:00,21.2,2.3,109.3,-24.66,,,,
22/05/2017,10:00,22.1,3.4,125,-21.215,,,,
22/05/2017,11:00,23,4,154.7,-37.475,,,,
22/05/2017,12:00,23.9,3.8,166,-46.77,,,,
22/05/2017,13:00,24.2,3.1,171.4,-8.985,,,,
22/05/2017,14:00,24.6,2.2,161.1,-27.395,,,,
22/05/2017,15:00,24.6,2.2,158.1,-5.85,,,,
22/05/2017,16:00,24.7,2.1,229.6,-43.6,,,,
22/05/2017,17:00,24.1,1.8,236.4,37.845,,,,
22/05/2017,18:00,23.5,2.5,245.8,21.29,,,,
22/05/2017,19:00,21.3,2,241.5,70.9,,,,
22/05/2017,20:00,18.8,1.5,239.5,-40.01,,,,
22/05/2017,21:00,17.4,1.4,243.4,-2.55,,,,
22/05/2017,22:00,16.3,1.5,222,-3.82,,,,
22/05/2017,23:00,15.8,2,184.5,0.97,,,,
23/05/2017,00:00,15.3,1.9,175.4,0.97,,,,
23/05/2017,01:00,14.9,2,182.7,-6.42,,,,
23/05/2017,02:00,14.5,2,199.2,2.005,,,,
23/05/2017,03:00,13.9,2.1,232,2.605,,,,
23/05/2017,04:00,14.3,1.9,240.8,7.12,,,,
23/05/2017,05:00,15.1,2.4,244.8,10.13,,,,
23/05/2017,06:00,16,3,253.3,-216.48,,,,
23/05/2017,07:00,16.8,2.9,260.7,-79.92,,,,
23/05/2017,08:00,17.8,2.9,271.8,-20.775,,,,
23/05/2017,09:00,18.4,3.6,276.6,-7.99,,,,
23/05/2017,10:00,18.7,3.8,296.6,-38.93,,,,
23/05/2017,11:00,19.1,4.1,305.8,-22.485,,,,
23/05/2017,12:00,19.8,4.2,306.7,-39.43,,,,
23/05/2017,13:00,20.7,4.2,304.8,-31.625,,,,
23/05/2017,14:00,21.1,3.8,315.3,-17.055,,,,
23/05/2017,15:00,21,4.2,322.8,-22.805,,,,
23/05/2017,16:00,20.9,4,312,-48.125,,,,
23/05/2017,17:00,20,3.5,321,-51.58,,,,
23/05/2017,18:00,19,3.2,334.3,-112.11,,,,
23/05/2017,19:00,18.2,2.8,335.2,4121.11,,,,
23/05/2017,20:00,17.3,1.6,346.9,26.465,,,,
23/05/2017,21:00,15.5,1.3,338.9,8.17,,,,
23/05/2017,22:00,14.3,0.8,332.6,48.085,,,,
23/05/2017,23:00,13.3,0.9,183.3,0.735,,,,
24/05/2017,00:00,12.9,1.3,217.1,1.94,,,,
24/05/2017,01:00,12.7,1.4,232.2,51.93,,,,
24/05/2017,02:00,12.1,1.6,236.8,-71.36,,,,
24/05/2017,03:00,12,1.8,242.7,25.31,,,,
24/05/2017,04:00,12.6,1.5,235.5,3.49,,,,
24/05/2017,05:00,13.8,2,239.6,35.65,,,,
24/05/2017,06:00,14,2.4,234,-75.15,,,,
24/05/2017,07:00,14.5,2.7,235.2,-14.565,,,,
24/05/2017,08:00,16,2.8,251.1,-31.77,,,,
24/05/2017,09:00,17.8,3,230,-34.265,,,,
24/05/2017,10:00,19.7,2.9,235.1,-16.465,,,,
24/05/2017,11:00,20.8,2.9,259.9,-6.15,,,,
24/05/2017,12:00,20.9,2.9,270.6,-41.185,,,,
24/05/2017,13:00,21.5,2.8,316.5,-25.55,,,,
24/05/2017,14:00,22.7,3.9,326.7,-52.255,,,,
24/05/2017,15:00,22.5,4.8,336.6,-50.825,,,,
24/05/2017,16:00,21.9,4.8,330.9,-86.375,,,,
24/05/2017,17:00,21.3,4.2,331.2,-153.09,,,,
24/05/2017,18:00,20.2,4,339.2,-198.43,,,,
24/05/2017,19:00,18.5,3.5,336.2,104.71,,,,
24/05/2017,20:00,17.3,3.7,342.4,51.135,,,,
24/05/2017,21:00,16.2,2.4,334.4,35.53,,,,
24/05/2017,22:00,15.4,2.3,338.9,23.955,,,,
24/05/2017,23:00,14.3,1.4,2,16.42,,,,
25/05/2017,00:00,13.4,1.5,7.9,17.185,,,,
25/05/2017,01:00,12.6,1.3,10.7,2.72,,,,
25/05/2017,02:00,12.3,1.4,11.8,8.19,,,,
25/05/2017,03:00,11.9,1.9,33.6,-4.37,,,,
25/05/2017,04:00,12.1,1.8,34.2,-5.615,,,,
25/05/2017,05:00,13,2.3,40.3,38.66,,,,
25/05/2017,06:00,14.2,2.4,37.9,-57.91,,,,
25/05/2017,07:00,15.6,2.3,47.8,-27.2,,,,
25/05/2017,08:00,17.3,2.8,33.4,-16.75,,,,
25/05/2017,09:00,18.8,2.9,48.1,-8.455,,,,
25/05/2017,10:00,20.1,3.3,67.4,-15.435,,,,
25/05/2017,11:00,21.5,3,60.1,-10.23,,,,
25/05/2017,12:00,22.5,3,50.4,-4.3,,,,
25/05/2017,13:00,23.3,3.2,54.1,-10.09,,,,
25/05/2017,14:00,23.9,3.4,58.3,-36.475,,,,
25/05/2017,15:00,23.9,3.9,45.2,-16.375,,,,
25/05/2017,16:00,24,3.6,61.8,-31.46,,,,
25/05/2017,17:00,23.7,3.5,65.7,-21.435,,,,
25/05/2017,18:00,22.8,2.3,84.7,-647.855,,,,
25/05/2017,19:00,20.5,1.8,80.5,23.935,,,,
25/05/2017,20:00,18.1,1.9,77,-44.13,,,,
25/05/2017,21:00,17,2.1,82.4,-14.025,,,,
25/05/2017,22:00,16.7,2.5,80.5,-9.74,,,,
25/05/2017,23:00,16.6,2.5,81.8,-13.685,,,,
26/05/2017,00:00,15.8,2.5,79.9,19.43,,,,
26/05/2017,01:00,15.3,2.5,79.9,-58.425,,,,
26/05/2017,02:00,14.9,2.7,79,-9.46,,,,
26/05/2017,03:00,14.6,2.8,79.2,6.11,,,,
26/05/2017,04:00,14.4,2.9,81.3,3.965,,,,
26/05/2017,05:00,15.6,2.8,85.2,11.54,,,,
26/05/2017,06:00,17.9,2.7,95.6,55.73,,,,
26/05/2017,07:00,19.9,3.6,94.6,-98.725,,,,
26/05/2017,08:00,21.2,3.9,94.7,-123.245,,,,
26/05/2017,09:00,22.4,3.7,95.4,-65.19,,,,
26/05/2017,10:00,23.3,3.8,105.5,-62.835,,,,
26/05/2017,11:00,24.4,3.7,97.6,-41.885,,,,
26/05/2017,12:00,25.4,3.8,96.3,-103.865,,,,
26/05/2017,13:00,26.2,3.7,90.8,-39.97,,,,
26/05/2017,14:00,26.8,3.2,88.8,-130.36,,,,
26/05/2017,15:00,27.2,3.3,87,-74.45,,,,
26/05/2017,16:00,27,3.5,82.5,-112.44,,,,
26/05/2017,17:00,26.6,3.7,82.7,-52.71,,,,
26/05/2017,18:00,25.4,3.6,84,166.57,,,,
26/05/2017,19:00,23.6,2.9,87.6,74.695,,,,
26/05/2017,20:00,21.8,2.6,101.2,12.87,,,,
26/05/2017,21:00,20.5,2.5,106.7,2.485,,,,
26/05/2017,22:00,19.1,2.4,111.6,3.79,,,,
26/05/2017,23:00,18.5,2.6,108.8,5.825,,,,
27/05/2017,00:00,18.1,3,98.6,4.12,,,,
27/05/2017,01:00,17.3,2.6,107.3,3.815,,,,
27/05/2017,02:00,16.8,2.7,115.1,13.22,,,,
27/05/2017,03:00,17,4.1,123.5,5.465,,,,
27/05/2017,04:00,17.3,6,134.4,16.575,,,,
27/05/2017,05:00,18.6,6.4,138.7,40.755,,,,
27/05/2017,06:00,20.9,6.2,144.4,84.705,,,,
27/05/2017,07:00,23.3,5.5,149.3,-307.515,,,,
27/05/2017,08:00,25.2,5.6,151.8,-58.87,,,,
27/05/2017,09:00,26.9,4,153.5,-51.41,,,,
27/05/2017,10:00,28.3,4.4,160.8,-30.5,,,,
27/05/2017,11:00,29.5,4.4,163.7,-12.38,,,,
27/05/2017,12:00,30.2,4.3,187.9,-9.42,,,,
27/05/2017,13:00,30.4,3.1,204.7,-37.14,,,,
27/05/2017,14:00,30.9,3.6,208.6,-5.655,,,,
27/05/2017,15:00,30.3,3.3,219.5,-15.51,,,,
27/05/2017,16:00,30.1,3.4,229.6,-43.645,,,,
27/05/2017,17:00,25.2,2.4,163.6,-105.26,,,,
27/05/2017,18:00,24.5,2.1,342.8,-151.35,,,,
27/05/2017,19:00,23.1,2.7,350.2,9.49,,,,
27/05/2017,20:00,21.3,2.6,12.7,19.965,,,,
27/05/2017,21:00,20.2,2,23.8,33.6,,,,
27/05/2017,22:00,19.4,0.9,38.5,113.93,,,,
27/05/2017,23:00,18.5,1,299.6,50.875,,,,
28/05/2017,00:00,18.3,1.5,295.9,10.75,,,,
28/05/2017,01:00,17.8,1,249,21.99,,,,
28/05/2017,02:00,17,1.2,265.8,8.95,,,,
28/05/2017,03:00,16.6,1,255,11.93,,,,
28/05/2017,04:00,16.5,0.7,244.2,-98.77,,,,
28/05/2017,05:00,17.8,1.2,257.7,-30.835,,,,
28/05/2017,06:00,17.8,2,96.2,-155.66,,,,
28/05/2017,07:00,17.7,2.4,36.2,-155.66,,,,
28/05/2017,08:00,19.5,2.1,82.9,-155.66,,,,
28/05/2017,09:00,21.9,2.2,75.2,-8.53,,,,
28/05/2017,10:00,24,2.3,106.9,-8.25,,,,
28/05/2017,11:00,25.3,2.2,106.3,-25.155,,,,
28/05/2017,12:00,26.2,1.8,106.2,-14.89,,,,
28/05/2017,13:00,26.9,1.4,113.2,-36.065,,,,
28/05/2017,14:00,27.3,1.6,88.6,-36.34,,,,
28/05/2017,15:00,27.5,1.8,52.7,-25.665,,,,
28/05/2017,16:00,27.2,2.2,65.5,-9.325,,,,
28/05/2017,17:00,26.5,2.1,57.7,606.6,,,,
28/05/2017,18:00,25.4,2.3,54.9,-251.1,,,,
28/05/2017,19:00,24.7,2.3,63,20.63,,,,
28/05/2017,20:00,23.9,2.5,64.3,9.475,,,,
28/05/2017,21:00,22.9,2.6,68,131.01,,,,
28/05/2017,22:00,22.1,2.7,81.5,5.435,,,,
28/05/2017,23:00,21.7,3,80.1,18.18,,,,
29/05/2017,00:00,21.1,2.7,68,21.935,,,,
29/05/2017,01:00,20.5,2.5,86.6,14.465,,,,
29/05/2017,02:00,20.3,2.4,96.9,247.595,,,,
29/05/2017,03:00,19.7,1.8,102,39.62,,,,
29/05/2017,04:00,19.6,1.9,146.6,9.895,,,,
29/05/2017,05:00,20.1,2.2,12.5,22.44,,,,
29/05/2017,06:00,20.6,1.6,48.4,135.505,,,,
29/05/2017,07:00,23,1.9,130.6,-38.115,,,,
29/05/2017,08:00,25.9,2.7,168.4,-7.325,,,,
29/05/2017,09:00,27.9,2.7,226.6,-7.605,,,,
29/05/2017,10:00,29.1,3,223.6,-9.165,,,,
29/05/2017,11:00,30,4,228.1,-36.24,,,,
29/05/2017,12:00,30.4,3.9,240.7,-45.335,,,,
29/05/2017,13:00,29.9,3.7,264.3,-26.14,,,,
29/05/2017,14:00,29.5,3.6,262.2,-67.395,,,,
29/05/2017,15:00,28,3.9,318.6,82.5,,,,
29/05/2017,16:00,26.2,4.1,341.8,184.16,,,,
29/05/2017,17:00,25,3.3,337.3,142.97,,,,
29/05/2017,18:00,24,2.8,339.1,131.105,,,,
29/05/2017,19:00,23.3,2.6,335.9,48.745,,,,
29/05/2017,20:00,22.6,2.8,301.3,48.26,,,,
29/05/2017,21:00,21.8,1.9,312.7,43.255,,,,
29/05/2017,22:00,20.8,1.3,255.7,17.79,,,,
29/05/2017,23:00,19.8,1.5,212.3,-2.85,,,,
30/05/2017,00:00,19.3,1.5,215.2,45.52,,,,
30/05/2017,01:00,19.1,1.4,236.2,5.465,,,,
30/05/2017,02:00,18.9,1.6,243.1,17.935,,,,
30/05/2017,03:00,18.6,1.8,253.3,59.135,,,,
30/05/2017,04:00,18.5,1.4,230.7,43.38,,,,
30/05/2017,05:00,18.5,2.3,245.5,345.79,,,,
30/05/2017,06:00,18.2,2.7,250.9,563.4,,,,
30/05/2017,07:00,17.7,3.5,253.5,-238.33,,,,
30/05/2017,08:00,17.9,3.3,240.7,-125.69,,,,
30/05/2017,09:00,19.4,3.5,243.4,-61.16,,,,
30/05/2017,10:00,20,4.3,237,-18.89,,,,
30/05/2017,11:00,19.8,4.4,238.8,-23.76,,,,
30/05/2017,12:00,20.1,4.2,251.9,-28.085,,,,
30/05/2017,13:00,20.1,4.7,258.8,-52.415,,,,
30/05/2017,14:00,19.9,4.6,255.8,-58.385,,,,
30/05/2017,15:00,19.2,5,258.8,-120.98,,,,
30/05/2017,16:00,18.5,4.2,252,-81.85,,,,
30/05/2017,17:00,18,4.5,259.9,-200.015,,,,
30/05/2017,18:00,17.6,3.6,248.8,-959.495,,,,
30/05/2017,19:00,16.8,3,254.4,182.48,,,,
30/05/2017,20:00,16.2,3,246.6,74.025,,,,
30/05/2017,21:00,15.3,2.7,242.6,37.37,,,,
30/05/2017,22:00,14.1,2.2,236.6,15.115,,,,
30/05/2017,23:00,13.2,1.9,240.2,19.7,,,,
31/05/2017,00:00,12.5,1.7,232.5,106.76,,,,
31/05/2017,01:00,12.1,2,224.1,5.08,,,,
31/05/2017,02:00,11.8,2,224.1,12.455,,,,
31/05/2017,03:00,11.7,1.9,230.5,16.195,,,,
31/05/2017,04:00,11.9,1.5,229.1,11.67,,,,
31/05/2017,05:00,12.6,2,232.1,27.67,,,,
31/05/2017,06:00,14.4,1.9,235.3,-128.47,,,,
31/05/2017,07:00,16.7,1.7,256.2,-34.355,,,,
31/05/2017,08:00,18.2,1.6,263.7,-4.95,,,,
31/05/2017,09:00,19.1,1.8,259.8,-5.55,,,,
31/05/2017,10:00,19.9,2.2,279.7,-6.84,,,,
31/05/2017,11:00,20.7,1.8,298.6,-12.98,,,,
31/05/2017,12:00,21.5,1.8,264.8,-5.1,,,,
31/05/2017,13:00,21.8,1.6,322.6,-3.355,,,,
31/05/2017,14:00,22.6,2,300.6,-24.835,,,,
31/05/2017,15:00,22.6,3.3,316.5,-5.95,,,,
31/05/2017,16:00,21.9,3.5,339.8,-19.97,,,,
31/05/2017,17:00,20.8,4.3,343.4,-76.625,,,,
31/05/2017,18:00,19.9,3.8,342.7,-1561.12,,,,
31/05/2017,19:00,18.5,3.6,349.6,239.12,,,,
31/05/2017,20:00,17.6,2.7,355.9,65.25,,,,
31/05/2017,21:00,16.9,2.5,10.6,35.97,,,,
31/05/2017,22:00,16,2.1,23.2,16.12,,,,
31/05/2017,23:00,15.5,2.5,31.2,-17.72,,,,
01/06/2017,00:00,15,2.3,37.2,396.29,,,,
01/06/2017,01:00,14.4,2.2,42.7,139.29,,,,
01/06/2017,02:00,14,2.4,35.5,184.25,,,,
01/06/2017,03:00,13.3,2.1,44.5,40.375,,,,
01/06/2017,04:00,13.2,1.8,47.9,16.415,,,,
01/06/2017,05:00,14.4,1.6,54.8,28.37,,,,
01/06/2017,06:00,16.4,1.8,58.3,-8988.675,,,,
01/06/2017,07:00,18.6,2,48.5,-20.33,,,,
01/06/2017,08:00,20.3,2.2,53.1,-12.545,,,,
01/06/2017,09:00,21.3,2.2,24.8,-27.105,,,,
01/06/2017,10:00,22.6,2,82,-15.87,,,,
01/06/2017,11:00,23.5,2.3,81.8,-11.725,,,,
01/06/2017,12:00,23.9,2,143.7,-25.89,,,,
01/06/2017,13:00,24.8,2.1,175.9,-35.23,,,,
01/06/2017,14:00,25.2,1.2,85.3,-11.195,,,,
01/06/2017,15:00,25.2,1.7,44.8,-251.1,,,,
01/06/2017,16:00,25,1.2,312.6,-39.305,,,,
01/06/2017,17:00,25.4,1.5,54,-23.575,,,,
01/06/2017,18:00,24.2,1.7,75.1,-10.595,,,,
01/06/2017,19:00,22.1,1.9,64.4,31.63,,,,
01/06/2017,20:00,20.5,2,56.2,-6.08,,,,
01/06/2017,21:00,20.4,3.2,39.9,4.73,,,,
01/06/2017,22:00,19.8,2.8,48.4,32.24,,,,
01/06/2017,23:00,19.1,1.8,67.3,62.52,,,,
02/06/2017,00:00,17.6,1.8,37.7,43.52,,,,
02/06/2017,01:00,16.7,1.4,39.8,-8.41,,,,
02/06/2017,02:00,16,1,21,-21.125,,,,
02/06/2017,03:00,15.1,0.9,314.3,28.1,,,,
02/06/2017,04:00,15.1,0.9,291.1,17.19,,,,
02/06/2017,05:00,16.5,0.7,279.3,80.7,,,,
02/06/2017,06:00,18.8,1,281.2,-60.61,,,,
02/06/2017,07:00,21.3,1.7,283.8,-2.06,,,,
02/06/2017,08:00,23.2,2.6,315,-4.075,,,,
02/06/2017,09:00,24.6,2,317.6,-8.075,,,,
02/06/2017,10:00,25.3,2.4,268.7,-20.5,,,,
02/06/2017,11:00,25.9,2.6,253.8,-6.52,,,,
02/06/2017,12:00,26.4,2.7,304.2,-49.86,,,,
02/06/2017,13:00,26.8,2.7,295.1,-18.98,,,,
02/06/2017,14:00,26.6,2.4,301.8,-19.525,,,,
02/06/2017,15:00,26.7,1.7,335.4,-12.67,,,,
02/06/2017,16:00,26.4,2.2,0.5,-11.295,,,,
02/06/2017,17:00,25.6,2.6,31,-28.515,,,,
02/06/2017,18:00,24.4,3.1,41,2747.415,,,,
02/06/2017,19:00,23.5,2.4,57.9,79.69,,,,
02/06/2017,20:00,21.7,2.1,112.4,40.415,,,,
02/06/2017,21:00,20.3,1.2,181.4,51.16,,,,
02/06/2017,22:00,20,1.4,210.6,21.27,,,,
02/06/2017,23:00,19.3,1.9,147.3,39.345,,,,
03/06/2017,00:00,18.9,2.7,148.3,8.715,,,,
03/06/2017,01:00,17.9,1.4,196.8,30.47,,,,
03/06/2017,02:00,17.2,1.2,235.4,21.26,,,,
03/06/2017,03:00,16.8,1.4,247.4,7.18,,,,
03/06/2017,04:00,16.9,1.1,228.7,18.525,,,,
03/06/2017,05:00,17.6,1.4,218.8,19.285,,,,
03/06/2017,06:00,18.8,2.4,241.9,-220.81,,,,
03/06/2017,07:00,19.3,3.2,249.2,-48.075,,,,
03/06/2017,08:00,19.6,2.9,255.3,-32.66,,,,
03/06/2017,09:00,20.4,3,259.3,-23.075,,,,
03/06/2017,10:00,21.5,3.1,253.4,-16.305,,,,
03/06/2017,11:00,21.8,3.2,241.6,-22.66,,,,
03/06/2017,12:00,22.3,3.4,257.4,-13.14,,,,
03/06/2017,13:00,22.4,3.3,244.9,-17.495,,,,
03/06/2017,14:00,22.2,3.2,228,-39.285,,,,
03/06/2017,15:00,21.9,3.6,265.3,-40.66,,,,
03/06/2017,16:00,20.6,2.8,236.1,246.49,,,,
03/06/2017,17:00,19.4,4,294.2,-508.84,,,,
03/06/2017,18:00,18,2.2,341.7,-222.09,,,,
03/06/2017,19:00,17.8,2,311.5,233.75,,,,
03/06/2017,20:00,17.6,1.8,304.4,55.455,,,,
03/06/2017,21:00,16.3,2,243.9,47.14,,,,
03/06/2017,22:00,15.5,3,265.2,47.14,,,,
03/06/2017,23:00,14.6,3,252.5,79.965,,,,
04/06/2017,00:00,13.7,2.8,244.8,138.785,,,,
04/06/2017,01:00,12.7,2.1,237.4,57.01,,,,
04/06/2017,02:00,12,1.9,231.9,63.59,,,,
04/06/2017,03:00,11.4,2.1,235,122.31,,,,
04/06/2017,04:00,11.1,1.9,230.4,32.435,,,,
04/06/2017,05:00,12,2,239,36.3,,,,
04/06/2017,06:00,13.8,2.6,250.4,-45,,,,
04/06/2017,07:00,15.8,2.8,258.4,-27.12,,,,
04/06/2017,08:00,16.7,3.6,272,-8.12,,,,
04/06/2017,09:00,17.3,3.7,276.9,-32.055,,,,
04/06/2017,10:00,18,4.3,276,-9.74,,,,
04/06/2017,11:00,17.9,4.1,267.5,-21.915,,,,
04/06/2017,12:00,18.5,4.3,264.1,-14.865,,,,
04/06/2017,13:00,19.4,4.8,254.3,-25.805,,,,
04/06/2017,14:00,19.5,4,260,-10.745,,,,
04/06/2017,15:00,19.3,4.2,267.1,-13.635,,,,
04/06/2017,16:00,18.9,3.4,260.4,-18.065,,,,
04/06/2017,17:00,18.2,3,264.8,-86.945,,,,
04/06/2017,18:00,17.4,2.8,268.7,59.94,,,,
04/06/2017,19:00,16,1.9,249.5,49.125,,,,
04/06/2017,20:00,14.1,1.3,224.8,31.925,,,,
04/06/2017,21:00,12.7,1.5,214.8,-2.18,,,,
04/06/2017,22:00,12.6,1.4,230.9,25.535,,,,
04/06/2017,23:00,12.2,1.1,197.7,2.215,,,,
05/06/2017,00:00,11.4,1.4,157.1,16.32,,,,
05/06/2017,01:00,11.2,1.6,173.5,5.49,,,,
05/06/2017,02:00,10.4,1.4,155.8,2.645,,,,
05/06/2017,03:00,10.1,2.1,143.3,21.5,,,,
05/06/2017,04:00,11.5,2.1,139.3,13.415,,,,
05/06/2017,05:00,12.6,2.9,157.4,17.59,,,,
05/06/2017,06:00,14,3.1,172.7,-865.825,,,,
05/06/2017,07:00,15.7,3.4,174,-57.58,,,,
05/06/2017,08:00,17.3,4.1,189.2,-49.59,,,,
05/06/2017,09:00,19,4.9,194.6,-43.475,,,,
05/06/2017,10:00,20,5.5,198.9,-20.19,,,,
05/06/2017,11:00,19.8,4.4,204.1,-33.03,,,,
05/06/2017,12:00,19.9,4.6,211.1,-56.405,,,,
05/06/2017,13:00,20.5,4.8,211,-106.1,,,,
05/06/2017,14:00,21.1,4.8,203.6,-27.81,,,,
05/06/2017,15:00,21.1,4.4,188.9,-50.605,,,,
05/06/2017,16:00,21.2,5,192.6,-32,,,,
05/06/2017,17:00,21,4.7,186.5,-63.63,,,,
05/06/2017,18:00,20.2,4.7,169.1,186.14,,,,
05/06/2017,19:00,19.1,4.2,161.6,61.725,,,,
05/06/2017,20:00,18.1,4.4,152.3,13.65,,,,
05/06/2017,21:00,17.6,4.9,151.2,13.755,,,,
05/06/2017,22:00,17.7,5.3,152.2,30.805,,,,
05/06/2017,23:00,17.6,5.4,153.5,57.83,,,,
06/06/2017,00:00,17.4,5.2,155.7,87.745,,,,
06/06/2017,01:00,17.5,6,165,54.24,,,,
06/06/2017,02:00,15.2,5.7,187.5,89.955,,,,
06/06/2017,03:00,13.9,6.6,172.9,95.27,,,,
06/06/2017,04:00,14,7.1,170.8,95.27,,,,
06/06/2017,05:00,13.3,7.1,165.5,216.37,,,,
06/06/2017,06:00,13.5,7.1,191.1,216.37,,,,
06/06/2017,07:00,12.1,6.3,217,216.37,,,,
06/06/2017,08:00,13.4,7.2,213.9,216.37,,,,
06/06/2017,09:00,14.1,7.4,221.8,-159.36,,,,
06/06/2017,10:00,13.3,7.6,229,-220.97,,,,
06/06/2017,11:00,13.7,6.4,234,-220.97,,,,
06/06/2017,12:00,15.1,7,224.2,-220.97,,,,
06/06/2017,13:00,14.6,6.3,247.4,-223.58,,,,
06/06/2017,14:00,14.6,6,237.5,-38.98,,,,
06/06/2017,15:00,16.3,7.3,235.5,-38.98,,,,
06/06/2017,16:00,16.4,6.8,238.6,-56.675,,,,
06/06/2017,17:00,15.4,6.8,238.2,-401.26,,,,
06/06/2017,18:00,14.5,5.9,234.9,54988.9,,,,
06/06/2017,19:00,13.7,6,233.5,585.06,,,,
06/06/2017,20:00,13.1,5,231.8,244.11,,,,
06/06/2017,21:00,13,6,226.9,234.415,,,,
06/06/2017,22:00,12.8,5.9,226.9,206.715,,,,
06/06/2017,23:00,12.5,6.2,220.5,401.505,,,,
07/06/2017,00:00,11.8,6,217.5,296,,,,
07/06/2017,01:00,11,6.1,219.6,187.39,,,,
07/06/2017,02:00,10.5,6.6,214.3,493.61,,,,
07/06/2017,03:00,10.1,6,215.1,664.67,,,,
07/06/2017,04:00,10.3,6.2,212.7,664.67,,,,
07/06/2017,05:00,10.9,6.8,214,449.21,,,,
07/06/2017,06:00,11.9,7,217.2,-431.22,,,,
07/06/2017,07:00,13,6.8,223.8,-210.46,,,,
07/06/2017,08:00,14.3,6.6,231.6,-274.74,,,,
07/06/2017,09:00,14.3,6.1,239,-89.185,,,,
07/06/2017,10:00,15.4,6.5,242.9,-133.9,,,,
07/06/2017,11:00,16.6,6.7,242.4,-412.97,,,,
07/06/2017,12:00,16.5,7.1,243.4,-93.055,,,,
07/06/2017,13:00,17.2,7.3,244.7,-142.295,,,,
07/06/2017,14:00,17.6,7,243.1,-131.055,,,,
07/06/2017,15:00,17.2,6.4,241.8,-62.17,,,,
07/06/2017,16:00,17.1,6.1,243.9,-153.595,,,,
07/06/2017,17:00,16.9,6.2,242.8,-107.36,,,,
07/06/2017,18:00,16.1,5.1,241.6,-16126.525,,,,
07/06/2017,19:00,14.9,4.6,240.2,164.4,,,,
07/06/2017,20:00,14.1,3.8,230.8,79.27,,,,
07/06/2017,21:00,13.8,3.7,221.3,40.42,,,,
07/06/2017,22:00,13.5,2.9,222.7,98.405,,,,
07/06/2017,23:00,13.6,3,221.8,27.245,,,,
08/06/2017,00:00,13.6,2.9,220.2,113.77,,,,
08/06/2017,01:00,13.1,2.2,220.7,171.045,,,,
08/06/2017,02:00,12.8,2.1,188.2,173.28,,,,
08/06/2017,03:00,12.8,3.1,165.3,104.195,,,,
08/06/2017,04:00,13.2,3.6,185.1,65.74,,,,
08/06/2017,05:00,14.4,4,195.3,73.96,,,,
08/06/2017,06:00,15.4,4.3,207.1,-858.61,,,,
08/06/2017,07:00,16.1,5.4,206.7,-184.5,,,,
08/06/2017,08:00,17.4,5.3,201.1,-148.115,,,,
08/06/2017,09:00,19.2,6.1,207.4,-23.03,,,,
08/06/2017,10:00,20.4,6.5,204.4,-65.39,,,,
08/06/2017,11:00,21.1,6.2,206.6,-37.78,,,,
08/06/2017,12:00,22,7,190.1,-49.57,,,,
08/06/2017,13:00,22.2,6.8,190.1,-40.95,,,,
08/06/2017,14:00,22.9,5.8,187.4,-75.69,,,,
08/06/2017,15:00,23.8,6,196,-75.355,,,,
08/06/2017,16:00,23.9,5.4,205,-44.085,,,,
08/06/2017,17:00,23.6,4.3,208.5,-128.87,,,,
08/06/2017,18:00,22.9,4,192.7,497.31,,,,
08/06/2017,19:00,21.7,3.2,178.2,48.66,,,,
08/06/2017,20:00,20.5,3.9,153.8,15.45,,,,
08/06/2017,21:00,20,4.1,154,10.045,,,,
08/06/2017,22:00,19,4,154.8,12.6,,,,
08/06/2017,23:00,18.5,4.7,158.2,20.48,,,,
09/06/2017,00:00,18.9,4.8,193.7,17.48,,,,
09/06/2017,01:00,18.1,3.1,224.9,41.375,,,,
09/06/2017,02:00,17.6,3.2,240.4,75.71,,,,
09/06/2017,03:00,16.9,4.8,215.5,220.5,,,,
09/06/2017,04:00,15.2,4.9,203.5,103.13,,,,
09/06/2017,05:00,14.6,3.8,179.5,103.13,,,,
09/06/2017,06:00,14.5,4.7,171.5,103.13,,,,
09/06/2017,07:00,14.7,4.6,208.9,103.13,,,,
09/06/2017,08:00,14.8,3.2,252.8,103.13,,,,
09/06/2017,09:00,16.3,3.8,249.2,103.13,,,,
09/06/2017,10:00,17.6,4.5,254.9,-29.645,,,,
09/06/2017,11:00,18.8,4.8,250.5,-64.795,,,,
09/06/2017,12:00,19.1,4.8,249.8,-41.43,,,,
09/06/2017,13:00,19.4,4.9,250.3,-35.8,,,,
09/06/2017,14:00,19.6,5.2,242,-51.565,,,,
09/06/2017,15:00,19.7,4.8,249.2,-39.56,,,,
09/06/2017,16:00,19.5,5.1,262.3,-47.505,,,,
09/06/2017,17:00,19,4.8,247.5,-107.425,,,,
09/06/2017,18:00,18,4,255.2,-239.295,,,,
09/06/2017,19:00,16.5,3,250.2,195.94,,,,
09/06/2017,20:00,15.1,2.2,247,57.76,,,,
09/06/2017,21:00,13.9,1.9,237.3,58.98,,,,
09/06/2017,22:00,12.9,2.1,218.9,7.295,,,,
09/06/2017,23:00,12.4,2.2,219.1,6.485,,,,
10/06/2017,00:00,12,2.2,209.9,6.7,,,,
10/06/2017,01:00,11.3,2.2,198.7,13.345,,,,
10/06/2017,02:00,10.7,2.1,202.2,6.46,,,,
10/06/2017,03:00,10.5,1.9,198,22.815,,,,
10/06/2017,04:00,11.8,2,192.7,2.635,,,,
10/06/2017,05:00,12.9,2.1,196.3,30.725,,,,
10/06/2017,06:00,14.7,2.4,196.8,-254.22,,,,
10/06/2017,07:00,16.6,2.7,194.9,-22.66,,,,
10/06/2017,08:00,18.7,2.6,208.8,-14.4,,,,
10/06/2017,09:00,19.7,3,206.3,-12.44,,,,
10/06/2017,10:00,21.1,3.9,195.9,-15.04,,,,
10/06/2017,11:00,22.5,4.6,184.5,-11.045,,,,
10/06/2017,12:00,23.5,4.7,193.6,-24.545,,,,
10/06/2017,13:00,24.2,4.5,200.6,-28.18,,,,
10/06/2017,14:00,24.7,4.3,214.3,-20.16,,,,
10/06/2017,15:00,24.8,4.4,207.5,-50.02,,,,
10/06/2017,16:00,24.8,4.1,206.1,-25.165,,,,
10/06/2017,17:00,24.7,3.9,195.5,-17.025,,,,
10/06/2017,18:00,24.1,2.8,201.5,-102.69,,,,
10/06/2017,19:00,22.4,2.7,186.3,76.44,,,,
10/06/2017,20:00,21,2.8,170.8,-9.63,,,,
10/06/2017,21:00,20.1,3.3,164,36.5,,,,
10/06/2017,22:00,19.6,3.7,160.7,25.675,,,,
10/06/2017,23:00,19.5,4.1,161,9.25,,,,
11/06/2017,00:00,19.4,4.1,162.9,19.89,,,,
11/06/2017,01:00,19.4,3.6,167.5,17.665,,,,
11/06/2017,02:00,19.2,3.7,165.4,28.68,,,,
11/06/2017,03:00,18.9,3.5,170,28.515,,,,
11/06/2017,04:00,18.4,2.5,173.6,30.555,,,,
11/06/2017,05:00,18.7,2.2,178.9,17.215,,,,
11/06/2017,06:00,20.5,2.7,188,94.36,,,,
11/06/2017,07:00,22.6,3.1,190.6,-58.74,,,,
11/06/2017,08:00,24.2,3.2,209.4,-17.305,,,,
11/06/2017,09:00,25.4,3.5,224,-5.03,,,,
11/06/2017,10:00,26.2,3.5,225.1,-21.13,,,,
11/06/2017,11:00,27.2,3.6,225.9,-18.195,,,,
11/06/2017,12:00,27.1,3.8,210.2,-14.065,,,,
11/06/2017,13:00,27.1,4.5,203.7,-28.995,,,,
11/06/2017,14:00,27.2,4.5,213,-32.425,,,,
11/06/2017,15:00,26.8,4.8,232.8,-85.37,,,,
11/06/2017,16:00,26.4,3.9,234.2,132.55,,,,
11/06/2017,17:00,25.6,3.7,238.5,-2627.19,,,,
11/06/2017,18:00,24.1,4,277.9,55.07,,,,
11/06/2017,19:00,21,5.1,290.7,72.375,,,,
11/06/2017,20:00,18.9,4.4,263.4,-777.41,,,,
11/06/2017,21:00,17.9,3.6,241.2,132.845,,,,
11/06/2017,22:00,17.4,3.8,246.2,106.565,,,,
11/06/2017,23:00,16.6,3.6,249.6,99.71,,,,
12/06/2017,00:00,15.2,3.8,246.2,235.57,,,,
12/06/2017,01:00,14,3.6,239.6,176.2,,,,
12/06/2017,02:00,13.2,3.4,241.8,48.69,,,,
12/06/2017,03:00,13,3.5,241.2,239.5,,,,
12/06/2017,04:00,12.6,3.7,243.3,-642.42,,,,
12/06/2017,05:00,13,3.8,241.8,-225.155,,,,
12/06/2017,06:00,14.2,4.2,243.1,-64.84,,,,
12/06/2017,07:00,15.5,4.9,245.8,-256.425,,,,
12/06/2017,08:00,15.8,4.7,246.5,-58.495,,,,
12/06/2017,09:00,16.3,4.6,246.8,-61.72,,,,
12/06/2017,10:00,16.7,4.4,245.5,-52.99,,,,
12/06/2017,11:00,17.2,4.6,245.8,-124.265,,,,
12/06/2017,12:00,17.5,5,244.7,-145.645,,,,
12/06/2017,13:00,17.4,5,246.2,-74.775,,,,
12/06/2017,14:00,17.7,4.9,258,-89.685,,,,
12/06/2017,15:00,17.3,3.9,245.5,-196.9,,,,
12/06/2017,16:00,17.6,3.6,256.3,-165.19,,,,
12/06/2017,17:00,17.1,3.6,243,-95.96,,,,
12/06/2017,18:00,16.8,3.5,246.8,-696.75,,,,
12/06/2017,19:00,16,2.9,241.3,394.23,,,,
12/06/2017,20:00,15.4,2.2,239,60.505,,,,
12/06/2017,21:00,14.6,2.1,244.3,52.23,,,,
12/06/2017,22:00,13.6,1.8,237.1,33.855,,,,
12/06/2017,23:00,13.1,1.8,229.6,17.64,,,,
13/06/2017,00:00,12.1,1.9,225.5,41.095,,,,
13/06/2017,01:00,11.5,2.4,220.4,10.965,,,,
13/06/2017,02:00,11.1,1.8,228.7,4.955,,,,
13/06/2017,03:00,10.8,1.6,232.9,2.435,,,,
13/06/2017,04:00,11.1,1.8,239.1,18.935,,,,
13/06/2017,05:00,12,1.9,233,70.985,,,,
13/06/2017,06:00,13.4,1.4,236.2,-17.92,,,,
13/06/2017,07:00,15.5,1.1,246.9,-17.655,,,,
13/06/2017,08:00,17.6,1.5,270.3,-2.54,,,,
13/06/2017,09:00,18.7,2,254.1,-7.59,,,,
13/06/2017,10:00,19.3,2.5,268,-7.575,,,,
13/06/2017,11:00,19.5,2.4,297.8,-10.925,,,,
13/06/2017,12:00,19.5,2.2,306.6,-11.375,,,,
13/06/2017,13:00,20.4,1.7,312.3,-28.605,,,,
13/06/2017,14:00,20.5,1.6,331.5,-12.935,,,,
13/06/2017,15:00,20.6,1.9,336.6,-46.74,,,,
13/06/2017,16:00,20.5,2.1,326.8,-23.91,,,,
13/06/2017,17:00,20.5,2.4,7.8,-69.615,,,,
13/06/2017,18:00,20.2,2.9,1.6,-268.735,,,,
13/06/2017,19:00,18.9,2.6,1.3,276.71,,,,
13/06/2017,20:00,17.4,2.4,19.5,12.785,,,,
13/06/2017,21:00,15.9,2.2,28.4,-871.47,,,,
13/06/2017,22:00,14.5,2.2,41,-7.185,,,,
13/06/2017,23:00,13.7,2.4,39.6,-28.205,,,,
14/06/2017,00:00,13.8,2.3,47.5,-20.46,,,,
14/06/2017,01:00,13.1,1.9,66.6,-8.65,,,,
14/06/2017,02:00,12.2,1.7,83.9,10.44,,,,
14/06/2017,03:00,11.6,1.6,87.3,-28.72,,,,
14/06/2017,04:00,12.3,2,80.4,2.87,,,,
14/06/2017,05:00,14.1,1.6,91.1,33.935,,,,
14/06/2017,06:00,16.7,1.6,78.2,-26.37,,,,
14/06/2017,07:00,18.9,2.5,78.1,-7.775,,,,
14/06/2017,08:00,20.2,2.7,90.2,-19.7,,,,
14/06/2017,09:00,21.2,3,100.1,-97.265,,,,
14/06/2017,10:00,22.1,3.1,95.9,-25.975,,,,
14/06/2017,11:00,23,2.6,94.6,-152.58,,,,
14/06/2017,12:00,23.7,2.7,97.7,-49.165,,,,
14/06/2017,13:00,24.7,2.1,84.8,-27.755,,,,
14/06/2017,14:00,25.1,2.6,104.4,-6.87,,,,
14/06/2017,15:00,25.2,2.3,94.3,-17.81,,,,
14/06/2017,16:00,25.4,2.1,100.7,-41.035,,,,
14/06/2017,17:00,25.3,2.2,86.6,-9.64,,,,
14/06/2017,18:00,24.4,2,86.6,-26.4,,,,
14/06/2017,19:00,21.8,1.4,83.8,23,,,,
14/06/2017,20:00,19.8,1.6,78.8,1.48,,,,
14/06/2017,21:00,18.5,1.9,73.3,-5.495,,,,
14/06/2017,22:00,18.3,2,84.2,24.05,,,,
14/06/2017,23:00,18.1,2.1,90.1,-26.995,,,,
15/06/2017,00:00,17.8,2.2,98.2,5.39,,,,
15/06/2017,01:00,17.1,2.2,115.9,7.78,,,,
15/06/2017,02:00,16.9,2.7,128.3,6.53,,,,
15/06/2017,03:00,17.3,2.9,139.1,19.87,,,,
15/06/2017,04:00,17.9,2.3,139.5,9.535,,,,
15/06/2017,05:00,19.2,2.8,163.4,11.145,,,,
15/06/2017,06:00,21.8,3,185.9,-1576.35,,,,
15/06/2017,07:00,24.5,3.7,198.7,-39.655,,,,
15/06/2017,08:00,26,4.3,208.1,-30.675,,,,
15/06/2017,09:00,26.2,4,240.5,-49.1,,,,
15/06/2017,10:00,25.9,3.9,248.8,-15.915,,,,
15/06/2017,11:00,26.3,4.4,255.8,-14.47,,,,
15/06/2017,12:00,25.9,4.9,264.3,-8.265,,,,
15/06/2017,13:00,26.8,4.9,255.5,-74.02,,,,
15/06/2017,14:00,26.7,5.1,262.9,-9.315,,,,
15/06/2017,15:00,26.4,5.5,268.6,-37.675,,,,
15/06/2017,16:00,25.4,5.4,254.1,-33.19,,,,
15/06/2017,17:00,24.1,4.9,258.8,-68.035,,,,
15/06/2017,18:00,22.3,5,260.6,-264.045,,,,
15/06/2017,19:00,19.9,5.3,254.7,193.84,,,,
15/06/2017,20:00,18.3,4.7,252.3,-1041.81,,,,
15/06/2017,21:00,17.2,4,248.1,59.325,,,,
15/06/2017,22:00,16.3,3.6,242.9,46.43,,,,
15/06/2017,23:00,15.8,3.8,245.7,102.15,,,,
16/06/2017,00:00,14.8,3,241.8,160.945,,,,
16/06/2017,01:00,14.1,2.9,243.6,68.095,,,,
16/06/2017,02:00,13.4,2.7,248.4,37.11,,,,
16/06/2017,03:00,13,2.6,245.6,36.53,,,,
16/06/2017,04:00,12.8,2.4,243,26.715,,,,
16/06/2017,05:00,13.6,2.3,248.7,61.005,,,,
16/06/2017,06:00,15,2.8,270.5,-58.17,,,,
16/06/2017,07:00,16.3,3.2,278.1,-42.32,,,,
16/06/2017,08:00,17.2,3.6,274.7,-22.875,,,,
16/06/2017,09:00,17.4,3.5,278.3,-41.28,,,,
16/06/2017,10:00,17.9,3.4,266.5,-37.7,,,,
16/06/2017,11:00,18.7,3.9,278.1,-27.78,,,,
16/06/2017,12:00,18.9,4.6,289,-8.935,,,,
16/06/2017,13:00,19.4,4.5,298.4,-20.495,,,,
16/06/2017,14:00,19.7,5,302.7,-26.765,,,,
16/06/2017,15:00,19.5,4.5,313.7,-42.35,,,,
16/06/2017,16:00,19,4.4,318.5,-70.62,,,,
16/06/2017,17:00,19,4,312.8,-64.705,,,,
16/06/2017,18:00,18.4,3.8,314.1,-65.805,,,,
16/06/2017,19:00,17.3,2.7,321.9,49.18,,,,
16/06/2017,20:00,15.7,1.3,337.8,49.18,,,,
16/06/2017,21:00,14.2,0.9,189.3,-23.33,,,,
16/06/2017,22:00,13,1.1,197,1.29,,,,
16/06/2017,23:00,12.8,1.5,208.8,4.92,,,,
17/06/2017,00:00,13.9,1.4,204.4,-91.025,,,,
17/06/2017,01:00,14.7,1.4,227.9,-6.58,,,,
17/06/2017,02:00,15,1.5,231.1,24.13,,,,
17/06/2017,03:00,15.1,1.8,230.4,44.97,,,,
17/06/2017,04:00,15.2,1.9,234.8,28.345,,,,
17/06/2017,05:00,15.7,2.3,241.6,1250.53,,,,
17/06/2017,06:00,16.5,2.2,250.3,-37.99,,,,
17/06/2017,07:00,17.8,2.1,264,-21.21,,,,
17/06/2017,08:00,19.9,2.3,282.4,-29.255,,,,
17/06/2017,09:00,20.9,2.5,309.4,-17.995,,,,
17/06/2017,10:00,21.3,3.3,319.1,-15.805,,,,
17/06/2017,11:00,22,3.9,324.1,-34.81,,,,
17/06/2017,12:00,22.5,3.7,321.4,-40.36,,,,
17/06/2017,13:00,23,3.3,328.3,-24.82,,,,
17/06/2017,14:00,24,3,334.2,-17.52,,,,
17/06/2017,15:00,24.6,2.8,351.2,-16.065,,,,
17/06/2017,16:00,24.6,2.7,5.2,-11.435,,,,
17/06/2017,17:00,24.4,2.8,349.6,-8.6,,,,
17/06/2017,18:00,23.6,3.2,350.1,-28.81,,,,
17/06/2017,19:00,22,3.2,351.7,425.75,,,,
17/06/2017,20:00,20.7,2.9,6.3,43.32,,,,
17/06/2017,21:00,19.5,2.4,11.3,13.945,,,,
17/06/2017,22:00,18.2,1.9,27.3,-15.59,,,,
17/06/2017,23:00,16.8,2,45,-52.185,,,,
18/06/2017,00:00,16.2,1.8,68,-4.15,,,,
18/06/2017,01:00,15.5,1.9,62.5,139.085,,,,
18/06/2017,02:00,15.1,1.9,70.1,46.38,,,,
18/06/2017,03:00,15,1.8,64.7,26.83,,,,
18/06/2017,04:00,15.6,1.9,65,5.35,,,,
18/06/2017,05:00,17.1,1.9,58.3,16,,,,
18/06/2017,06:00,18.8,1.5,69.4,-235.96,,,,
18/06/2017,07:00,21,1.4,77.4,-21.955,,,,
18/06/2017,08:00,22.5,1.5,69.7,-10.405,,,,
18/06/2017,09:00,23.7,1.5,28.7,-65.05,,,,
18/06/2017,10:00,24.5,1.7,54,-32.125,,,,
18/06/2017,11:00,25.3,1.9,88.6,-4.34,,,,
18/06/2017,12:00,26.1,2.5,85.5,-4.995,,,,
18/06/2017,13:00,26.4,2.8,66.7,-9.47,,,,
18/06/2017,14:00,27.2,2.4,83.9,-18.725,,,,
18/06/2017,15:00,27.3,2.5,78.5,-15.685,,,,
18/06/2017,16:00,27,2.6,103.6,-40.39,,,,
18/06/2017,17:00,26.9,2.3,96.2,-23.17,,,,
18/06/2017,18:00,26.1,1.8,94.5,-100.02,,,,
18/06/2017,19:00,24.3,1.9,75.2,28.52,,,,
18/06/2017,20:00,22.5,2.2,67.1,-15.83,,,,
18/06/2017,21:00,20.7,2.1,70.2,-7.335,,,,
18/06/2017,22:00,20,2.3,68.4,-4.895,,,,
18/06/2017,23:00,20.1,2.6,72.4,-8.92,,,,
19/06/2017,00:00,19.3,2,97.7,13.58,,,,
19/06/2017,01:00,18.1,2,116.6,66.95,,,,
19/06/2017,02:00,17.1,1.7,116.4,-30.47,,,,
19/06/2017,03:00,16.8,1.7,109.2,1.01,,,,
19/06/2017,04:00,16.7,1.7,112.9,14.925,,,,
19/06/2017,05:00,18.8,1.6,112.7,10.67,,,,
19/06/2017,06:00,22,1.6,116.2,-3.465,,,,
19/06/2017,07:00,24,1.7,123.6,-16.99,,,,
19/06/2017,08:00,25.6,1.9,101.2,-16.49,,,,
19/06/2017,09:00,26.7,2.5,84.8,-13.46,,,,
19/06/2017,10:00,27.3,2.4,112,-53.99,,,,
19/06/2017,11:00,28.3,1.8,66.4,-33.115,,,,
19/06/2017,12:00,29.2,1.9,70.4,-59.135,,,,
19/06/2017,13:00,29.7,2.4,126.2,-103.215,,,,
19/06/2017,14:00,30.2,1.7,103.1,-91.195,,,,
19/06/2017,15:00,30.5,1.9,151.9,414.53,,,,
19/06/2017,16:00,30.5,1.8,120.4,-24.115,,,,
19/06/2017,17:00,30.1,1.4,165.2,-13.825,,,,
19/06/2017,18:00,29,0.9,68.3,16.4,,,,
19/06/2017,19:00,26.7,2,13.8,-35.49,,,,
19/06/2017,20:00,25.9,2.9,359.5,366.295,,,,
19/06/2017,21:00,24.8,3.1,13.2,19.735,,,,
19/06/2017,22:00,23.7,2.7,12.5,15.76,,,,
19/06/2017,23:00,22.9,2.8,20.9,33.16,,,,
20/06/2017,00:00,22.2,2.8,24,18.33,,,,
20/06/2017,01:00,21.6,3.1,41.2,31.37,,,,
20/06/2017,02:00,21,3.2,36,29.85,,,,
20/06/2017,03:00,20.2,2.4,34.4,61.03,,,,
20/06/2017,04:00,20.1,3.2,52.1,42.495,,,,
20/06/2017,05:00,20.8,2.5,61.2,85.19,,,,
20/06/2017,06:00,22.7,1.4,68.9,-92.465,,,,
20/06/2017,07:00,25.3,1.5,57.2,-21.64,,,,
20/06/2017,08:00,26.8,2.6,35.1,-26.76,,,,
20/06/2017,09:00,28.2,2.8,53.8,-11.09,,,,
20/06/2017,10:00,29.3,3.1,24.9,-16.25,,,,
20/06/2017,11:00,29.8,2.6,32.5,-12.385,,,,
20/06/2017,12:00,29.9,2.5,17.5,-20.195,,,,
20/06/2017,13:00,30.2,2.4,21.2,-37.19,,,,
20/06/2017,14:00,30.7,2.6,53.1,-37.19,,,,
20/06/2017,15:00,30,2.7,52.1,-9.14,,,,
20/06/2017,16:00,29.5,2.7,27.7,-59.15,,,,
20/06/2017,17:00,29.7,3.1,28.4,-718.64,,,,
20/06/2017,18:00,28.7,4,33.2,-51.505,,,,
20/06/2017,19:00,27.1,3.8,35.4,605.485,,,,
20/06/2017,20:00,25.6,3.9,49.7,81.925,,,,
20/06/2017,21:00,24.5,4.2,52.5,95.415,,,,
20/06/2017,22:00,23.1,3.8,68,146.345,,,,
20/06/2017,23:00,22,3.5,78,102.975,,,,
21/06/2017,00:00,21.2,3.2,69.5,59.305,,,,
21/06/2017,01:00,20.4,3.2,66.1,51.74,,,,
21/06/2017,02:00,19.6,3,62,144.5,,,,
21/06/2017,03:00,18.7,2.5,69.2,144.5,,,,
21/06/2017,04:00,18.3,2.3,75,140.625,,,,
21/06/2017,05:00,18.7,2.3,85.7,204.41,,,,
21/06/2017,06:00,20,3,80.1,-55.94,,,,
21/06/2017,07:00,21.8,2.1,76.4,-53.695,,,,
21/06/2017,08:00,23.9,2.3,90,-100.315,,,,
21/06/2017,09:00,25.8,2.4,58.2,-11.69,,,,
21/06/2017,10:00,27.6,2.3,86.9,-10.99,,,,
21/06/2017,11:00,28.9,2.4,105.6,-23.94,,,,
21/06/2017,12:00,29.8,2.3,141.3,-11.94,,,,
21/06/2017,13:00,30.6,2.2,107.6,-6.945,,,,
21/06/2017,14:00,31,2.4,128,-15.535,,,,
21/06/2017,15:00,31.2,2.1,153,-9.705,,,,
21/06/2017,16:00,31.4,1.8,153.3,-10.67,,,,
21/06/2017,17:00,31.4,1.2,319.7,-8.03,,,,
21/06/2017,18:00,30.9,1.7,316.1,-24.945,,,,
21/06/2017,19:00,28.2,1.9,61.8,6.765,,,,
21/06/2017,20:00,25.5,1.5,95.7,-5.78,,,,
21/06/2017,21:00,24,1.6,119.1,-15.13,,,,
21/06/2017,22:00,23.1,2.1,122.6,7.34,,,,
21/06/2017,23:00,22.8,3.5,132,-160.83,,,,
22/06/2017,00:00,23.7,4.3,145.4,7.44,,,,
22/06/2017,01:00,24.2,4.5,157.9,11.185,,,,
22/06/2017,02:00,23.9,4.8,162.2,16.365,,,,
22/06/2017,03:00,24,4.6,166.4,27.31,,,,
22/06/2017,04:00,23.5,2.1,215.2,25.48,,,,
22/06/2017,05:00,24.8,2.6,214.8,19.625,,,,
22/06/2017,06:00,25.9,3,231,100.585,,,,
22/06/2017,07:00,26.9,3.1,236.1,-66.71,,,,
22/06/2017,08:00,28.2,3.5,242.2,-23.76,,,,
22/06/2017,09:00,29.3,3.6,250.8,-28.16,,,,
22/06/2017,10:00,30.3,3.6,235.8,-16.13,,,,
22/06/2017,11:00,31.6,4,229.3,-15.34,,,,
22/06/2017,12:00,32.2,4.9,245.8,-13.495,,,,
22/06/2017,13:00,31.6,6.1,253.4,-26.115,,,,
22/06/2017,14:00,30.4,5.9,255.1,-56.23,,,,
22/06/2017,15:00,27.6,5.8,257.2,-59.96,,,,
22/06/2017,16:00,24.8,6.9,255.3,-77.905,,,,
22/06/2017,17:00,24,5.6,257.1,-82.13,,,,
22/06/2017,18:00,22.2,5.1,278.1,-64.6,,,,
22/06/2017,19:00,20.9,4.2,268.7,-64.6,,,,
22/06/2017,20:00,19.7,3.8,263.4,273.41,,,,
22/06/2017,21:00,18.6,3.4,251.1,273.41,,,,
22/06/2017,22:00,17.8,3.2,246.7,69.19,,,,
22/06/2017,23:00,17,2.1,234.1,55.295,,,,
23/06/2017,00:00,16.6,2.5,233.1,54.25,,,,
23/06/2017,01:00,16.6,2.4,228.4,46.845,,,,
23/06/2017,02:00,16.3,2.5,233.4,157.31,,,,
23/06/2017,03:00,15.7,2.1,228.8,76.135,,,,
23/06/2017,04:00,15.9,2.9,225.3,33.005,,,,
23/06/2017,05:00,16.3,3,227.8,-351.73,,,,
23/06/2017,06:00,17,3.7,223,-149.325,,,,
23/06/2017,07:00,18,3.7,229.4,-39.23,,,,
23/06/2017,08:00,19.2,3.9,241.1,-31.19,,,,
23/06/2017,09:00,20.4,4,244.4,-38.33,,,,
23/06/2017,10:00,21.3,4.6,241.9,-22.27,,,,
23/06/2017,11:00,21.7,4.8,233.6,-17.11,,,,
23/06/2017,12:00,22.5,4.8,233.6,-27.05,,,,
23/06/2017,13:00,23.1,5.7,235.3,-27.05,,,,
23/06/2017,14:00,23.2,5.6,247.4,-52.1,,,,
23/06/2017,15:00,22.9,5,237.8,-51.43,,,,
23/06/2017,16:00,22.1,5,234,-50.76,,,,
23/06/2017,17:00,21.4,4.6,236,-49.02,,,,
23/06/2017,18:00,20.2,4.8,245.7,-76.36,,,,
23/06/2017,19:00,18.2,4.3,238.8,141.51,,,,
23/06/2017,20:00,17.1,3.7,233.9,146.86,,,,
23/06/2017,21:00,16.3,3.3,235.3,45.345,,,,
23/06/2017,22:00,15.8,3.1,232.5,86.215,,,,
23/06/2017,23:00,15.2,3.4,234.2,102.085,,,,
24/06/2017,00:00,14.8,3.6,231.4,31.05,,,,
24/06/2017,01:00,14.5,3.3,234.3,112.07,,,,
24/06/2017,02:00,14.1,3.6,229.7,35.545,,,,
24/06/2017,03:00,13.8,3.8,224.5,102.865,,,,
24/06/2017,04:00,14.7,4.1,216.9,77.795,,,,
24/06/2017,05:00,15.5,5,219.1,-14640.4,,,,
24/06/2017,06:00,15.8,5.1,222.2,-459.22,,,,
24/06/2017,07:00,16.2,4.7,224.9,-401.395,,,,
24/06/2017,08:00,16.9,4.4,227.6,-86.445,,,,
24/06/2017,09:00,17.9,4.3,223.1,-58.58,,,,
24/06/2017,10:00,18.2,4.7,230.1,-59.9,,,,
24/06/2017,11:00,18.5,4.4,232.2,-166.23,,,,
24/06/2017,12:00,19.1,4.1,237.6,-45.37,,,,
24/06/2017,13:00,19.8,4,240.1,-102.935,,,,
24/06/2017,14:00,20.3,4,247.1,-36.255,,,,
24/06/2017,15:00,21.1,4.1,248.5,-71.69,,,,
24/06/2017,16:00,21.2,4.4,248.4,-29.96,,,,
24/06/2017,17:00,20.5,3.9,255.4,-78.865,,,,
24/06/2017,18:00,19.8,4.2,248.1,-133.34,,,,
24/06/2017,19:00,19.2,4.8,249.3,3403.69,,,,
24/06/2017,20:00,18.2,3.7,242.6,-955.995,,,,
24/06/2017,21:00,17.8,3.5,230.5,-1411.47,,,,
24/06/2017,22:00,17.8,3.7,232.1,285.25,,,,
24/06/2017,23:00,17.6,3.5,232.2,350.86,,,,
25/06/2017,00:00,17,3.6,229.2,524.245,,,,
25/06/2017,01:00,16.3,4,221.7,301.23,,,,
25/06/2017,02:00,16.3,3.7,228.3,301.23,,,,
25/06/2017,03:00,16.4,3.3,235.9,301.23,,,,
25/06/2017,04:00,16.1,4.4,243.2,301.23,,,,
25/06/2017,05:00,16.2,4.2,237.3,381.095,,,,
25/06/2017,06:00,16.2,3.9,239.3,1528.48,,,,
25/06/2017,07:00,16.9,4.5,243.3,-1043.72,,,,
25/06/2017,08:00,17.7,4.7,241.4,-75.39,,,,
25/06/2017,09:00,18.3,4.2,239.7,-62.035,,,,
25/06/2017,10:00,19.1,4.3,233.1,-53.72,,,,
25/06/2017,11:00,20.3,4.3,234.4,-26.795,,,,
25/06/2017,12:00,21.4,5.1,237.9,-31.155,,,,
25/06/2017,13:00,21.7,5.4,239.6,-53.92,,,,
25/06/2017,14:00,21.4,4.8,240.6,-48.01,,,,
25/06/2017,15:00,21.8,6,250,-117.705,,,,
25/06/2017,16:00,20.8,5.4,247.8,-61.45,,,,
25/06/2017,17:00,19.4,4.8,250.1,-35.635,,,,
25/06/2017,18:00,19,4.9,243.3,-157.78,,,,
25/06/2017,19:00,18.5,4.5,242.9,-442.805,,,,
25/06/2017,20:00,18.2,5,248.1,802.585,,,,
25/06/2017,21:00,17.8,4.6,244.7,586.985,,,,
25/06/2017,22:00,17.1,3.9,246.1,856.855,,,,
25/06/2017,23:00,16.2,3.4,242.7,171.605,,,,
26/06/2017,00:00,15.9,3.1,239.1,109.26,,,,
26/06/2017,01:00,15.6,3.5,244.2,126.865,,,,
26/06/2017,02:00,15.5,2.8,241.1,-975.36,,,,
26/06/2017,03:00,15.4,2.5,246.2,-1799.98,,,,
26/06/2017,04:00,15.5,1.9,241.8,-139.09,,,,
26/06/2017,05:00,16,1.8,250.8,-120.755,,,,
26/06/2017,06:00,16.6,2,270.9,-51.81,,,,
26/06/2017,07:00,17.4,2,292.5,-34.02,,,,
26/06/2017,08:00,17.4,2.8,347.5,-16.23,,,,
26/06/2017,09:00,18.9,1.9,326.5,-29.105,,,,
26/06/2017,10:00,20.2,2,257.5,-4.475,,,,
26/06/2017,11:00,20.8,2.2,277.5,-6.23,,,,
26/06/2017,12:00,21.3,1.6,311.3,-8.035,,,,
26/06/2017,13:00,22.4,2.5,348.4,-16.485,,,,
26/06/2017,14:00,22.9,2.3,348.9,-4.15,,,,
26/06/2017,15:00,23.3,2.6,8.5,-4.11,,,,
26/06/2017,16:00,22.9,2.9,9.7,-7.41,,,,
26/06/2017,17:00,22.8,3.1,12.7,-17.805,,,,
26/06/2017,18:00,21.8,3.9,9.1,-32.375,,,,
26/06/2017,19:00,19.8,3.8,1.2,878.15,,,,
26/06/2017,20:00,18.8,3.2,12.8,48.785,,,,
26/06/2017,21:00,18.1,3.9,28.6,58.505,,,,
26/06/2017,22:00,17.1,4.4,31.1,81.56,,,,
26/06/2017,23:00,16.4,4.1,41.8,63.77,,,,
27/06/2017,00:00,15.5,3.3,54.1,197.295,,,,
27/06/2017,01:00,15,3,59,196.92,,,,
27/06/2017,02:00,14.6,3,57.9,58.055,,,,
27/06/2017,03:00,14.3,3.1,57.4,75.99,,,,
27/06/2017,04:00,14.3,3.1,67.9,332.16,,,,
27/06/2017,05:00,14.5,2.4,84.4,596.91,,,,
27/06/2017,06:00,14.9,2.4,100,-630.23,,,,
27/06/2017,07:00,15.8,1.7,99.1,-5805.82,,,,
27/06/2017,08:00,17.2,1.8,66.6,-5805.82,,,,
27/06/2017,09:00,18.3,2.4,78,-25.845,,,,
27/06/2017,10:00,18.6,2,68.6,-52.1,,,,
27/06/2017,11:00,18.3,2.2,76.9,-12.67,,,,
27/06/2017,12:00,18,2.1,69.3,-67.015,,,,
27/06/2017,13:00,18.5,2.7,61.2,-42,,,,
27/06/2017,14:00,18.7,3,58.1,-38.035,,,,
27/06/2017,15:00,19.4,3.3,56.9,-79.865,,,,
27/06/2017,16:00,20.7,3.3,59.4,-64.365,,,,
27/06/2017,17:00,20.5,2.8,81,-53.505,,,,
27/06/2017,18:00,18.8,2.8,73.6,-61.28,,,,
27/06/2017,19:00,18.4,2.7,62.9,-61.28,,,,
27/06/2017,20:00,18.3,2.7,67.6,-61.28,,,,
27/06/2017,21:00,18.2,2.5,84.5,36.95,,,,
27/06/2017,22:00,18.1,2.5,95.5,-193.71,,,,
27/06/2017,23:00,17.9,2.1,118.3,569.29,,,,
28/06/2017,00:00,17.9,3.6,144.6,-156.355,,,,
28/06/2017,01:00,17.8,3.7,156.7,11.405,,,,
28/06/2017,02:00,18,3.6,157.7,13.02,,,,
28/06/2017,03:00,18.1,3.1,175.2,17.795,,,,
28/06/2017,04:00,18.2,2.9,201.4,21.045,,,,
28/06/2017,05:00,18.1,2.9,210,228.18,,,,
28/06/2017,06:00,18.2,3.5,201.9,-1083.915,,,,
28/06/2017,07:00,18.3,3.7,206.9,-263.21,,,,
28/06/2017,08:00,17.9,4.2,222.4,-83.365,,,,
28/06/2017,09:00,17.2,3.9,224.2,-43.27,,,,
28/06/2017,10:00,17.4,3.4,220.4,-43.27,,,,
28/06/2017,11:00,17.7,3.7,221.1,-43.27,,,,
28/06/2017,12:00,18.1,3.8,218.5,-221.22,,,,
28/06/2017,13:00,18.7,3.7,204.5,-77.665,,,,
28/06/2017,14:00,19.5,3.7,216.6,-78.355,,,,
28/06/2017,15:00,20.8,2.8,232.4,-41.52,,,,
28/06/2017,16:00,22.2,3.2,234.3,-14.945,,,,
28/06/2017,17:00,22.2,2.6,243.5,-23.535,,,,
28/06/2017,18:00,20.8,3.2,208.5,132.41,,,,
28/06/2017,19:00,18.5,3.1,206.1,-67.3,,,,
28/06/2017,20:00,17.9,2,199.4,326.15,,,,
28/06/2017,21:00,17,2,196.3,33.555,,,,
28/06/2017,22:00,16.2,2,213.8,32.265,,,,
28/06/2017,23:00,15.9,1.5,237.7,48.29,,,,
29/06/2017,00:00,16.1,1.1,251.2,78.555,,,,
29/06/2017,01:00,16.1,0.8,299.6,-147.98,,,,
29/06/2017,02:00,15.6,2.1,280,-147.98,,,,
29/06/2017,03:00,15.2,1.4,232.9,-147.98,,,,
29/06/2017,04:00,15.1,3.2,213.7,-147.98,,,,
29/06/2017,05:00,15,3.1,211.7,-539.1,,,,
29/06/2017,06:00,15.2,3.6,221.7,-539.1,,,,
29/06/2017,07:00,15.6,4,215.2,-539.1,,,,
29/06/2017,08:00,16.7,4.3,201.3,-81.74,,,,
29/06/2017,09:00,17.9,5,200.4,-45.49,,,,
29/06/2017,10:00,18.8,4.3,212.6,-40.15,,,,
29/06/2017,11:00,19.3,4.8,211.8,-43.77,,,,
29/06/2017,12:00,19.8,4.3,226.7,-61.7,,,,
29/06/2017,13:00,19.6,4.1,229.3,-46.295,,,,
29/06/2017,14:00,19.9,4,225.9,-78.855,,,,
29/06/2017,15:00,19.3,3.3,247.6,-37.85,,,,
29/06/2017,16:00,19.6,2.4,245.7,-86.86,,,,
29/06/2017,17:00,19.5,1.8,251.1,-25.055,,,,
29/06/2017,18:00,19.5,1.5,263.6,-22.605,,,,
29/06/2017,19:00,17.8,0.7,229.7,-38.76,,,,
29/06/2017,20:00,16,1.4,107.5,-0.34,,,,
29/06/2017,21:00,15.2,1.6,110.4,9.1,,,,
29/06/2017,22:00,16.5,3.6,177.4,12.165,,,,
29/06/2017,23:00,16.5,3.2,194,27.395,,,,
30/06/2017,00:00,15.4,3.8,186.4,32.855,,,,
30/06/2017,01:00,14.6,3.3,190,27.475,,,,
30/06/2017,02:00,14,3.3,189.7,35.715,,,,
30/06/2017,03:00,13.5,3.7,184,67.44,,,,
30/06/2017,04:00,13.7,3.8,183.7,27.685,,,,
30/06/2017,05:00,14.9,4.7,187.4,-48.78,,,,
30/06/2017,06:00,15.4,4.3,192.6,-539.78,,,,
30/06/2017,07:00,15.7,4,201.1,-117.845,,,,
30/06/2017,08:00,16.5,3.9,195.9,-92.18,,,,
30/06/2017,09:00,17.7,4.1,201.6,-73.69,,,,
30/06/2017,10:00,19.1,3.5,217.6,-49.635,,,,
30/06/2017,11:00,19.3,2.9,218.7,-29.03,,,,
30/06/2017,12:00,19.9,3.4,198.4,-15.92,,,,
30/06/2017,13:00,20.7,3.4,213,-29.895,,,,
30/06/2017,14:00,20.5,2.7,251.8,-8.685,,,,
30/06/2017,15:00,20.7,2.2,243.4,-19.01,,,,
30/06/2017,16:00,21.1,2.4,254.8,-11.645,,,,
30/06/2017,17:00,20.8,2,274.6,-18.6,,,,
30/06/2017,18:00,19.8,2.5,316.4,-13.99,,,,
30/06/2017,19:00,18.8,2.1,285.7,-109.72,,,,
30/06/2017,20:00,17.5,1.7,248.6,138.06,,,,
30/06/2017,21:00,16.8,1.3,260.8,25.05,,,,
30/06/2017,22:00,16.1,1.7,247.8,16.08,,,,
30/06/2017,23:00,15.8,1.9,251.9,9.59,,,,
01/07/2017,00:00,15.5,2.1,249.9,70.055,,,,
01/07/2017,01:00,15,2.2,244,143.18,,,,
01/07/2017,02:00,14.7,1.9,231.3,143.18,,,,
01/07/2017,03:00,14.4,2.8,255.4,143.18,,,,
01/07/2017,04:00,14.3,2.8,270.4,143.18,,,,
01/07/2017,05:00,14,3.5,287.5,143.18,,,,
01/07/2017,06:00,13.8,3.2,277.1,143.18,,,,
01/07/2017,07:00,13.8,3.2,272.2,143.18,,,,
01/07/2017,08:00,14.2,3.6,304.9,143.18,,,,
01/07/2017,09:00,14.9,3.3,291.9,143.18,,,,
01/07/2017,10:00,15.2,3.2,285.6,143.18,,,,
01/07/2017,11:00,15.2,3.4,303.6,-24.99,,,,
01/07/2017,12:00,15.3,3.5,311.2,-24.99,,,,
01/07/2017,13:00,15.4,4.2,317,-24.99,,,,
01/07/2017,14:00,15.4,3.8,319.1,-24.99,,,,
01/07/2017,15:00,15.9,4.1,319.6,-24.99,,,,
01/07/2017,16:00,16.8,4.8,319.8,-51.035,,,,
01/07/2017,17:00,17,4,314.9,-169.89,,,,
01/07/2017,18:00,16.9,2.7,292,-172.01,,,,
01/07/2017,19:00,16.5,2.4,287.8,-170.44,,,,
01/07/2017,20:00,16,2.6,294.6,92.71,,,,
01/07/2017,21:00,14.6,1.6,288.9,27.76,,,,
01/07/2017,22:00,13.5,1.8,245.3,-26.46,,,,
01/07/2017,23:00,12.9,2,219.1,-4.9,,,,
02/07/2017,00:00,12.6,2.1,219.5,-2.47,,,,
02/07/2017,01:00,13.8,2.3,224.7,-11.59,,,,
02/07/2017,02:00,14.4,2.7,217.7,22.015,,,,
02/07/2017,03:00,14.1,3,216,98.865,,,,
02/07/2017,04:00,14.1,3.1,219.1,152.725,,,,
02/07/2017,05:00,14.3,2.8,231,608.375,,,,
02/07/2017,06:00,14.7,3,231.4,-484.055,,,,
02/07/2017,07:00,15.6,2.9,231.2,-154.305,,,,
02/07/2017,08:00,16.7,3.2,227.9,-45,,,,
02/07/2017,09:00,16.7,3.3,225.7,-33.2,,,,
02/07/2017,10:00,16.3,3,265.1,-57.575,,,,
02/07/2017,11:00,16.4,2.3,261.5,-56.88,,,,
02/07/2017,12:00,17.1,2.1,286.9,-56.88,,,,
02/07/2017,13:00,18.4,3.1,309.8,-56.88,,,,
02/07/2017,14:00,18.1,4.3,319.8,-47.21,,,,
02/07/2017,15:00,18.2,3.6,322.3,-39.855,,,,
02/07/2017,16:00,18.5,3.9,324.2,-37.77,,,,
02/07/2017,17:00,18.2,4.1,322.1,-25.935,,,,
02/07/2017,18:00,17.2,3.7,337.9,-46.13,,,,
02/07/2017,19:00,15.9,2.8,335.7,260.47,,,,
02/07/2017,20:00,14.1,1.9,333.7,38.045,,,,
02/07/2017,21:00,12.3,1.2,359,-0.69,,,,
02/07/2017,22:00,11.3,0.7,353.3,-10.495,,,,
02/07/2017,23:00,10.8,1,147.8,11.53,,,,
03/07/2017,00:00,10.3,1.7,159.4,1.595,,,,
03/07/2017,01:00,9.9,2.1,159.8,-3.25,,,,
03/07/2017,02:00,9.9,2.1,168.6,-0.74,,,,
03/07/2017,03:00,9.8,2.1,159.4,-9.07,,,,
03/07/2017,04:00,10.5,2.1,171.6,9.545,,,,
03/07/2017,05:00,12.4,2,182,12.53,,,,
03/07/2017,06:00,15.3,2.6,195.9,-33.45,,,,
03/07/2017,07:00,17.6,3.6,217.7,-11.145,,,,
03/07/2017,08:00,19.2,3.4,222.4,-22.6,,,,
03/07/2017,09:00,19.7,3.4,227.2,-14.87,,,,
03/07/2017,10:00,20.5,3.9,232.5,-14.95,,,,
03/07/2017,11:00,20.8,4.2,231.3,-28.195,,,,
03/07/2017,12:00,20.6,3.9,235.7,-28.97,,,,
03/07/2017,13:00,21.7,4.1,238.2,-23.42,,,,
03/07/2017,14:00,22.3,4.5,237.4,-19.945,,,,
03/07/2017,15:00,22.4,4.4,249.4,-35.815,,,,
03/07/2017,16:00,22.3,3.6,242.7,-38.48,,,,
03/07/2017,17:00,21.6,4,253.9,-27.85,,,,
03/07/2017,18:00,20.6,3.4,260.1,-46.51,,,,
03/07/2017,19:00,19.2,3.7,258.2,204.1,,,,
03/07/2017,20:00,17.4,3.4,252.8,88.055,,,,
03/07/2017,21:00,16.2,2,245.8,108.075,,,,
03/07/2017,22:00,15.4,1.8,238.9,50.235,,,,
03/07/2017,23:00,14.6,1.9,231.4,17.205,,,,
04/07/2017,00:00,14.1,1.8,229.3,14.635,,,,
04/07/2017,01:00,13.9,2,229.7,6.27,,,,
04/07/2017,02:00,13.7,1.9,233.4,6.215,,,,
04/07/2017,03:00,13.7,2,239.8,11.795,,,,
04/07/2017,04:00,14.1,1.5,230.5,236.425,,,,
04/07/2017,05:00,14.4,1.6,225.5,-121.625,,,,
04/07/2017,06:00,14.5,2,209.7,-47.965,,,,
04/07/2017,07:00,14.9,2.3,204.3,-32.085,,,,
04/07/2017,08:00,15.4,3.2,190.8,-22.06,,,,
04/07/2017,09:00,15.9,2.8,181.2,-22.84,,,,
04/07/2017,10:00,16.8,2.3,195.4,-28.73,,,,
04/07/2017,11:00,18.6,1.3,221.7,-6.105,,,,
04/07/2017,12:00,20.5,1.6,219,-5.285,,,,
04/07/2017,13:00,22.2,1.7,208.7,-45.955,,,,
04/07/2017,14:00,23.3,1.7,200.8,-26.21,,,,
04/07/2017,15:00,23.7,1.9,260.2,-11.355,,,,
04/07/2017,16:00,23.1,1.4,215.9,-7.715,,,,
04/07/2017,17:00,23.4,1.3,251.8,-3.745,,,,
04/07/2017,18:00,22.7,1.5,278.7,-9.035,,,,
04/07/2017,19:00,20.8,1,183.7,71.465,,,,
04/07/2017,20:00,18.9,1.3,103.6,49.78,,,,
04/07/2017,21:00,17.6,1.1,103.8,-8.835,,,,
04/07/2017,22:00,16.9,1.2,113.5,0.66,,,,
04/07/2017,23:00,16.6,1.6,147.5,-3.36,,,,
05/07/2017,00:00,16,1,230.9,15.76,,,,
05/07/2017,01:00,14.9,0.8,200.6,2.11,,,,
05/07/2017,02:00,14.6,1.5,256.2,3.845,,,,
05/07/2017,03:00,14.3,1.4,253.3,16.08,,,,
05/07/2017,04:00,14.5,1.4,269.8,-15.8,,,,
05/07/2017,05:00,15.6,1.1,311.7,19.335,,,,
05/07/2017,06:00,18.2,2,337.8,-4.74,,,,
05/07/2017,07:00,20,1.7,319.3,-185.435,,,,
05/07/2017,08:00,21.3,1.9,303.6,-11.07,,,,
05/07/2017,09:00,22.5,1.6,252.6,-9.205,,,,
05/07/2017,10:00,23.5,1.9,266.4,-3.34,,,,
05/07/2017,11:00,24.6,2.3,258.8,-1.69,,,,
05/07/2017,12:00,25.2,2,235.2,-6.36,,,,
05/07/2017,13:00,25.7,2.2,281.2,-14.03,,,,
05/07/2017,14:00,26.2,2.1,310.8,-7.81,,,,
05/07/2017,15:00,26.7,2.7,331.9,-4.715,,,,
05/07/2017,16:00,26.3,2.7,355.9,-19.335,,,,
05/07/2017,17:00,25.6,3.6,349.4,-19.63,,,,
05/07/2017,18:00,24.1,4,5.4,-64.32,,,,
05/07/2017,19:00,22.7,3.4,7.8,173.58,,,,
05/07/2017,20:00,21.4,2.6,16.5,50.54,,,,
05/07/2017,21:00,20.5,2.7,28.3,34.505,,,,
05/07/2017,22:00,19.6,3.3,41.1,113.255,,,,
05/07/2017,23:00,18.6,2.9,49.8,62.2,,,,
06/07/2017,00:00,17.7,2.8,52,76.055,,,,
06/07/2017,01:00,17.1,2.8,54.3,33.795,,,,
06/07/2017,02:00,16.4,3,72.4,43.13,,,,
06/07/2017,03:00,16.1,2.2,88.4,21.635,,,,
06/07/2017,04:00,16.3,2,99,2.7,,,,
06/07/2017,05:00,17.3,2.4,98,8.445,,,,
06/07/2017,06:00,19.1,2.5,97.9,-18.23,,,,
06/07/2017,07:00,20.6,2.8,89.3,-139.935,,,,
06/07/2017,08:00,22.8,2.5,92.4,-6.845,,,,
06/07/2017,09:00,24.9,2.6,100.6,-51.775,,,,
06/07/2017,10:00,25.9,2.2,100.6,-36.71,,,,
06/07/2017,11:00,22.9,3.1,303.4,-27.065,,,,
06/07/2017,12:00,21.3,2.3,59.5,-12.25,,,,
06/07/2017,13:00,23.3,2.3,104.1,-12.25,,,,
06/07/2017,14:00,24.8,3.1,128.2,-14.75,,,,
06/07/2017,15:00,25.9,2.5,109,-118.425,,,,
06/07/2017,16:00,26.9,2.4,89.3,-16.35,,,,
06/07/2017,17:00,25.2,2.5,89.6,-20.375,,,,
06/07/2017,18:00,23.6,2.5,106.6,98.815,,,,
06/07/2017,19:00,22.8,3,122.9,67.635,,,,
06/07/2017,20:00,22.6,3.8,169,99.74,,,,
06/07/2017,21:00,23.2,3.8,188.4,27.285,,,,
06/07/2017,22:00,21.4,1.9,194.4,11.67,,,,
06/07/2017,23:00,19.9,1.3,230.3,6.925,,,,
07/07/2017,00:00,19,2,275.3,20.345,,,,
07/07/2017,01:00,18.6,2.3,191,-31.34,,,,
07/07/2017,02:00,18.8,3.2,198.5,9.18,,,,
07/07/2017,03:00,18.5,3,212.5,25.105,,,,
07/07/2017,04:00,18.5,3.1,221,13.165,,,,
07/07/2017,05:00,19.3,3.2,228.8,80.635,,,,
07/07/2017,06:00,20.3,2.9,241.1,-97.72,,,,
07/07/2017,07:00,21.8,3,243.8,-104.025,,,,
07/07/2017,08:00,23.4,2.8,238.6,-34.51,,,,
07/07/2017,09:00,25.2,3.7,246.1,-33.73,,,,
07/07/2017,10:00,26.4,4.3,263.8,-14.925,,,,
07/07/2017,11:00,27,5.2,276.4,-12.77,,,,
07/07/2017,12:00,27.3,4.5,283.5,-24.53,,,,
07/07/2017,13:00,27.4,4.5,290.5,-9.89,,,,
07/07/2017,14:00,27.5,3.6,282.3,-32.895,,,,
07/07/2017,15:00,27.6,3.4,294.4,-6.955,,,,
07/07/2017,16:00,27.3,3.3,302.9,-2.7,,,,
07/07/2017,17:00,26.8,2.4,307.8,-22.27,,,,
07/07/2017,18:00,26,2.2,337.6,-45.905,,,,
07/07/2017,19:00,24,2.3,17.6,73.645,,,,
07/07/2017,20:00,22.4,2.2,0.9,18.115,,,,
07/07/2017,21:00,20.5,1.2,22.1,17.61,,,,
07/07/2017,22:00,19.4,0.9,75.9,10.925,,,,
07/07/2017,23:00,18.7,1.4,233.8,3.655,,,,
08/07/2017,00:00,18,1.2,194.2,10.83,,,,
08/07/2017,01:00,17.5,1.4,223,9.595,,,,
08/07/2017,02:00,16.9,1.6,220.7,6.195,,,,
08/07/2017,03:00,16.6,1.9,232.9,2.365,,,,
08/07/2017,04:00,16.3,2,223.1,21.135,,,,
08/07/2017,05:00,16.4,2.7,223,21.275,,,,
08/07/2017,06:00,17.7,2.6,231.1,-1809.745,,,,
08/07/2017,07:00,19.2,2.7,244.1,-20.82,,,,
08/07/2017,08:00,20.8,2.8,232.4,-24.095,,,,
08/07/2017,09:00,22.8,3.5,243.2,-12.385,,,,
08/07/2017,10:00,23.9,3.4,260.7,-17.705,,,,
08/07/2017,11:00,24.4,3.5,259.7,-9.025,,,,
08/07/2017,12:00,24.8,3.6,265.4,-22.175,,,,
08/07/2017,13:00,24.6,4.2,293.8,-27.595,,,,
08/07/2017,14:00,23.3,4.8,313.6,-38.31,,,,
08/07/2017,15:00,22.8,4.1,323.2,-91,,,,
08/07/2017,16:00,22.3,3.8,333.5,-54.12,,,,
08/07/2017,17:00,21.9,3.8,336.1,-93.3,,,,
08/07/2017,18:00,21.4,3.5,340.6,-72.88,,,,
08/07/2017,19:00,20,3.2,341.4,-329.335,,,,
08/07/2017,20:00,19,2.9,344.3,71.84,,,,
08/07/2017,21:00,18.3,1.9,349.9,40.07,,,,
08/07/2017,22:00,17.5,2.1,0.4,22.18,,,,
08/07/2017,23:00,17.2,2.6,15.2,13.37,,,,
09/07/2017,00:00,16.4,2.1,26.9,51.445,,,,
09/07/2017,01:00,15.7,2.5,43.7,93.655,,,,
09/07/2017,02:00,15,2.4,57.4,41.67,,,,
09/07/2017,03:00,14.6,2.7,55.9,50.16,,,,
09/07/2017,04:00,14.5,2.4,60.4,11.055,,,,
09/07/2017,05:00,15.4,2,69.2,70.99,,,,
09/07/2017,06:00,17.3,2.6,51.7,-92.195,,,,
09/07/2017,07:00,18.8,3.1,49.3,-47.215,,,,
09/07/2017,08:00,19.9,2.2,63.2,-19.485,,,,
09/07/2017,09:00,20.7,1.8,67.7,-52.125,,,,
09/07/2017,10:00,21.9,1.9,54.1,-11.42,,,,
09/07/2017,11:00,22.9,2.2,65,-4.24,,,,
09/07/2017,12:00,23.7,2.2,45.1,-17.48,,,,
09/07/2017,13:00,24.6,1.8,78.9,-13.92,,,,
09/07/2017,14:00,24.9,2.3,86.8,-15.33,,,,
09/07/2017,15:00,24.5,2.4,85.9,-27.225,,,,
09/07/2017,16:00,24.3,2.7,48.6,-52.925,,,,
09/07/2017,17:00,23.5,2.3,67.4,-89.325,,,,
09/07/2017,18:00,22.7,2.8,53.5,202.53,,,,
09/07/2017,19:00,21.9,3.4,35.5,126.14,,,,
09/07/2017,20:00,20.8,3.5,40.8,161.9,,,,
09/07/2017,21:00,19.8,2.5,55.3,81.63,,,,
09/07/2017,22:00,19.5,2.2,54.7,18.895,,,,
09/07/2017,23:00,18.6,1.6,62.5,67.02,,,,
10/07/2017,00:00,18.6,2.3,49,49.095,,,,
10/07/2017,01:00,18.1,1.5,59.4,81.52,,,,
10/07/2017,02:00,17.6,1.6,45.2,115.83,,,,
10/07/2017,03:00,17.3,1.6,38.2,32.62,,,,
10/07/2017,04:00,17.4,1.5,75.4,-47.31,,,,
10/07/2017,05:00,17.5,1.7,114.7,1390.94,,,,
10/07/2017,06:00,18.2,1.1,138.7,-58.15,,,,
10/07/2017,07:00,20.5,1.7,181,-35.59,,,,
10/07/2017,08:00,22.1,2.1,246.7,-5.685,,,,
10/07/2017,09:00,23.1,3.1,235.4,-18.485,,,,
10/07/2017,10:00,22.4,5.1,241.5,-21.72,,,,
10/07/2017,11:00,21.3,5.6,256.9,-41.755,,,,
10/07/2017,12:00,19.5,3.8,243,-62.645,,,,
10/07/2017,13:00,18.4,1.9,225.4,-11.1,,,,
10/07/2017,14:00,19.3,2.4,226.2,-11.1,,,,
10/07/2017,15:00,20.3,3,205,-10.735,,,,
10/07/2017,16:00,20.4,3.2,216.8,-27.66,,,,
10/07/2017,17:00,20.6,3.3,226,-82.95,,,,
10/07/2017,18:00,20.6,2.9,239.4,814.74,,,,
10/07/2017,19:00,19.5,3.4,245.6,-252.025,,,,
10/07/2017,20:00,18.1,2.7,242,147.225,,,,
10/07/2017,21:00,17,3,241.9,62.97,,,,
10/07/2017,22:00,16,3,217.7,77.805,,,,
10/07/2017,23:00,15.6,3.6,211,455.925,,,,
11/07/2017,00:00,15.2,3.7,206.1,66.47,,,,
11/07/2017,01:00,14.9,4.1,212.6,29.785,,,,
11/07/2017,02:00,14.7,3.7,217,126.085,,,,
11/07/2017,03:00,14.5,3.7,220.8,95.35,,,,
11/07/2017,04:00,14.5,4.1,222.3,127.41,,,,
11/07/2017,05:00,14.8,4.1,223,1317.91,,,,
11/07/2017,06:00,16,3.5,226.9,-472.03,,,,
11/07/2017,07:00,17.2,3.8,223,-81.56,,,,
11/07/2017,08:00,18.6,3.7,227,-29.155,,,,
11/07/2017,09:00,19.1,4.5,231.4,-29.775,,,,
11/07/2017,10:00,19.3,4.6,220.1,-68.99,,,,
11/07/2017,11:00,20.2,4.1,217.2,-30.355,,,,
11/07/2017,12:00,20.4,3.7,226.2,-24.59,,,,
11/07/2017,13:00,21.1,3.5,223.5,-14.75,,,,
11/07/2017,14:00,21.1,3.1,225.1,-36.93,,,,
11/07/2017,15:00,21,3.1,222.2,-62.19,,,,
11/07/2017,16:00,20.4,2.7,276.8,-103.31,,,,
11/07/2017,17:00,20,1.7,291.1,-107.605,,,,
11/07/2017,18:00,19.2,1.7,248.6,-38.61,,,,
11/07/2017,19:00,17,1.2,278.5,-72.45,,,,
11/07/2017,20:00,16.6,1.2,248.1,-72.45,,,,
11/07/2017,21:00,16.4,1.6,95.3,-72.45,,,,
11/07/2017,22:00,16.3,1.4,114.7,-72.45,,,,
11/07/2017,23:00,16.2,1.1,135.8,4510.885,,,,
12/07/2017,00:00,16,0.9,114.1,-58.81,,,,
12/07/2017,01:00,15.8,2.6,143.8,-58.81,,,,
12/07/2017,02:00,15.5,3.6,192,-58.81,,,,
12/07/2017,03:00,15.2,4.3,193.4,-58.81,,,,
12/07/2017,04:00,15.3,4.8,194.3,-58.81,,,,
12/07/2017,05:00,15.5,5,204.1,-58.81,,,,
12/07/2017,06:00,15.8,5,204.4,-58.81,,,,
12/07/2017,07:00,16.3,5.1,207.3,-58.81,,,,
12/07/2017,08:00,16.6,5.6,232,-961.52,,,,
12/07/2017,09:00,18,5,236,-961.52,,,,
12/07/2017,10:00,18.5,4.7,248.5,-684.53,,,,
12/07/2017,11:00,17.5,6.4,330.7,-466.64,,,,
12/07/2017,12:00,17.3,5.5,338.5,-394.12,,,,
12/07/2017,13:00,17.8,5.3,336.3,-132.085,,,,
12/07/2017,14:00,18.1,5.5,330.7,-260.955,,,,
12/07/2017,15:00,18.8,5.8,328.9,-139.09,,,,
12/07/2017,16:00,18.8,6.1,338.4,-71.93,,,,
12/07/2017,17:00,17.9,5.8,337.7,-65.43,,,,
12/07/2017,18:00,16.9,4.7,335.7,-134.295,,,,
12/07/2017,19:00,15.7,4.1,336.8,231.35,,,,
12/07/2017,20:00,14.8,3.1,335.8,61.575,,,,
12/07/2017,21:00,14,2.7,342.1,28.5,,,,
12/07/2017,22:00,12.8,1.9,350.5,17.26,,,,
12/07/2017,23:00,11.8,1.9,6.5,4.895,,,,
13/07/2017,00:00,10.6,1.6,36.7,4.37,,,,
13/07/2017,01:00,9.7,1.8,28.8,3.75,,,,
13/07/2017,02:00,9.4,1.4,16.4,-2.08,,,,
13/07/2017,03:00,9,1.6,37,-559.13,,,,
13/07/2017,04:00,9.1,1.8,53.7,10.77,,,,
13/07/2017,05:00,11,1.3,61.5,1.845,,,,
13/07/2017,06:00,13.6,1.6,94.4,-7.085,,,,
13/07/2017,07:00,15.4,2.2,110.8,-91.52,,,,
13/07/2017,08:00,16.2,2,109.8,-12.275,,,,
13/07/2017,09:00,17,1.9,78.1,-25.985,,,,
13/07/2017,10:00,18.3,2.3,123.2,-23.2,,,,
13/07/2017,11:00,19.2,2.4,139.3,-11.025,,,,
13/07/2017,12:00,19.9,2.3,117.4,-2.29,,,,
13/07/2017,13:00,20.5,2.2,115.1,-16.56,,,,
13/07/2017,14:00,21,2,77.1,-43.645,,,,
13/07/2017,15:00,21.5,2.3,251.4,-6.945,,,,
13/07/2017,16:00,21.2,1.7,278.6,-13.935,,,,
13/07/2017,17:00,21,1.8,356.3,-47.41,,,,
13/07/2017,18:00,20.3,2.3,23.3,89.6,,,,
13/07/2017,19:00,18.5,2.2,55.9,90.05,,,,
13/07/2017,20:00,16.8,2.1,63.3,31.49,,,,
13/07/2017,21:00,16.4,1.5,76.5,-13.4,,,,
13/07/2017,22:00,16.1,1.5,84.2,2.82,,,,
13/07/2017,23:00,15.5,1.1,56.5,-100.435,,,,
14/07/2017,00:00,14.3,1.2,290.1,6.12,,,,
14/07/2017,01:00,13.9,1.7,297.3,5.35,,,,
14/07/2017,02:00,13.2,1.7,297.8,-38.465,,,,
14/07/2017,03:00,12.7,1.7,277,-5.99,,,,
14/07/2017,04:00,12.4,1.7,260.2,1.01,,,,
14/07/2017,05:00,13.2,1.5,237.5,4.765,,,,
14/07/2017,06:00,15.2,1.7,233.3,69.42,,,,
14/07/2017,07:00,17.5,3.2,241.8,-7.07,,,,
14/07/2017,08:00,18.8,3.2,238,-45.535,,,,
14/07/2017,09:00,19.9,5,261,-14.87,,,,
14/07/2017,10:00,20.2,4.7,249.9,-50.1,,,,
14/07/2017,11:00,19.1,4.6,245.3,-32.485,,,,
14/07/2017,12:00,20,4.7,265,-32.69,,,,
14/07/2017,13:00,17.3,5.7,314.7,-31.275,,,,
14/07/2017,14:00,18.3,5.1,319.9,-29.86,,,,
14/07/2017,15:00,18.2,5.6,322.1,-54.58,,,,
14/07/2017,16:00,18,5,318.8,-159.445,,,,
14/07/2017,17:00,17.3,4,324.1,50575,,,,
14/07/2017,18:00,17.2,3.5,322.8,-3233.76,,,,
14/07/2017,19:00,16.7,3.3,322.8,320.525,,,,
14/07/2017,20:00,15.9,2.8,316,153.555,,,,
14/07/2017,21:00,15.4,2.3,321.4,33.065,,,,
14/07/2017,22:00,13.8,1.3,281.8,14.185,,,,
14/07/2017,23:00,12.5,1.3,216.2,-2.63,,,,
15/07/2017,00:00,11.7,1.4,217.9,1.885,,,,
15/07/2017,01:00,11.3,1.6,229.6,2.82,,,,
15/07/2017,02:00,12.2,1.2,219.7,-2.5,,,,
15/07/2017,03:00,12.3,1.2,220.8,14.86,,,,
15/07/2017,04:00,12.8,1.3,222.6,-3.89,,,,
15/07/2017,05:00,13.9,1.5,216.5,48.61,,,,
15/07/2017,06:00,15.2,1.6,228.9,-47.01,,,,
15/07/2017,07:00,16.2,1.9,219.9,-26.05,,,,
15/07/2017,08:00,17.9,2.4,229.5,-7.31,,,,
15/07/2017,09:00,18.8,2.7,237.9,-6.865,,,,
15/07/2017,10:00,19.2,2.5,233.2,-14,,,,
15/07/2017,11:00,19.8,2.7,241.5,-14.71,,,,
15/07/2017,12:00,20.4,2.8,244.3,-10.185,,,,
15/07/2017,13:00,21.1,2.8,228.9,-35.66,,,,
15/07/2017,14:00,21.5,2.8,234.3,-41.515,,,,
15/07/2017,15:00,21.6,2.8,239,-20.795,,,,
15/07/2017,16:00,21.5,2.3,232,-44.13,,,,
15/07/2017,17:00,21.4,2.2,246.2,972.01,,,,
15/07/2017,18:00,20.8,3,266,125.285,,,,
15/07/2017,19:00,19.7,2,260.8,125.23,,,,
15/07/2017,20:00,19.1,2.2,243.2,44.27,,,,
15/07/2017,21:00,18.5,2.3,250.3,45.64,,,,
15/07/2017,22:00,16,2.6,218.5,287.065,,,,
15/07/2017,23:00,15.2,2.6,204.4,448.61,,,,
16/07/2017,00:00,15.3,2.2,204.4,308.29,,,,
16/07/2017,01:00,15.3,2.4,214.4,137.91,,,,
16/07/2017,02:00,15.6,2.2,211.4,93.93,,,,
16/07/2017,03:00,15.8,2.4,214.2,50.705,,,,
16/07/2017,04:00,15.9,2.6,211.8,139.76,,,,
16/07/2017,05:00,16.3,2.4,216.2,-305.21,,,,
16/07/2017,06:00,16.9,2.2,226.5,-472.775,,,,
16/07/2017,07:00,17.4,2.3,238.4,-22.14,,,,
16/07/2017,08:00,17.8,2.6,233.4,-38.23,,,,
16/07/2017,09:00,18.2,2.7,239,-100.21,,,,
16/07/2017,10:00,18.5,2.9,251.6,-49.22,,,,
16/07/2017,11:00,19.3,2.4,244.7,-109.71,,,,
16/07/2017,12:00,20.5,3.2,229,-5.64,,,,
16/07/2017,13:00,21.1,2.9,230.5,-21.035,,,,
16/07/2017,14:00,21.3,2.3,245.2,-46.445,,,,
16/07/2017,15:00,21.8,2.2,248.4,-38.7,,,,
16/07/2017,16:00,22.1,1.9,263.6,-25.84,,,,
16/07/2017,17:00,22.5,2.1,255.4,-8.135,,,,
16/07/2017,18:00,22.1,1.4,261.6,-55.93,,,,
16/07/2017,19:00,21,1.3,261.4,71.715,,,,
16/07/2017,20:00,19.3,1.1,243.6,25.165,,,,
16/07/2017,21:00,18.1,1,186.3,1.04,,,,
16/07/2017,22:00,17.6,1.6,218.4,13.07,,,,
16/07/2017,23:00,17.6,1.2,252.9,-7.01,,,,
17/07/2017,00:00,17,0.9,264.8,8.695,,,,
17/07/2017,01:00,16.5,1.2,269,-6.41,,,,
17/07/2017,02:00,16.4,1.4,253.6,123.35,,,,
17/07/2017,03:00,16.6,0.6,257.7,9.065,,,,
17/07/2017,04:00,17,0.8,329.1,14.53,,,,
17/07/2017,05:00,17.5,0.8,254.6,21.04,,,,
17/07/2017,06:00,18.1,0.5,3.9,-13.915,,,,
17/07/2017,07:00,18.6,1.9,41.1,-6.785,,,,
17/07/2017,08:00,17.7,3.1,42.1,-120.36,,,,
17/07/2017,09:00,17.8,2.2,54.3,-95.81,,,,
17/07/2017,10:00,18.5,2.1,70.7,-95.81,,,,
17/07/2017,11:00,19.6,2.6,58.4,-95.81,,,,
17/07/2017,12:00,20.8,2.6,62.6,-17.49,,,,
17/07/2017,13:00,21.9,2.4,70.2,-9.11,,,,
17/07/2017,14:00,23,2.8,39.7,-11.155,,,,
17/07/2017,15:00,23.5,3,27,-11.86,,,,
17/07/2017,16:00,23.7,3,29.2,-28.61,,,,
17/07/2017,17:00,23.4,3.2,25.4,-38.08,,,,
17/07/2017,18:00,22.5,3.1,28.5,-153.57,,,,
17/07/2017,19:00,21.1,2.8,37.4,60.77,,,,
17/07/2017,20:00,19.5,2.4,36.6,78.465,,,,
17/07/2017,21:00,18.8,2.7,46.1,99.21,,,,
17/07/2017,22:00,17.5,2.4,58.4,62.255,,,,
17/07/2017,23:00,16.9,2.4,59.3,9.275,,,,
18/07/2017,00:00,16.1,2.6,67.1,5.315,,,,
18/07/2017,01:00,15.6,2.6,67.4,12.245,,,,
18/07/2017,02:00,15.2,2.9,62.7,13.555,,,,
18/07/2017,03:00,14.8,2.9,70.4,22.17,,,,
18/07/2017,04:00,14.7,2.9,67.8,26.315,,,,
18/07/2017,05:00,15.4,2.9,79.2,117.55,,,,
18/07/2017,06:00,16.3,2.6,71.3,-257.9,,,,
18/07/2017,07:00,18.8,2.6,56.9,-95.275,,,,
18/07/2017,08:00,21.7,3,58.1,-29.685,,,,
18/07/2017,09:00,23.4,4.3,78.5,-29.305,,,,
18/07/2017,10:00,25.2,3.6,73.2,-85.795,,,,
18/07/2017,11:00,26.1,4.1,68.9,-42.74,,,,
18/07/2017,12:00,27,3.6,76.3,-24.99,,,,
18/07/2017,13:00,27.7,3.7,72.2,-103.495,,,,
18/07/2017,14:00,28.2,3.8,69.2,-52.42,,,,
18/07/2017,15:00,28.4,3.6,78.1,-36.795,,,,
18/07/2017,16:00,28.4,4.1,61.4,-21.765,,,,
18/07/2017,17:00,27.9,4,60.1,-78.76,,,,
18/07/2017,18:00,26.6,4.5,62.3,-373.54,,,,
18/07/2017,19:00,25.2,4.5,64.2,274.425,,,,
18/07/2017,20:00,23.9,4.1,62,116.58,,,,
18/07/2017,21:00,22.9,4,73.7,92.57,,,,
18/07/2017,22:00,22.4,3.6,84.6,52.205,,,,
18/07/2017,23:00,21.9,3.5,92,20.97,,,,
19/07/2017,00:00,21.4,3.1,102.5,51.115,,,,
19/07/2017,01:00,20.9,3.3,113.3,8.91,,,,
19/07/2017,02:00,21.2,4.8,125.5,36.53,,,,
19/07/2017,03:00,21.3,5.1,128.4,40.09,,,,
19/07/2017,04:00,21.6,5.2,126.5,38.765,,,,
19/07/2017,05:00,22.4,5.3,137.6,52.285,,,,
19/07/2017,06:00,24.1,4.7,148.9,111.345,,,,
19/07/2017,07:00,26.2,3.6,177.3,-197.375,,,,
19/07/2017,08:00,27.4,6.1,202.4,-35.28,,,,
19/07/2017,09:00,24.5,5.5,259.6,-245.325,,,,
19/07/2017,10:00,24.7,6.7,194.4,826.58,,,,
19/07/2017,11:00,22.8,6.4,168.8,479.02,,,,
19/07/2017,12:00,24.1,5.7,159,292.215,,,,
19/07/2017,13:00,26.6,5.8,159.9,-138.01,,,,
19/07/2017,14:00,28,5.4,170.2,-49.155,,,,
19/07/2017,15:00,28.9,4.1,186.4,-38.87,,,,
19/07/2017,16:00,29.2,3.7,189.8,-39.29,,,,
19/07/2017,17:00,28.5,2.6,186.8,260.56,,,,
19/07/2017,18:00,27.7,3.4,192.9,61.07,,,,
19/07/2017,19:00,24.9,3.1,317.9,21.225,,,,
19/07/2017,20:00,22.3,2.5,349.8,23.38,,,,
19/07/2017,21:00,21.7,1.6,31.9,24.47,,,,
19/07/2017,22:00,20.9,1.5,71.9,89.41,,,,
19/07/2017,23:00,20.3,1.7,53.6,-165.155,,,,
20/07/2017,00:00,18.6,1.5,85.5,1.99,,,,
20/07/2017,01:00,18.2,1.5,101.4,1.99,,,,
20/07/2017,02:00,18,1.6,129.1,-167.04,,,,
20/07/2017,03:00,18.2,3.1,184.3,-155.7,,,,
20/07/2017,04:00,18.4,3.4,195.1,90.06,,,,
20/07/2017,05:00,18.8,4.1,201.4,-483.16,,,,
20/07/2017,06:00,19.5,3.9,208.8,-27.79,,,,
20/07/2017,07:00,19.9,4.4,203.6,-184.62,,,,
20/07/2017,08:00,20.2,4.6,197.4,-121.48,,,,
20/07/2017,09:00,20.7,4.3,200.3,-79.83,,,,
20/07/2017,10:00,22.6,6,200.8,-85.8,,,,
20/07/2017,11:00,23.1,5.7,201.2,-34.855,,,,
20/07/2017,12:00,22.5,6.2,202.9,-41.795,,,,
20/07/2017,13:00,22.1,6,210.1,-823.04,,,,
20/07/2017,14:00,19.1,4,240,212.45,,,,
20/07/2017,15:00,19.3,4.7,246.5,212.45,,,,
20/07/2017,16:00,19.8,5,237.7,-174.94,,,,
20/07/2017,17:00,19.8,4.5,237.1,-537.215,,,,
20/07/2017,18:00,19,4.2,251.9,-594.38,,,,
20/07/2017,19:00,17.3,3.6,251.1,82.01,,,,
20/07/2017,20:00,15.9,2.5,257.1,43.57,,,,
20/07/2017,21:00,14.5,1.6,242.8,49.62,,,,
20/07/2017,22:00,13.5,1.8,219.3,22.905,,,,
20/07/2017,23:00,13,2,202.2,17.535,,,,
21/07/2017,00:00,12.2,1.7,179.7,12.73,,,,
21/07/2017,01:00,11.4,1.5,166.9,6.57,,,,
21/07/2017,02:00,10.6,1.4,146.4,2.22,,,,
21/07/2017,03:00,10.1,1.9,131.7,1.33,,,,
21/07/2017,04:00,10.5,2.3,134.4,14.78,,,,
21/07/2017,05:00,12.1,1.8,134.9,4.95,,,,
21/07/2017,06:00,14.8,2.3,140.9,4.255,,,,
21/07/2017,07:00,17.2,2.3,160.8,-15.16,,,,
21/07/2017,08:00,19,2.9,163.7,-13.045,,,,
21/07/2017,09:00,20.3,2.9,148.6,-21.49,,,,
21/07/2017,10:00,21.2,3.7,140.6,-12.48,,,,
21/07/2017,11:00,22,2.3,128,-23.895,,,,
21/07/2017,12:00,23.4,3.2,138.4,-20.48,,,,
21/07/2017,13:00,24.2,3.2,130.7,-45.535,,,,
21/07/2017,14:00,25,2.6,113.1,-52.07,,,,
21/07/2017,15:00,25.1,2.8,123.9,-22.255,,,,
21/07/2017,16:00,25.3,3.4,149.7,-44.17,,,,
21/07/2017,17:00,25.5,4,159.9,-44.225,,,,
21/07/2017,18:00,24.4,4.2,176.1,-201.68,,,,
21/07/2017,19:00,22.9,3.8,164,54.47,,,,
21/07/2017,20:00,21.1,3.3,162,20.845,,,,
21/07/2017,21:00,19.9,3.7,163.6,5.32,,,,
21/07/2017,22:00,19.4,3.7,170.3,5.15,,,,
21/07/2017,23:00,19.2,3.1,202.2,10.39,,,,
22/07/2017,00:00,17.2,1.6,165,13.05,,,,
22/07/2017,01:00,15.7,2.3,136.8,5.67,,,,
22/07/2017,02:00,15.3,2.9,138.3,25.085,,,,
22/07/2017,03:00,15.5,2.8,134.1,28.73,,,,
22/07/2017,04:00,16.4,4.5,160.3,4.69,,,,
22/07/2017,05:00,17.7,4,199.5,34.96,,,,
22/07/2017,06:00,18.9,4.7,204.8,164.735,,,,
22/07/2017,07:00,20.1,5.5,200.6,-1459.7,,,,
22/07/2017,08:00,21.2,5.4,194.1,-67.23,,,,
22/07/2017,09:00,22.1,5,198.7,-37.775,,,,
22/07/2017,10:00,22.3,3.8,203.7,-22.045,,,,
22/07/2017,11:00,21.1,4,224.2,-11.71,,,,
22/07/2017,12:00,20,2.4,219.3,-436.57,,,,
22/07/2017,13:00,22,4.2,197.3,-221.055,,,,
22/07/2017,14:00,22,6.7,167.6,-24.405,,,,
22/07/2017,15:00,18.8,4.1,203.2,-138.54,,,,
22/07/2017,16:00,18.6,3.6,179.8,-181.66,,,,
22/07/2017,17:00,18.9,3.5,179.7,-99.68,,,,
22/07/2017,18:00,17.9,3.9,168.9,97.03,,,,
22/07/2017,19:00,17.1,2.1,193.4,97.03,,,,
22/07/2017,20:00,16.3,3.1,194.2,58.855,,,,
22/07/2017,21:00,16,3,242.4,26.28,,,,
22/07/2017,22:00,14.3,2,228.3,102.8,,,,
22/07/2017,23:00,13.9,1.8,190.9,102.8,,,,
23/07/2017,00:00,13.3,2.8,176,88.505,,,,
23/07/2017,01:00,12.6,3.3,187.1,17.065,,,,
23/07/2017,02:00,12.4,3.5,193.3,22.91,,,,
23/07/2017,03:00,12.3,4.2,189.4,26.2,,,,
23/07/2017,04:00,12.6,4.5,186.4,50.81,,,,
23/07/2017,05:00,13.1,5.1,187.4,578.11,,,,
23/07/2017,06:00,14.1,4.9,193.3,1008.28,,,,
23/07/2017,07:00,14.7,5.3,198.5,-83.415,,,,
23/07/2017,08:00,15.1,5.6,199.2,-51.22,,,,
23/07/2017,09:00,15.2,4.8,207.4,-177.84,,,,
23/07/2017,10:00,15.7,5.2,199.8,-164.425,,,,
23/07/2017,11:00,17.2,5.8,195.2,-61.22,,,,
23/07/2017,12:00,17.8,6.2,202.1,-46.565,,,,
23/07/2017,13:00,17.6,5.7,193.9,-114.215,,,,
23/07/2017,14:00,18.3,4.6,199.6,-145.34,,,,
23/07/2017,15:00,18,4.9,203.1,-42.325,,,,
23/07/2017,16:00,18.6,5,201,-73.51,,,,
23/07/2017,17:00,17.7,5.9,201.3,-100.205,,,,
23/07/2017,18:00,16.5,4.8,200.7,2527.3,,,,
23/07/2017,19:00,15.9,3.6,206.1,1385.84,,,,
23/07/2017,20:00,15.5,3.2,207.5,99.075,,,,
23/07/2017,21:00,15.2,2.4,206,49.895,,,,
23/07/2017,22:00,15.1,2.6,210.2,39.775,,,,
23/07/2017,23:00,14.8,2.2,209.6,23.265,,,,
24/07/2017,00:00,14.6,2,202.5,47.15,,,,
24/07/2017,01:00,14.2,2.1,217.2,20.49,,,,
24/07/2017,02:00,14,2.1,226.8,20.49,,,,
24/07/2017,03:00,13.5,1.9,240.7,55.18,,,,
24/07/2017,04:00,13.1,2.2,248.6,63.625,,,,
24/07/2017,05:00,13.5,1.9,240.2,206.01,,,,
24/07/2017,06:00,13.5,2.3,225.3,-64.225,,,,
24/07/2017,07:00,14.2,2.5,225.8,-70.44,,,,
24/07/2017,08:00,15.4,3.1,249.1,-70.44,,,,
24/07/2017,09:00,15.4,2.8,287.2,-18.15,,,,
24/07/2017,10:00,14.7,3.2,276.2,-27.34,,,,
24/07/2017,11:00,15.9,3.3,253,-27.34,,,,
24/07/2017,12:00,17.8,4.2,290.1,-27.34,,,,
24/07/2017,13:00,18.6,4.3,307.2,-11.505,,,,
24/07/2017,14:00,18.5,4.5,308.1,-26.45,,,,
24/07/2017,15:00,17.7,4.6,330.6,-104.385,,,,
24/07/2017,16:00,18,5,313.5,-175.42,,,,
24/07/2017,17:00,17.9,4.8,312.1,-128.295,,,,
24/07/2017,18:00,17.4,4.1,314.2,-136.945,,,,
24/07/2017,19:00,16.6,3.4,326,140.94,,,,
24/07/2017,20:00,15.8,3.1,314.8,59.295,,,,
24/07/2017,21:00,15,2.2,283.4,22.705,,,,
24/07/2017,22:00,13.9,2.1,271.1,27.115,,,,
24/07/2017,23:00,13.9,1.8,277.7,40.83,,,,
25/07/2017,00:00,14.1,2.1,293.2,60.3,,,,
25/07/2017,01:00,14.2,2.2,287.5,60.3,,,,
25/07/2017,02:00,13.7,1.7,279.9,65.68,,,,
25/07/2017,03:00,13.6,2,282.4,17.005,,,,
25/07/2017,04:00,13.9,2,290.7,160.34,,,,
25/07/2017,05:00,14.2,1.9,289.1,112.155,,,,
25/07/2017,06:00,15.5,3,294.8,-40.56,,,,
25/07/2017,07:00,16.6,3.7,308.9,-97.785,,,,
25/07/2017,08:00,17.4,3.8,306.5,-55.7,,,,
25/07/2017,09:00,16.9,3.7,321.4,-29.255,,,,
25/07/2017,10:00,16.4,1.7,351.9,-53.18,,,,
25/07/2017,11:00,18.3,3.8,322.2,-53.18,,,,
25/07/2017,12:00,19.3,5.1,320.3,-28.935,,,,
25/07/2017,13:00,19.6,5.2,319.5,-53.58,,,,
25/07/2017,14:00,19.4,5.9,315.6,-58.75,,,,
25/07/2017,15:00,19.2,5.6,316.9,-255.815,,,,
25/07/2017,16:00,18.6,6,314.1,-238.745,,,,
25/07/2017,17:00,18.2,4.9,319.5,-374.555,,,,
25/07/2017,18:00,17.4,4.9,312.3,-153.31,,,,
25/07/2017,19:00,16.6,3.8,306.9,362.12,,,,
25/07/2017,20:00,15.9,3,297.9,87.15,,,,
25/07/2017,21:00,15.6,3.5,309.2,58.795,,,,
25/07/2017,22:00,14.9,2.6,284.1,81.415,,,,
25/07/2017,23:00,14.8,2.5,284.7,39.23,,,,
26/07/2017,00:00,14.4,2.4,285.8,90.055,,,,
26/07/2017,01:00,14,2.3,264.4,28.18,,,,
26/07/2017,02:00,13.2,2,261.3,22.86,,,,
26/07/2017,03:00,12.6,1.7,241.9,142.33,,,,
26/07/2017,04:00,12.6,1.2,233.9,36.85,,,,
26/07/2017,05:00,12.9,2,240.7,127.26,,,,
26/07/2017,06:00,14.4,2.4,249.4,-144.63,,,,
26/07/2017,07:00,16.8,2.7,249.7,-199.335,,,,
26/07/2017,08:00,18.2,2.7,243.2,-23.56,,,,
26/07/2017,09:00,19.6,2.7,235.6,-8.41,,,,
26/07/2017,10:00,20.3,3,235.4,-12.49,,,,
26/07/2017,11:00,21,3.1,231.5,-23.08,,,,
26/07/2017,12:00,22.3,3,229,-16.925,,,,
26/07/2017,13:00,23.3,3.5,217.9,-5.745,,,,
26/07/2017,14:00,23.5,4,202.1,-24.565,,,,
26/07/2017,15:00,23.4,3.7,205.1,-45.5,,,,
26/07/2017,16:00,22.7,4.2,224,3650.61,,,,
26/07/2017,17:00,21.5,4.8,227.3,195.98,,,,
26/07/2017,18:00,19.8,4.5,219.9,43.815,,,,
26/07/2017,19:00,19.5,3.7,210.3,507.21,,,,
26/07/2017,20:00,19,3.9,201.7,221.86,,,,
26/07/2017,21:00,18,3.7,203,257.35,,,,
26/07/2017,22:00,17.7,3.1,205.1,18.88,,,,
26/07/2017,23:00,17.8,3.8,206.7,18.88,,,,
27/07/2017,00:00,18,3.4,226.4,18.88,,,,
27/07/2017,01:00,17.6,3.6,237.9,50,,,,
27/07/2017,02:00,16.7,3.3,243.3,81.12,,,,
27/07/2017,03:00,16.1,2.9,250.1,609.51,,,,
27/07/2017,04:00,15.5,3.4,245.4,66.39,,,,
27/07/2017,05:00,15.3,3.4,225.5,537.08,,,,
27/07/2017,06:00,15.4,3.1,228.8,480.67,,,,
27/07/2017,07:00,16,3.4,239.1,-141.41,,,,
27/07/2017,08:00,17.2,3.6,245.8,-36.41,,,,
27/07/2017,09:00,17.7,3.6,243.6,-30.385,,,,
27/07/2017,10:00,18.8,2.9,240.7,-62.6,,,,
27/07/2017,11:00,19.5,3.3,237.3,-20.87,,,,
27/07/2017,12:00,19.4,3.3,215.1,-26.59,,,,
27/07/2017,13:00,20.3,3.2,229,-24.88,,,,
27/07/2017,14:00,20.9,3.4,249.8,-4.53,,,,
27/07/2017,15:00,20.9,3.6,246.8,-26.64,,,,
27/07/2017,16:00,21,3.8,251.9,-36.05,,,,
27/07/2017,17:00,20.5,4.2,250.2,-72.47,,,,
27/07/2017,18:00,19.6,3.4,249.3,24.46,,,,
27/07/2017,19:00,18.6,3.3,256,90.005,,,,
27/07/2017,20:00,17.3,2.7,250.7,49.37,,,,
27/07/2017,21:00,16.1,2.5,245.5,31.065,,,,
27/07/2017,22:00,15.1,2.5,232.8,60.49,,,,
27/07/2017,23:00,14.6,2.9,227.1,44.475,,,,
28/07/2017,00:00,14.3,3.5,222.6,49.37,,,,
28/07/2017,01:00,14.2,3.5,223,50.11,,,,
28/07/2017,02:00,14.1,3.8,218.8,72.25,,,,
28/07/2017,03:00,13.7,3.8,217.8,16.185,,,,
28/07/2017,04:00,13.5,3.9,212.9,55.2,,,,
28/07/2017,05:00,14,4.2,217.2,110.905,,,,
28/07/2017,06:00,15.2,4.3,224.6,296.07,,,,
28/07/2017,07:00,16.3,4.4,230.8,-105.075,,,,
28/07/2017,08:00,17.2,4.2,231.1,-147.515,,,,
28/07/2017,09:00,17.8,5.3,226.5,-206.36,,,,
28/07/2017,10:00,18.8,5.7,228.6,-62.97,,,,
28/07/2017,11:00,19.8,5.5,234.8,-98.035,,,,
28/07/2017,12:00,20.4,5.7,223.8,-83.025,,,,
28/07/2017,13:00,20.5,5.5,226.3,-123.1,,,,
28/07/2017,14:00,20.6,4.3,238.4,-104.06,,,,
28/07/2017,15:00,20.2,3.7,243.7,-375.855,,,,
28/07/2017,16:00,19.7,3.3,261,435.865,,,,
28/07/2017,17:00,18.8,2.3,271.2,121.28,,,,
28/07/2017,18:00,17.9,2.2,245.7,86.03,,,,
28/07/2017,19:00,16.5,2,167.9,89.96,,,,
28/07/2017,20:00,16.3,3.4,156.5,89.96,,,,
28/07/2017,21:00,16.6,4.3,158.6,50.195,,,,
28/07/2017,22:00,17.2,4.6,167.9,42.31,,,,
28/07/2017,23:00,17.8,4.8,182.4,56.39,,,,
29/07/2017,00:00,18.6,5,198.1,68.475,,,,
29/07/2017,01:00,18.7,5,204.1,114.855,,,,
29/07/2017,02:00,18.2,4.6,198.9,96.875,,,,
29/07/2017,03:00,17.9,4.6,198.1,77.17,,,,
29/07/2017,04:00,17.5,4.6,213.4,40.395,,,,
29/07/2017,05:00,17.8,5.4,213.2,139.465,,,,
29/07/2017,06:00,18.2,5.8,216.7,444.935,,,,
29/07/2017,07:00,19.1,5.4,220.7,-573.16,,,,
29/07/2017,08:00,20.7,5.6,217.6,-97.705,,,,
29/07/2017,09:00,21.2,5.4,221.9,-118.455,,,,
29/07/2017,10:00,22.2,4.7,214.3,-218.39,,,,
29/07/2017,11:00,22.5,5.3,199.7,-53.325,,,,
29/07/2017,12:00,23.1,5.3,198.6,-45.45,,,,
29/07/2017,13:00,23.2,4.3,197.7,-80.945,,,,
29/07/2017,14:00,24.1,4.5,190.5,-55.845,,,,
29/07/2017,15:00,24.7,4.3,188.4,-71.73,,,,
29/07/2017,16:00,25.1,2.3,194.5,-334.87,,,,
29/07/2017,17:00,25,3.4,186.1,33.78,,,,
29/07/2017,18:00,24.8,5.2,184.8,35.515,,,,
29/07/2017,19:00,24.3,4.7,192.8,58.775,,,,
29/07/2017,20:00,23.6,4,192.4,68.41,,,,
29/07/2017,21:00,23,4.5,183.3,39.145,,,,
29/07/2017,22:00,22.8,2.8,208.3,46.79,,,,
29/07/2017,23:00,22.4,4.3,186.5,28.64,,,,
30/07/2017,00:00,22.6,4.6,190.8,42.7,,,,
30/07/2017,01:00,22.3,4.5,199.7,78.68,,,,
30/07/2017,02:00,21.5,4.6,209.8,67.265,,,,
30/07/2017,03:00,20.6,5,203.3,29.485,,,,
30/07/2017,04:00,20.1,4.9,205.8,67.75,,,,
30/07/2017,05:00,20,5.2,194.9,136.785,,,,
30/07/2017,06:00,20.4,6.1,195.4,513.89,,,,
30/07/2017,07:00,21.3,7.4,209.1,-11751.85,,,,
30/07/2017,08:00,21.9,7,216.9,-583.905,,,,
30/07/2017,09:00,21.1,7.8,222.5,-1499.28,,,,
30/07/2017,10:00,19.4,6.4,221.4,-1499.28,,,,
30/07/2017,11:00,21.3,7.8,224.9,-1499.28,,,,
30/07/2017,12:00,21.1,5.6,230.9,-146.07,,,,
30/07/2017,13:00,22.7,5.8,234.7,-104.95,,,,
30/07/2017,14:00,22.7,5,259.7,-63.98,,,,
30/07/2017,15:00,22.5,4.1,248.1,-83.78,,,,
30/07/2017,16:00,22.4,4,254.9,-43.47,,,,
30/07/2017,17:00,21.5,3.5,268.7,-176.93,,,,
30/07/2017,18:00,20.6,3,262.3,176.88,,,,
30/07/2017,19:00,19.3,1.7,264.3,60.16,,,,
30/07/2017,20:00,17.9,1.3,260.9,35.285,,,,
30/07/2017,21:00,17.8,1,233.4,11.33,,,,
30/07/2017,22:00,16.7,1,213.9,23.3,,,,
30/07/2017,23:00,16,1.1,171.8,4.72,,,,
31/07/2017,00:00,15.9,1.7,144.8,17.975,,,,
31/07/2017,01:00,15.8,1.1,238,-44.99,,,,
31/07/2017,02:00,15.5,1.2,332.1,23.395,,,,
31/07/2017,03:00,15,1.3,351.8,-58.82,,,,
31/07/2017,04:00,13.7,1.7,254.7,-5.1,,,,
31/07/2017,05:00,14.4,1.6,241,13.47,,,,
31/07/2017,06:00,16,1.7,212.9,63.28,,,,
31/07/2017,07:00,17.6,2.5,199.3,-18.55,,,,
31/07/2017,08:00,18.6,2.6,219.8,-5.135,,,,
31/07/2017,09:00,19.1,2.7,196.2,-18.71,,,,
31/07/2017,10:00,19.6,3.3,200.2,-2.185,,,,
31/07/2017,11:00,21,4.1,201.1,-39.18,,,,
31/07/2017,12:00,21.8,4.1,211.6,-31.72,,,,
31/07/2017,13:00,22,3.4,213.3,-21.72,,,,
31/07/2017,14:00,22.6,2.8,218,-46.34,,,,
31/07/2017,15:00,23.2,3.4,203.7,-10.61,,,,
31/07/2017,16:00,22.9,3,234.4,-22.9,,,,
31/07/2017,17:00,22.6,2,250.2,-171.895,,,,
31/07/2017,18:00,21.9,1.4,280.4,57.395,,,,
31/07/2017,19:00,20,1.1,272,11.96,,,,
31/07/2017,20:00,18.2,0.8,236.7,2.23,,,,
31/07/2017,21:00,18.6,3.3,345.3,-24.32,,,,
31/07/2017,22:00,18.2,2.6,10.6,78.095,,,,
31/07/2017,23:00,17.5,2.2,11.8,55.445,,,,
01/08/2017,00:00,16.6,1.2,1.4,90.32,,,,
01/08/2017,01:00,15.6,0.8,309.7,-29.07,,,,
01/08/2017,02:00,14.7,1,269.2,0.84,,,,
01/08/2017,03:00,14,1,261.5,0.84,,,,
01/08/2017,04:00,13.8,1.2,284.7,-5.27,,,,
01/08/2017,05:00,14.7,1.2,281.2,14.05,,,,
01/08/2017,06:00,15.1,0.9,252.1,327.91,,,,
01/08/2017,07:00,15.9,0.7,297.8,-45.22,,,,
01/08/2017,08:00,18.1,1.1,322.6,-14.655,,,,
01/08/2017,09:00,19.9,1.3,295.1,-6.54,,,,
01/08/2017,10:00,19.5,1.1,263.7,-5.08,,,,
01/08/2017,11:00,20.1,1.8,311.5,-48.29,,,,
01/08/2017,12:00,21.2,1.9,326.4,-11.055,,,,
01/08/2017,13:00,21.9,1.2,54.6,-12.85,,,,
01/08/2017,14:00,22.3,1.7,164.4,-10.32,,,,
01/08/2017,15:00,22.3,1.8,139.3,-5.645,,,,
01/08/2017,16:00,22.4,1.4,185.3,-19.585,,,,
01/08/2017,17:00,21.9,1.2,180.1,-14.84,,,,
01/08/2017,18:00,21.6,1.3,215.7,9.34,,,,
01/08/2017,19:00,19.7,1.1,9.6,28.8,,,,
01/08/2017,20:00,17.7,1.6,49.8,-21,,,,
01/08/2017,21:00,16.6,2.1,71.6,13.575,,,,
01/08/2017,22:00,16.4,1.8,124.3,19.72,,,,
01/08/2017,23:00,16.3,2.2,130,1.95,,,,
02/08/2017,00:00,16.8,2.1,221.8,2.77,,,,
02/08/2017,01:00,15.9,1.3,254.6,39.44,,,,
02/08/2017,02:00,15.3,1.5,274.2,490.935,,,,
02/08/2017,03:00,15.2,1.2,242.2,38.105,,,,
02/08/2017,04:00,15.2,1.4,219.5,9.335,,,,
02/08/2017,05:00,15.6,1.6,195.9,9.18,,,,
02/08/2017,06:00,16.3,1.8,196.9,26.855,,,,
02/08/2017,07:00,17.9,2,211.5,-421.055,,,,
02/08/2017,08:00,19.3,1.9,194.9,-15.385,,,,
02/08/2017,09:00,20.4,2.4,184.5,-6.04,,,,
02/08/2017,10:00,21.3,3,176.1,-7.805,,,,
02/08/2017,11:00,21.7,4,190.9,-30.905,,,,
02/08/2017,12:00,21.3,3.9,202.1,-63.815,,,,
02/08/2017,13:00,20.3,2.6,216.5,-50.89,,,,
02/08/2017,14:00,19.7,1.1,254.8,405.43,,,,
02/08/2017,15:00,19.8,0.8,333,405.43,,,,
02/08/2017,16:00,19.4,1,301.3,-19.88,,,,
02/08/2017,17:00,17.9,1.2,105.5,-19.88,,,,
02/08/2017,18:00,17.6,2.3,120.3,-19.88,,,,
02/08/2017,19:00,17.3,2.6,134.8,-19.88,,,,
02/08/2017,20:00,16.9,2,128.8,-42.97,,,,
02/08/2017,21:00,17,3.3,142.6,28.03,,,,
02/08/2017,22:00,17.4,3.2,144.2,33.82,,,,
02/08/2017,23:00,17.2,2,142.6,33.29,,,,
03/08/2017,00:00,16.9,2.1,132.3,35.39,,,,
03/08/2017,01:00,17.4,3.1,134.1,17.54,,,,
03/08/2017,02:00,18.6,5.2,164.1,15.04,,,,
03/08/2017,03:00,19.3,4.6,196,60.74,,,,
03/08/2017,04:00,19.5,4.9,196.9,80.71,,,,
03/08/2017,05:00,19.2,4.4,201.4,58.28,,,,
03/08/2017,06:00,17.8,4.7,209.8,96.74,,,,
03/08/2017,07:00,17.9,5.6,196.9,96.74,,,,
03/08/2017,08:00,18.1,5.2,216.6,-377.42,,,,
03/08/2017,09:00,19.4,5.5,221.5,-688.84,,,,
03/08/2017,10:00,21.3,6,233.1,-228.065,,,,
03/08/2017,11:00,21.8,5.9,253.4,-41.625,,,,
03/08/2017,12:00,22.8,6.8,241.8,-103.845,,,,
03/08/2017,13:00,23,6.2,247.7,-35.67,,,,
03/08/2017,14:00,23.2,5.5,238.1,-102.14,,,,
03/08/2017,15:00,22.6,5.3,244.6,-61.98,,,,
03/08/2017,16:00,22.6,5.8,246.4,-134.085,,,,
03/08/2017,17:00,21.7,5.3,259.1,-197.595,,,,
03/08/2017,18:00,20.9,4,255.2,701.63,,,,
03/08/2017,19:00,19.7,3.2,245.3,112.87,,,,
03/08/2017,20:00,18.6,2,231.1,27.5,,,,
03/08/2017,21:00,18.3,2.5,240.7,11.69,,,,
03/08/2017,22:00,18,2.9,244.2,52.05,,,,
03/08/2017,23:00,17.3,2.6,241.9,133.465,,,,
04/08/2017,00:00,17,2.6,225.2,14.05,,,,
04/08/2017,01:00,17.1,3.1,224.1,45.77,,,,
04/08/2017,02:00,16.9,2.9,226.4,74.265,,,,
04/08/2017,03:00,16.6,3.1,220.2,106.375,,,,
04/08/2017,04:00,16.7,3.8,209.7,67.38,,,,
04/08/2017,05:00,17,4.6,216.7,183.895,,,,
04/08/2017,06:00,17.5,4.2,224.6,-3500.76,,,,
04/08/2017,07:00,18.1,5,225.8,10536.1,,,,
04/08/2017,08:00,18.4,4.6,229.1,-172.77,,,,
04/08/2017,09:00,17.6,3.6,236.3,-341.84,,,,
04/08/2017,10:00,19.2,4.6,230.5,-362.85,,,,
04/08/2017,11:00,19.7,5.4,218.3,-257.07,,,,
04/08/2017,12:00,20.3,5,224.7,-79.61,,,,
04/08/2017,13:00,21.2,5,232.5,-79.405,,,,
04/08/2017,14:00,22,5.1,243.4,-56.765,,,,
04/08/2017,15:00,22.3,4.6,239.9,-136.965,,,,
04/08/2017,16:00,22,4.3,250.1,-121.74,,,,
04/08/2017,17:00,21.8,4.5,259.2,-154.205,,,,
04/08/2017,18:00,20.6,3.9,248.4,336.26,,,,
04/08/2017,19:00,20,3.2,241.5,281.04,,,,
04/08/2017,20:00,19.4,2.4,235.3,225.865,,,,
04/08/2017,21:00,18.8,2.3,230.1,86.25,,,,
04/08/2017,22:00,18.2,2.2,236.7,84.64,,,,
04/08/2017,23:00,17.8,2.8,216.2,136.375,,,,
05/08/2017,00:00,15.8,2.4,226.2,53.105,,,,
05/08/2017,01:00,14.7,2.2,205.4,75.89,,,,
05/08/2017,02:00,14.3,1.9,217.5,75.89,,,,
05/08/2017,03:00,13.9,1.4,195.9,75.89,,,,
05/08/2017,04:00,13.6,2.6,197.4,-882.17,,,,
05/08/2017,05:00,13.3,2.5,204.3,-882.17,,,,
05/08/2017,06:00,13.4,2.1,197.2,-882.17,,,,
05/08/2017,07:00,14,2.2,212.7,-452,,,,
05/08/2017,08:00,15.3,2.9,222.9,-21.83,,,,
05/08/2017,09:00,16.8,3,235.5,-19.77,,,,
05/08/2017,10:00,19.2,3.7,224.1,-20.855,,,,
05/08/2017,11:00,19.2,4.6,256.8,-21.835,,,,
05/08/2017,12:00,17.5,3,296.8,-13.04,,,,
05/08/2017,13:00,18.1,2.4,312.9,-13.04,,,,
05/08/2017,14:00,18.6,1.7,286,-18.19,,,,
05/08/2017,15:00,18.5,2.1,275.3,-9.69,,,,
05/08/2017,16:00,19.1,1.4,262.1,-13.37,,,,
05/08/2017,17:00,18.8,2.1,255.4,-7.67,,,,
05/08/2017,18:00,15.3,4.2,314,-33.52,,,,
05/08/2017,19:00,14.1,1.6,273.8,-33.52,,,,
05/08/2017,20:00,13,1.7,228.1,-2.75,,,,
05/08/2017,21:00,12.5,2,238.3,90.84,,,,
05/08/2017,22:00,12,1.9,246.8,5.895,,,,
05/08/2017,23:00,11.4,1.8,252.6,10.065,,,,
06/08/2017,00:00,10.9,1.6,252.8,2.24,,,,
06/08/2017,01:00,10.6,1.8,211.5,-363.265,,,,
06/08/2017,02:00,10.1,1.9,197.9,3.685,,,,
06/08/2017,03:00,10.1,1.8,188.5,3.96,,,,
06/08/2017,04:00,10,1.7,200,15.23,,,,
06/08/2017,05:00,10.9,1.7,181.6,5.62,,,,
06/08/2017,06:00,12.7,1.6,206.1,1.805,,,,
06/08/2017,07:00,15,1.7,216.8,-67.47,,,,
06/08/2017,08:00,16.8,2,220.2,-9.7,,,,
06/08/2017,09:00,18.3,2.5,218.1,-14.195,,,,
06/08/2017,10:00,19.4,2.7,216.4,-16.895,,,,
06/08/2017,11:00,20.2,2.9,203.8,-11.485,,,,
06/08/2017,12:00,20.6,2.2,239.3,-3.91,,,,
06/08/2017,13:00,21.1,2.7,234.5,-15.785,,,,
06/08/2017,14:00,20.9,2.5,226.3,-14.77,,,,
06/08/2017,15:00,21.2,2.3,222.6,-11.195,,,,
06/08/2017,16:00,21.1,2.2,236.7,-2.78,,,,
06/08/2017,17:00,20.8,1.9,240.9,-18.435,,,,
06/08/2017,18:00,19.1,1.3,226.9,25.46,,,,
06/08/2017,19:00,17,1.4,227.7,-0.71,,,,
06/08/2017,20:00,16.7,2.1,351.7,-25.05,,,,
06/08/2017,21:00,15,1,352.8,-15.2,,,,
06/08/2017,22:00,13.7,1,31.9,-12.19,,,,
06/08/2017,23:00,12.9,0.9,137,-2.65,,,,
07/08/2017,00:00,12.1,0.9,160.4,-3.49,,,,
07/08/2017,01:00,11.6,1.2,198.8,6.165,,,,
07/08/2017,02:00,11.4,2,226.8,0.38,,,,
07/08/2017,03:00,10.9,1.5,226.5,1.55,,,,
07/08/2017,04:00,10.6,1.5,241.4,1.29,,,,
07/08/2017,05:00,11.3,1.1,233.8,16.065,,,,
07/08/2017,06:00,13.6,1.1,230.3,-6.225,,,,
07/08/2017,07:00,15.9,1.4,253.9,-4.89,,,,
07/08/2017,08:00,17.5,1.6,235.4,-9.505,,,,
07/08/2017,09:00,19.3,2.1,201.9,-10.445,,,,
07/08/2017,10:00,20.5,2.2,243.3,-9.225,,,,
07/08/2017,11:00,21.4,2.3,229.6,-1.72,,,,
07/08/2017,12:00,21.9,2.2,245.5,-53.42,,,,
07/08/2017,13:00,22.5,2.1,265.8,-8.56,,,,
07/08/2017,14:00,23,2.1,230.1,-9.15,,,,
07/08/2017,15:00,23.1,1.4,186.3,-4.015,,,,
07/08/2017,16:00,22.9,1.5,28.6,-13.67,,,,
07/08/2017,17:00,22.6,1.1,52.3,-15.32,,,,
07/08/2017,18:00,21.2,1.8,10.4,-145.89,,,,
07/08/2017,19:00,19.4,2.3,16.1,71.1,,,,
07/08/2017,20:00,17.6,2.3,18.9,-14.485,,,,
07/08/2017,21:00,18,3.1,15.8,-64.22,,,,
07/08/2017,22:00,17.8,3.2,29.8,38.88,,,,
07/08/2017,23:00,17.4,3.3,40.9,30.81,,,,
08/08/2017,00:00,16.9,3.8,42.6,162.755,,,,
08/08/2017,01:00,16.4,3.1,36.2,100.46,,,,
08/08/2017,02:00,15.8,2.8,32.1,30.5,,,,
08/08/2017,03:00,15.8,3,39.2,42.4,,,,
08/08/2017,04:00,15.9,2.6,39.9,85.955,,,,
08/08/2017,05:00,15.8,1.7,58.9,195.955,,,,
08/08/2017,06:00,15.4,2.4,25.4,160.475,,,,
08/08/2017,07:00,15.2,1.4,85.5,104.79,,,,
08/08/2017,08:00,15.2,1.5,87.8,104.79,,,,
08/08/2017,09:00,15.3,1.3,126.6,104.79,,,,
08/08/2017,10:00,15.5,2.1,257.4,104.79,,,,
08/08/2017,11:00,14.8,3.2,272.3,-43.03,,,,
08/08/2017,12:00,14.6,3.3,296.3,-43.03,,,,
08/08/2017,13:00,15.1,3,267.9,-43.03,,,,
08/08/2017,14:00,16,2.3,249.7,-77.37,,,,
08/08/2017,15:00,17.6,2.2,259.8,-14.885,,,,
08/08/2017,16:00,17.8,1.8,220.4,-16.47,,,,
08/08/2017,17:00,16.9,1.3,229.7,88.79,,,,
08/08/2017,18:00,16.2,2,251.8,88.79,,,,
08/08/2017,19:00,15.2,1.7,247.9,-654.08,,,,
08/08/2017,20:00,14.8,1.9,223.8,83.955,,,,
08/08/2017,21:00,14.4,1.9,196,56.05,,,,
08/08/2017,22:00,14.3,2.3,201.4,56.05,,,,
08/08/2017,23:00,14.3,3.7,201.2,177.915,,,,
09/08/2017,00:00,14,4.5,209,441.595,,,,
09/08/2017,01:00,13.9,4.3,219.8,232.54,,,,
09/08/2017,02:00,13.7,4.2,219.6,549.785,,,,
09/08/2017,03:00,13.3,3.9,215.1,287.68,,,,
09/08/2017,04:00,12.5,3,197.4,175.145,,,,
09/08/2017,05:00,12.5,2.9,195.1,81.34,,,,
09/08/2017,06:00,13.3,2.9,196.4,262.755,,,,
09/08/2017,07:00,14.4,3.1,195.4,-274.73,,,,
09/08/2017,08:00,15.2,3.8,195.7,-40.06,,,,
09/08/2017,09:00,16.7,3.9,200.6,-21.2,,,,
09/08/2017,10:00,17.9,3.7,201,-24.415,,,,
09/08/2017,11:00,18.8,4.1,195.7,-21.915,,,,
09/08/2017,12:00,19.6,3.5,183.1,-18.13,,,,
09/08/2017,13:00,20.1,4,195.1,-16.95,,,,
09/08/2017,14:00,20.4,3.9,197,-63.125,,,,
09/08/2017,15:00,20.9,3.5,183.8,-18.85,,,,
09/08/2017,16:00,21.1,3.4,170.5,-32.295,,,,
09/08/2017,17:00,20.1,3.5,153.1,-45.19,,,,
09/08/2017,18:00,18.4,3.6,140.5,291.83,,,,
09/08/2017,19:00,17.4,2.6,153.7,134.91,,,,
09/08/2017,20:00,16.4,1.7,137.3,16.01,,,,
09/08/2017,21:00,15.9,1.6,149.4,5.875,,,,
09/08/2017,22:00,15.4,1.5,160.5,15.8,,,,
09/08/2017,23:00,14.9,1.1,174.3,46.05,,,,
10/08/2017,00:00,14,1.7,139.8,23.66,,,,
10/08/2017,01:00,14.1,1.5,142.8,-12.75,,,,
10/08/2017,02:00,13.6,1.3,108.8,-163.39,,,,
10/08/2017,03:00,13.7,1.5,97.8,0.18,,,,
10/08/2017,04:00,13.6,1.7,127,7.605,,,,
10/08/2017,05:00,13.3,1.9,114.9,22.825,,,,
10/08/2017,06:00,14.1,2.2,136.6,11.665,,,,
10/08/2017,07:00,14.8,2,144.9,-44.33,,,,
10/08/2017,08:00,15,0.8,209,-77.02,,,,
10/08/2017,09:00,15.8,0.8,15.2,-77.02,,,,
10/08/2017,10:00,16,0.9,75.9,-77.02,,,,
10/08/2017,11:00,15.3,1.2,81,-5.8,,,,
10/08/2017,12:00,14.7,1.1,8.6,-5.8,,,,
10/08/2017,13:00,14.6,1.5,6.2,-5.8,,,,
10/08/2017,14:00,15.2,1.8,19.1,-5.8,,,,
10/08/2017,15:00,15.3,2.4,27.5,-28.175,,,,
10/08/2017,16:00,15.2,1.8,41.5,-17.76,,,,
10/08/2017,17:00,15,1.9,47.9,-17.76,,,,
10/08/2017,18:00,14.9,1.9,55,-17.76,,,,
10/08/2017,19:00,14.7,1.4,70.5,-17.76,,,,
10/08/2017,20:00,14.5,1.5,38.7,-17.76,,,,
10/08/2017,21:00,14.4,1.2,19.1,-17.76,,,,
10/08/2017,22:00,14.5,1.5,4.5,-46.475,,,,
10/08/2017,23:00,14.4,1.3,308.1,-22.53,,,,
11/08/2017,00:00,14.3,1.7,310.8,19.44,,,,
11/08/2017,01:00,14.2,1.8,315.5,68.06,,,,
11/08/2017,02:00,14,1.5,293,99.52,,,,
11/08/2017,03:00,14.1,1.1,259.3,-7.74,,,,
11/08/2017,04:00,14,1.1,259.1,-177.895,,,,
11/08/2017,05:00,14,1.1,270.9,-17.21,,,,
11/08/2017,06:00,14.5,1.2,280.1,-41.655,,,,
11/08/2017,07:00,14.9,1.5,278.2,-3.27,,,,
11/08/2017,08:00,15.7,1.6,280.7,-6.005,,,,
11/08/2017,09:00,17.4,1.9,307.4,-4.25,,,,
11/08/2017,10:00,18.2,1.9,276,-10.76,,,,
11/08/2017,11:00,18.6,2.5,307.3,-11.32,,,,
11/08/2017,12:00,17.9,2.9,297.4,-50.9,,,,
11/08/2017,13:00,19,2.5,288.9,-82.59,,,,
11/08/2017,14:00,19.9,2.5,278.5,-4.11,,,,
11/08/2017,15:00,20.6,3.9,278.9,-6.89,,,,
11/08/2017,16:00,20.6,3.9,289.2,-85.59,,,,
11/08/2017,17:00,19.4,3.3,307.2,3819.07,,,,
11/08/2017,18:00,18.6,1.8,289.8,233.315,,,,
11/08/2017,19:00,17.7,2.5,257.2,14.85,,,,
11/08/2017,20:00,17.4,4.1,263.4,49.135,,,,
11/08/2017,21:00,16,3.9,242.5,175.74,,,,
11/08/2017,22:00,15,3.3,243.5,308.19,,,,
11/08/2017,23:00,14.6,2.9,235,218.145,,,,
12/08/2017,00:00,14.3,3.3,223.9,227.315,,,,
12/08/2017,01:00,14.3,2.7,229.3,1334.535,,,,
12/08/2017,02:00,14.1,3.1,224.1,1727.425,,,,
12/08/2017,03:00,13.9,3.3,225.1,-314.3,,,,
12/08/2017,04:00,13.9,3.6,217.4,-314.3,,,,
12/08/2017,05:00,14,4.3,217.8,-314.3,,,,
12/08/2017,06:00,14.1,4.2,221.2,-314.3,,,,
12/08/2017,07:00,14.3,4.4,218.4,-314.3,,,,
12/08/2017,08:00,14.7,4.4,218.6,-453.6,,,,
12/08/2017,09:00,15.2,4.1,224.4,-502.41,,,,
12/08/2017,10:00,15.6,4,223.6,-502.41,,,,
12/08/2017,11:00,16.1,4.1,222.4,-502.41,,,,
12/08/2017,12:00,17.1,4.8,212.3,-502.41,,,,
12/08/2017,13:00,17.8,4.5,215.5,-502.41,,,,
12/08/2017,14:00,18.6,4.8,214.8,-68.23,,,,
12/08/2017,15:00,17.7,3.5,217.9,-150.165,,,,
12/08/2017,16:00,17.6,2.9,215.5,-213.35,,,,
12/08/2017,17:00,17.7,2.8,217.5,-137.94,,,,
12/08/2017,18:00,17.6,3.5,220.3,-232.075,,,,
12/08/2017,19:00,17.3,3.2,220.6,669.785,,,,
12/08/2017,20:00,16.9,2.9,230.9,313.915,,,,
12/08/2017,21:00,16.2,2.5,238.1,321.26,,,,
12/08/2017,22:00,15.6,2.3,241,41.87,,,,
12/08/2017,23:00,14.9,2.3,225.7,103.075,,,,
13/08/2017,00:00,14.4,2.1,236.8,19.35,,,,
13/08/2017,01:00,13.8,2,229.1,27.33,,,,
13/08/2017,02:00,13.8,1.9,236.2,31.94,,,,
13/08/2017,03:00,13.8,1.9,235.3,-2491.81,,,,
13/08/2017,04:00,13.8,2.1,240.7,196.355,,,,
13/08/2017,05:00,13.9,2.2,237.4,-2416.005,,,,
13/08/2017,06:00,14.1,2.6,213.4,-222.63,,,,
13/08/2017,07:00,14.7,2.1,224.2,-45.36,,,,
13/08/2017,08:00,15.3,2,229.8,-21.485,,,,
13/08/2017,09:00,16.9,1.8,248.9,-27.43,,,,
13/08/2017,10:00,18.3,1.9,259.4,-6.895,,,,
13/08/2017,11:00,19.6,2.2,270.3,-1.54,,,,
13/08/2017,12:00,21,2.5,233.6,-11.37,,,,
13/08/2017,13:00,21.6,2.3,274.2,-3.355,,,,
13/08/2017,14:00,20.6,3.2,347.8,-10.71,,,,
13/08/2017,15:00,21.1,2.5,348.1,-41.915,,,,
13/08/2017,16:00,21.1,2.7,14.9,-24.495,,,,
13/08/2017,17:00,20.6,1.9,23.8,-31.835,,,,
13/08/2017,18:00,19,2.1,49.9,60,,,,
13/08/2017,19:00,17.2,2,48.4,-9.73,,,,
13/08/2017,20:00,16.9,1.9,16,8.66,,,,
13/08/2017,21:00,17.1,1.9,16.3,-41.195,,,,
13/08/2017,22:00,17.1,2.1,42,-31.4,,,,
13/08/2017,23:00,16.5,1.9,47.1,312.48,,,,
14/08/2017,00:00,15.2,1.4,65.7,9.255,,,,
14/08/2017,01:00,14.2,2,90.6,-6.05,,,,
14/08/2017,02:00,13.6,1.7,93.9,-8.875,,,,
14/08/2017,03:00,13.3,1.8,99.4,2.57,,,,
14/08/2017,04:00,12.9,1.6,111.5,4.35,,,,
14/08/2017,05:00,13.3,1.7,115.7,5.785,,,,
14/08/2017,06:00,15.4,2,131,-18.695,,,,
14/08/2017,07:00,18.2,2,161.8,-40.37,,,,
14/08/2017,08:00,20,2.5,166.1,-13.07,,,,
14/08/2017,09:00,21.5,2.8,173.4,-7.44,,,,
14/08/2017,10:00,22.5,2.8,168.3,-43.72,,,,
14/08/2017,11:00,23.1,2.7,163.6,-10.455,,,,
14/08/2017,12:00,24.3,2.5,173.3,-5.41,,,,
14/08/2017,13:00,24.6,3,184.8,-12.15,,,,
14/08/2017,14:00,25.4,2.4,133.8,-26.32,,,,
14/08/2017,15:00,25.4,3.2,151.1,-19.81,,,,
14/08/2017,16:00,25.3,3,195.1,-77.855,,,,
14/08/2017,17:00,24.3,3,213.9,-141.615,,,,
14/08/2017,18:00,22.5,1.2,228.1,158.53,,,,
14/08/2017,19:00,19.8,0.9,174.3,-4.38,,,,
14/08/2017,20:00,18.3,1.4,167.6,-2.5,,,,
14/08/2017,21:00,17.7,2.1,144.4,0.605,,,,
14/08/2017,22:00,16.6,2.6,144,3.3,,,,
14/08/2017,23:00,16.2,2.5,142.1,1.26,,,,
15/08/2017,00:00,15.7,3,146.9,7.02,,,,
15/08/2017,01:00,15.9,3,140.2,2.47,,,,
15/08/2017,02:00,16.4,3,142.5,1.2,,,,
15/08/2017,03:00,16.3,3.1,135.3,5.735,,,,
15/08/2017,04:00,15.8,3.4,131.1,4.145,,,,
15/08/2017,05:00,17.4,4.2,138.1,1.67,,,,
15/08/2017,06:00,17.5,2.3,211.7,11.35,,,,
15/08/2017,07:00,15.9,2.5,62.1,20.54,,,,
15/08/2017,08:00,16.3,2.7,78,20.54,,,,
15/08/2017,09:00,18.6,1.8,101.3,20.54,,,,
15/08/2017,10:00,20.4,2.8,146.2,-17.5,,,,
15/08/2017,11:00,22.1,4.2,197.2,-17.5,,,,
15/08/2017,12:00,21.8,3.9,209.5,-4.69,,,,
15/08/2017,13:00,21.7,2.9,203,217.36,,,,
15/08/2017,14:00,21.6,2.5,230.6,-103.52,,,,
15/08/2017,15:00,22.4,3,241.7,-238.05,,,,
15/08/2017,16:00,22,4,287.9,-76.495,,,,
15/08/2017,17:00,21.2,3.1,287.1,-136.725,,,,
15/08/2017,18:00,20.5,2.7,285.2,52.32,,,,
15/08/2017,19:00,19.6,2.5,291,52.32,,,,
15/08/2017,20:00,18.6,1.9,301.7,21.07,,,,
15/08/2017,21:00,17.2,1.5,259.2,17.48,,,,
15/08/2017,22:00,16.4,1.7,240.3,-152.36,,,,
15/08/2017,23:00,15.4,1.4,233.6,19.68,,,,
16/08/2017,00:00,14.8,1.9,220.8,-88.98,,,,
16/08/2017,01:00,14.1,1.7,214.7,-2.52,,,,
16/08/2017,02:00,13.6,1.7,190.6,32.72,,,,
16/08/2017,03:00,12.9,1.3,154.6,2.56,,,,
16/08/2017,04:00,12.8,1.8,187.8,5.165,,,,
16/08/2017,05:00,13.3,1.6,180,10.47,,,,
16/08/2017,06:00,14.5,1.5,184.5,6.425,,,,
16/08/2017,07:00,16.4,1.8,201.3,-62.78,,,,
16/08/2017,08:00,18.8,2.3,190.3,-18.385,,,,
16/08/2017,09:00,20.7,3,172.4,-2.255,,,,
16/08/2017,10:00,21.3,3.2,184.9,-14.19,,,,
16/08/2017,11:00,21.5,2.5,214.4,-19.02,,,,
16/08/2017,12:00,21.9,2.3,224.5,-10.165,,,,
16/08/2017,13:00,22.5,2.2,196.1,-12.695,,,,
16/08/2017,14:00,23.1,2.8,221.4,-10.99,,,,
16/08/2017,15:00,22.8,2.8,219.1,-23.47,,,,
16/08/2017,16:00,23,2.7,242.3,-12.25,,,,
16/08/2017,17:00,22.4,2.3,279.2,-57.03,,,,
16/08/2017,18:00,20.5,1.5,278.3,-926.825,,,,
16/08/2017,19:00,17.9,0.9,238.5,-8.4,,,,
16/08/2017,20:00,16.4,1.1,141.9,-8.395,,,,
16/08/2017,21:00,15.6,1.8,111.3,4.295,,,,
16/08/2017,22:00,14.9,1.3,113.4,2.285,,,,
16/08/2017,23:00,14.5,2.1,124.5,1.51,,,,
17/08/2017,00:00,14.5,3.4,128.3,1.835,,,,
17/08/2017,01:00,16.6,4.6,139.5,2.58,,,,
17/08/2017,02:00,17.5,5.3,149.9,9.695,,,,
17/08/2017,03:00,17.1,5.3,156.6,30.97,,,,
17/08/2017,04:00,17.2,5.2,164.6,32.17,,,,
17/08/2017,05:00,17.6,4.8,168.1,38.355,,,,
17/08/2017,06:00,18.3,5.1,173.3,64.975,,,,
17/08/2017,07:00,19,5.2,181.6,-876.05,,,,
17/08/2017,08:00,19.5,5.5,186.7,1060.02,,,,
17/08/2017,09:00,18.9,6.7,212.7,1060.02,,,,
17/08/2017,10:00,17.8,5.8,206.4,-2803.945,,,,
17/08/2017,11:00,18.6,4.6,205,-172.255,,,,
17/08/2017,12:00,19.7,5,200.9,-101.21,,,,
17/08/2017,13:00,19.4,4.8,201.1,-108.44,,,,
17/08/2017,14:00,19.2,4.5,192.2,6121.28,,,,
17/08/2017,15:00,19.8,4.5,189.9,-551.4,,,,
17/08/2017,16:00,19.4,4.2,196.5,-425.515,,,,
17/08/2017,17:00,18.8,3.4,214.2,-735.87,,,,
17/08/2017,18:00,18.7,2.4,212.2,555.63,,,,
17/08/2017,19:00,18.3,3.2,206.2,76.04,,,,
17/08/2017,20:00,17.5,2.8,213,45.005,,,,
17/08/2017,21:00,17,3,203.8,54.115,,,,
17/08/2017,22:00,16.6,2.6,191.4,32.395,,,,
17/08/2017,23:00,16.9,2.3,187.7,27.81,,,,
18/08/2017,00:00,17,2.3,181.9,30.905,,,,
18/08/2017,01:00,17.1,2.6,178.7,80.265,,,,
18/08/2017,02:00,16.9,2.2,192.2,12.87,,,,
18/08/2017,03:00,16.5,2,188.3,12.87,,,,
18/08/2017,04:00,16.3,1.5,210.3,-43.04,,,,
18/08/2017,05:00,16.6,1.5,215.4,-77.17,,,,
18/08/2017,06:00,16.6,2.7,175.3,-117.01,,,,
18/08/2017,07:00,17.2,2.9,195.6,-117.01,,,,
18/08/2017,08:00,18.1,3.5,189.4,-117.01,,,,
18/08/2017,09:00,18.7,4.2,198.8,-117.01,,,,
18/08/2017,10:00,19.3,5.1,221.1,-89.395,,,,
18/08/2017,11:00,17.8,3.8,247.1,-493.495,,,,
18/08/2017,12:00,17,2.6,231.8,-905.91,,,,
18/08/2017,13:00,18.3,2.2,228.5,-905.91,,,,
18/08/2017,14:00,19.4,2.8,234.6,-468.925,,,,
18/08/2017,15:00,20.4,3.9,235.8,-16.24,,,,
18/08/2017,16:00,19.2,4.5,246.7,-83.59,,,,
18/08/2017,17:00,17.2,3.7,246.1,-129.27,,,,
18/08/2017,18:00,16.3,3.3,238.7,56.43,,,,
18/08/2017,19:00,15.6,3.4,232.9,81.14,,,,
18/08/2017,20:00,14.8,3.2,238.7,47.24,,,,
18/08/2017,21:00,14.1,2.8,239.2,27.16,,,,
18/08/2017,22:00,13.4,3.2,226.6,72.04,,,,
18/08/2017,23:00,13.3,4.1,221.8,16.135,,,,
19/08/2017,00:00,13.1,4,221.9,82.3,,,,
19/08/2017,01:00,13,4.6,209.9,41.35,,,,
19/08/2017,02:00,12.6,4.6,206.9,87.945,,,,
19/08/2017,03:00,12.4,4.8,203.6,84.15,,,,
19/08/2017,04:00,12.2,4.6,203.4,86.46,,,,
19/08/2017,05:00,12.8,4.9,211.5,60.965,,,,
19/08/2017,06:00,13.1,4.7,227.9,460.525,,,,
19/08/2017,07:00,14.5,5.1,219.1,448.32,,,,
19/08/2017,08:00,15.8,4.4,238.4,-96.885,,,,
19/08/2017,09:00,16.8,4.4,225.6,-19.9,,,,
19/08/2017,10:00,18,4.4,227.2,-32.51,,,,
19/08/2017,11:00,17.8,4.4,239.2,-41.225,,,,
19/08/2017,12:00,17.7,4.5,223,-154.675,,,,
19/08/2017,13:00,17.5,4.1,223,-63.57,,,,
19/08/2017,14:00,18.1,3.6,248.1,-77.025,,,,
19/08/2017,15:00,19.5,5.1,273,-40.775,,,,
19/08/2017,16:00,19.6,4.8,261.4,-46.08,,,,
19/08/2017,17:00,18.5,4,254.7,-105.925,,,,
19/08/2017,18:00,17.2,3.7,246.2,187.94,,,,
19/08/2017,19:00,15.7,2.3,239.6,64.43,,,,
19/08/2017,20:00,14.9,2.8,241.3,40.83,,,,
19/08/2017,21:00,13.9,2.1,229.6,62.095,,,,
19/08/2017,22:00,13.5,2.4,231.6,423.16,,,,
19/08/2017,23:00,13.1,2.4,226.2,15.26,,,,
20/08/2017,00:00,12.6,2.3,226.6,34.46,,,,
20/08/2017,01:00,12.1,2,229.8,30.47,,,,
20/08/2017,02:00,11.8,2,230,23.8,,,,
20/08/2017,03:00,11.6,2.1,225.2,5.305,,,,
20/08/2017,04:00,11.2,2.1,225.1,25.445,,,,
20/08/2017,05:00,11.2,2.2,225.5,15.96,,,,
20/08/2017,06:00,12.2,2.2,230.7,10.09,,,,
20/08/2017,07:00,13.8,2.6,237.8,-31.215,,,,
20/08/2017,08:00,15.6,2.7,230.3,-36.98,,,,
20/08/2017,09:00,17.1,3.3,237.7,-10.205,,,,
20/08/2017,10:00,17.3,3.2,253.1,-17.07,,,,
20/08/2017,11:00,17.9,3.1,246.4,-49.585,,,,
20/08/2017,12:00,19,3.7,268.2,-40.49,,,,
20/08/2017,13:00,19.7,3.6,253.9,-36.655,,,,
20/08/2017,14:00,19.7,3.6,258.5,-28.025,,,,
20/08/2017,15:00,19.9,3.3,248.4,-42.775,,,,
20/08/2017,16:00,19.2,2.8,300.7,-16.34,,,,
20/08/2017,17:00,18.8,2.2,296,-13.135,,,,
20/08/2017,18:00,18,2.2,304.8,232.375,,,,
20/08/2017,19:00,17.1,2,359.3,42.09,,,,
20/08/2017,20:00,15.9,0.9,22.7,38.45,,,,
20/08/2017,21:00,15.3,1.2,134.8,6.625,,,,
20/08/2017,22:00,14.9,1.4,142.1,6.62,,,,
20/08/2017,23:00,14.6,1.2,159.6,-15.21,,,,
21/08/2017,00:00,14.3,1.3,200.8,-5.73,,,,
21/08/2017,01:00,14.2,1.2,251.3,16.99,,,,
21/08/2017,02:00,13.9,1,251.4,21.765,,,,
21/08/2017,03:00,13.5,1.3,188,-10000,,,,
21/08/2017,04:00,13.4,1.7,202.1,-45,,,,
21/08/2017,05:00,13.8,1.6,210.7,37.175,,,,
21/08/2017,06:00,14.3,2.4,196.6,-49.935,,,,
21/08/2017,07:00,14.4,2.1,186.3,-141.025,,,,
21/08/2017,08:00,15.3,1.9,170.5,-65.89,,,,
21/08/2017,09:00,17.6,3.1,164.9,-8.57,,,,
21/08/2017,10:00,18.3,2.9,188.1,-17.41,,,,
21/08/2017,11:00,18.8,3.2,181,-8.58,,,,
21/08/2017,12:00,19.3,3,169.5,-22.975,,,,
21/08/2017,13:00,19.7,2.7,148.9,-23.45,,,,
21/08/2017,14:00,19.5,1.9,148.1,-15.525,,,,
21/08/2017,15:00,19.6,2.1,167.6,-30.535,,,,
21/08/2017,16:00,19.7,1.6,150.1,-31.91,,,,
21/08/2017,17:00,19.4,1.1,136.1,-119.65,,,,
21/08/2017,18:00,18.8,1.3,198.6,-21.74,,,,
21/08/2017,19:00,18.1,1.1,155.4,14.375,,,,
21/08/2017,20:00,17.6,1,134.7,7.5,,,,
21/08/2017,21:00,17.2,1.2,187.9,-13.11,,,,
21/08/2017,22:00,17,1,150,3.895,,,,
21/08/2017,23:00,16.8,0.9,98.5,-20.335,,,,
22/08/2017,00:00,16.7,1.2,81.7,-25.815,,,,
22/08/2017,01:00,16.6,1.3,80.4,-26.5,,,,
22/08/2017,02:00,16.4,1,98.9,-38,,,,
22/08/2017,03:00,16.3,1.4,131.5,1.7,,,,
22/08/2017,04:00,15.7,1.2,123,-28.92,,,,
22/08/2017,05:00,15.8,0.9,114.9,13.08,,,,
22/08/2017,06:00,17.3,1.1,128.3,-5.755,,,,
22/08/2017,07:00,18.6,1.1,127.4,-32.5,,,,
22/08/2017,08:00,19.7,1.4,103.7,-17.255,,,,
22/08/2017,09:00,20.9,1.9,113.1,-10.55,,,,
22/08/2017,10:00,22,1.9,96.1,-18.62,,,,
22/08/2017,11:00,22.7,2.8,147.8,-5.8,,,,
22/08/2017,12:00,22.6,1.9,130,-24.915,,,,
22/08/2017,13:00,23.6,2.2,137.4,-9.44,,,,
22/08/2017,14:00,24,2.4,96.2,-13.855,,,,
22/08/2017,15:00,23.6,2.1,86.4,-42.74,,,,
22/08/2017,16:00,23.2,2,74.5,-423.935,,,,
22/08/2017,17:00,22.4,2.4,84,-603.385,,,,
22/08/2017,18:00,21.3,2.1,82.6,97.06,,,,
22/08/2017,19:00,20.4,2.1,87.2,9.72,,,,
22/08/2017,20:00,19.8,2.1,95.4,16.185,,,,
22/08/2017,21:00,19.3,2.1,92.9,8.895,,,,
22/08/2017,22:00,18.9,2.3,94.8,9.495,,,,
22/08/2017,23:00,18.1,2,99.1,7.29,,,,
23/08/2017,00:00,16.9,2,96.9,2.15,,,,
23/08/2017,01:00,16.2,1.9,102,11.135,,,,
23/08/2017,02:00,15.5,1.9,108,5.045,,,,
23/08/2017,03:00,15,2.3,117.8,5.42,,,,
23/08/2017,04:00,14.8,2.7,123.1,4.33,,,,
23/08/2017,05:00,16.2,4.2,133.5,3.875,,,,
23/08/2017,06:00,18,4.5,137.7,26.07,,,,
23/08/2017,07:00,20.3,4.4,141.1,353.105,,,,
23/08/2017,08:00,22.4,3.4,134.3,-86.355,,,,
23/08/2017,09:00,24.3,2.7,135.7,-44.485,,,,
23/08/2017,10:00,25.6,2.8,128.8,-33.475,,,,
23/08/2017,11:00,26.5,3.3,137.5,-15.075,,,,
23/08/2017,12:00,27.6,3.4,155.2,-31.75,,,,
23/08/2017,13:00,28.7,4,174.3,-25.66,,,,
23/08/2017,14:00,28.8,4.1,204.2,-32.075,,,,
23/08/2017,15:00,27.9,3.9,224.3,669.3,,,,
23/08/2017,16:00,27.1,3.7,221.5,-178.765,,,,
23/08/2017,17:00,24.8,3.5,262.3,-228.51,,,,
23/08/2017,18:00,22.1,4,251.8,71.85,,,,
23/08/2017,19:00,20.3,4.1,255.3,296.42,,,,
23/08/2017,20:00,18.9,4.3,251.6,57.815,,,,
23/08/2017,21:00,17.5,3,243.8,870.955,,,,
23/08/2017,22:00,16.7,2.8,239.2,78.305,,,,
23/08/2017,23:00,16.1,2.5,228.3,72.105,,,,
24/08/2017,00:00,15.5,2.4,226.7,57.53,,,,
24/08/2017,01:00,15.2,2.2,227.6,34.305,,,,
24/08/2017,02:00,15.1,2.3,227.4,59.74,,,,
24/08/2017,03:00,15.1,2,230.7,125.48,,,,
24/08/2017,04:00,15,2.2,231.1,1489.825,,,,
24/08/2017,05:00,15,2.3,232.7,-839.575,,,,
24/08/2017,06:00,15.2,2.3,230.4,-180.66,,,,
24/08/2017,07:00,15.6,2.1,236.5,-224.205,,,,
24/08/2017,08:00,16.7,2.8,234.5,-58.465,,,,
24/08/2017,09:00,18.4,2.7,235.1,-25.49,,,,
24/08/2017,10:00,20.1,2.8,226.6,-22.395,,,,
24/08/2017,11:00,21.4,3.2,232.1,-7.165,,,,
24/08/2017,12:00,22,3.2,248.5,-15.705,,,,
24/08/2017,13:00,22.4,3.7,226.5,-53.12,,,,
24/08/2017,14:00,22.5,3.8,252.6,-22.58,,,,
24/08/2017,15:00,22.1,2.9,270.5,-24.2,,,,
24/08/2017,16:00,21.8,2.3,289,-34.41,,,,
24/08/2017,17:00,21.2,2,277.4,-52.07,,,,
24/08/2017,18:00,19.6,1.4,286.9,68.49,,,,
24/08/2017,19:00,18.6,2.2,16.1,16.26,,,,
24/08/2017,20:00,17.4,2.2,31.8,-44.65,,,,
24/08/2017,21:00,16.2,1.7,56.3,-15.3,,,,
24/08/2017,22:00,15.4,1.7,72.3,-62.835,,,,
24/08/2017,23:00,14.6,1.5,94,6.075,,,,
25/08/2017,00:00,14,1.3,104.8,-5.8,,,,
25/08/2017,01:00,13.7,1.4,115.2,0.62,,,,
25/08/2017,02:00,13.7,1.4,119.2,-2.26,,,,
25/08/2017,03:00,13.9,1.3,117.4,-28.07,,,,
25/08/2017,04:00,14,1.4,107.8,6.96,,,,
25/08/2017,05:00,15.1,1.5,107.3,-9.9,,,,
25/08/2017,06:00,16.4,1.6,108.1,12.005,,,,
25/08/2017,07:00,18.3,1.9,104.2,-15.42,,,,
25/08/2017,08:00,19.8,2,111.9,-64.135,,,,
25/08/2017,09:00,21.2,1.9,98.8,-78.47,,,,
25/08/2017,10:00,22.3,2,106.8,-28.345,,,,
25/08/2017,11:00,23,1.9,122.8,-7.995,,,,
25/08/2017,12:00,23.4,1.7,94.3,-26.03,,,,
25/08/2017,13:00,23.2,1.9,88.8,-50.52,,,,
25/08/2017,14:00,23.9,2,83.1,-7.605,,,,
25/08/2017,15:00,23.8,1.9,60.4,-51.08,,,,
25/08/2017,16:00,23.5,1.8,62.2,-43.585,,,,
25/08/2017,17:00,23,2.1,57.3,-244.48,,,,
25/08/2017,18:00,22.3,1.9,61.2,8716,,,,
25/08/2017,19:00,21.5,2.5,46.7,37.395,,,,
25/08/2017,20:00,20.7,2.3,47.9,57.5,,,,
25/08/2017,21:00,20,2.4,52.2,22.3,,,,
25/08/2017,22:00,19.2,2.1,37.3,6.42,,,,
25/08/2017,23:00,18.8,2.1,42.9,-10.54,,,,
26/08/2017,00:00,18.3,2.1,42.1,-45.85,,,,
26/08/2017,01:00,18,1.9,46.7,22.725,,,,
26/08/2017,02:00,17.6,1.8,63.8,196.68,,,,
26/08/2017,03:00,17.7,1.4,91.7,22.1,,,,
26/08/2017,04:00,17.7,0.8,31.8,16.525,,,,
26/08/2017,05:00,18,0.9,97.4,-37.68,,,,
26/08/2017,06:00,18.3,0.7,154.3,-147.71,,,,
26/08/2017,07:00,19,0.7,292.1,-1.73,,,,
26/08/2017,08:00,20.5,0.9,306.9,-18.21,,,,
26/08/2017,09:00,22.8,1.1,342.1,-4.395,,,,
26/08/2017,10:00,24.2,1.8,13.3,-12.92,,,,
26/08/2017,11:00,24.5,2.4,318.4,-2.96,,,,
26/08/2017,12:00,25,2.1,316.9,-20.905,,,,
26/08/2017,13:00,25.1,2.4,323.4,-2.465,,,,
26/08/2017,14:00,24.9,2,301.7,-17.76,,,,
26/08/2017,15:00,25.1,2.3,294.1,-19.11,,,,
26/08/2017,16:00,24.9,2,310.8,-21.145,,,,
26/08/2017,17:00,23.8,2.6,337.3,-47.855,,,,
26/08/2017,18:00,22.3,2.3,358.4,377.08,,,,
26/08/2017,19:00,21.3,2.7,4.9,33.075,,,,
26/08/2017,20:00,20.3,2.1,17.9,23.22,,,,
26/08/2017,21:00,19.7,2,25.3,-26.42,,,,
26/08/2017,22:00,19.3,1.8,41,-159.62,,,,
26/08/2017,23:00,18.4,1.3,64.6,134.045,,,,
27/08/2017,00:00,17.7,1.4,64.6,-42.1,,,,
27/08/2017,01:00,17.5,1.6,55.8,49.28,,,,
27/08/2017,02:00,17.6,1.8,62.8,0.38,,,,
27/08/2017,03:00,17.2,1.8,55.1,28.935,,,,
27/08/2017,04:00,16.6,1.8,69.9,18.485,,,,
27/08/2017,05:00,16.6,1.9,56.4,3.205,,,,
27/08/2017,06:00,17.2,2,65.8,31.495,,,,
27/08/2017,07:00,17.6,2.3,76.3,-314.88,,,,
27/08/2017,08:00,18.7,2.1,77.5,-137.15,,,,
27/08/2017,09:00,20.7,2.6,69.1,-26.905,,,,
27/08/2017,10:00,22.6,2.3,88,-8.44,,,,
27/08/2017,11:00,23.4,2.3,73.3,-9.9,,,,
27/08/2017,12:00,24.1,2.3,103.5,-16.015,,,,
27/08/2017,13:00,24.3,2.1,111.1,-9.265,,,,
27/08/2017,14:00,24.9,2,95.3,-85.945,,,,
27/08/2017,15:00,25,1.9,76.7,-10.105,,,,
27/08/2017,16:00,24.6,1.6,100.4,-15.17,,,,
27/08/2017,17:00,23.8,1.4,87.6,-26.22,,,,
27/08/2017,18:00,21.9,1.2,88.4,24.255,,,,
27/08/2017,19:00,21.1,1.2,78.6,-9.5,,,,
27/08/2017,20:00,20.2,1.5,84.5,1.2,,,,
27/08/2017,21:00,19.5,1.1,8.4,-10.05,,,,
27/08/2017,22:00,19,1.6,58.7,-14.41,,,,
27/08/2017,23:00,18.2,1.7,69.2,55.2,,,,
28/08/2017,00:00,17.4,1.5,69.2,-6.44,,,,
28/08/2017,01:00,16.5,1.3,74.4,5.725,,,,
28/08/2017,02:00,16,1.3,72.3,-20.7,,,,
28/08/2017,03:00,15.4,1.7,79.1,-14.55,,,,
28/08/2017,04:00,15,1.7,101.2,5.08,,,,
28/08/2017,05:00,14.9,0.6,257.3,-4.68,,,,
28/08/2017,06:00,16.6,0.6,298.5,-174.88,,,,
28/08/2017,07:00,20.5,0.9,16.8,6.195,,,,
28/08/2017,08:00,23,1.1,242,-8.715,,,,
28/08/2017,09:00,24.5,1,338.1,-7.59,,,,
28/08/2017,10:00,25.5,1.5,247.9,-3.94,,,,
28/08/2017,11:00,26.2,1.5,357.8,-453.805,,,,
28/08/2017,12:00,27.2,2.1,217,-25.715,,,,
28/08/2017,13:00,27.6,2.2,253.3,-4.86,,,,
28/08/2017,14:00,27.5,2,248.4,-4.13,,,,
28/08/2017,15:00,27.2,1.5,277.5,-3.675,,,,
28/08/2017,16:00,26.9,1.2,311.4,-13.425,,,,
28/08/2017,17:00,26.2,1,330.9,124.06,,,,
28/08/2017,18:00,23.7,1.2,96.3,-4.66,,,,
28/08/2017,19:00,21.9,1.7,86.6,6.1,,,,
28/08/2017,20:00,20.9,2.1,68,13.095,,,,
28/08/2017,21:00,20,1.9,75.3,5.34,,,,
28/08/2017,22:00,19.3,1.5,96.5,5.64,,,,
28/08/2017,23:00,18.5,1.4,114.2,6.145,,,,
29/08/2017,00:00,18.1,1.8,123.1,-2.32,,,,
29/08/2017,01:00,18,2.8,132.9,1.395,,,,
29/08/2017,02:00,17.7,2.9,139.5,2.495,,,,
29/08/2017,03:00,17.8,1.9,158.4,2.81,,,,
29/08/2017,04:00,18.1,1.5,170.9,4.375,,,,
29/08/2017,05:00,18.6,1.8,147.9,-1.41,,,,
29/08/2017,06:00,20.7,2,162.2,4.28,,,,
29/08/2017,07:00,23.3,1.8,174.6,9.46,,,,
29/08/2017,08:00,25.8,2.4,178.6,-18.31,,,,
29/08/2017,09:00,27.6,2.4,169,-13.885,,,,
29/08/2017,10:00,28.6,2.6,156.7,-5.53,,,,
29/08/2017,11:00,29.6,2.6,187.8,-7.67,,,,
29/08/2017,12:00,30.5,2.3,216.5,-2.575,,,,
29/08/2017,13:00,30.8,2.6,195.4,-6.205,,,,
29/08/2017,14:00,31.1,2.7,210.7,-2.16,,,,
29/08/2017,15:00,31,3.2,206.8,-16.005,,,,
29/08/2017,16:00,30.3,2.7,210.5,-23.81,,,,
29/08/2017,17:00,28.7,2.8,179.9,818.685,,,,
29/08/2017,18:00,25.4,2.3,159.3,10.61,,,,
29/08/2017,19:00,23.7,3,164.3,6.065,,,,
29/08/2017,20:00,24.3,3.4,161.1,10.87,,,,
29/08/2017,21:00,23.4,3,151.8,12.21,,,,
29/08/2017,22:00,22.4,3.3,143.1,8.075,,,,
29/08/2017,23:00,23.1,3.9,151.1,5.27,,,,
30/08/2017,00:00,21.6,3.3,139.7,10.3,,,,
30/08/2017,01:00,20.4,3.2,136.1,3.9,,,,
30/08/2017,02:00,20.3,1.9,238.6,9.99,,,,
30/08/2017,03:00,20.4,3.9,338.5,54.99,,,,
30/08/2017,04:00,20.3,3.3,356.1,262.865,,,,
30/08/2017,05:00,19.9,4.7,14.2,179.435,,,,
30/08/2017,06:00,19.4,3.1,38.6,-10000,,,,
30/08/2017,07:00,19.9,2.3,62.3,-10000,,,,
30/08/2017,08:00,20.8,1.9,80.7,-5002.01,,,,
30/08/2017,09:00,22.4,1.3,350.5,-36.365,,,,
30/08/2017,10:00,23.3,1.6,254.8,-3.605,,,,
30/08/2017,11:00,23.6,2,252.6,-11.46,,,,
30/08/2017,12:00,23.5,1.9,252.2,-17.765,,,,
30/08/2017,13:00,23.3,2,246.5,-24.25,,,,
30/08/2017,14:00,23.1,1.9,261.9,-38.745,,,,
30/08/2017,15:00,21.6,2.7,272.9,-16.395,,,,
30/08/2017,16:00,18.3,2.4,252.6,-5017.81,,,,
30/08/2017,17:00,18.1,3.9,286.1,-10000,,,,
30/08/2017,18:00,15.8,5.3,329.5,1774.48,,,,
30/08/2017,19:00,14.9,5.4,334.7,-7637.32,,,,
30/08/2017,20:00,14.4,4.8,337.1,-9448.18,,,,
30/08/2017,21:00,14.2,3.8,335.2,-395.23,,,,
30/08/2017,22:00,14,3.6,335.6,-10000,,,,
30/08/2017,23:00,13.9,2.9,319.6,-10000,,,,
31/08/2017,00:00,13.6,3.4,323.8,-10000,,,,
31/08/2017,01:00,13.1,3.7,295.4,-10000,,,,
31/08/2017,02:00,12.8,3.5,294.1,-10000,,,,
31/08/2017,03:00,12.7,3.8,288.8,-10000,,,,
31/08/2017,04:00,12.5,3.6,279.2,-10000,,,,
31/08/2017,05:00,12.4,3.1,271.7,-10000,,,,
31/08/2017,06:00,12.4,2.5,261.1,-10000,,,,
31/08/2017,07:00,13,2.5,259,-5018.305,,,,
31/08/2017,08:00,14.1,2.5,257.9,-24.025,,,,
31/08/2017,09:00,16.1,2.8,266.1,-15.97,,,,
31/08/2017,10:00,17.3,3.4,266.3,-10.73,,,,
31/08/2017,11:00,18.2,3.3,239.8,-18.94,,,,
31/08/2017,12:00,18.9,3.2,238.7,-17.675,,,,
31/08/2017,13:00,19.6,3.5,254,-24.265,,,,
31/08/2017,14:00,19.7,3.3,231.2,-14.31,,,,
31/08/2017,15:00,19.2,3,244.4,-21.51,,,,
31/08/2017,16:00,18.7,2.2,235.3,-97.27,,,,
31/08/2017,17:00,16.5,3.3,212.3,1049.96,,,,
31/08/2017,18:00,15.3,1.1,235.9,-64.115,,,,
31/08/2017,19:00,14.7,1,180.5,-10000,,,,
31/08/2017,20:00,13.7,1.4,169.9,24.315,,,,
31/08/2017,21:00,12.8,1.5,200.7,7.91,,,,
31/08/2017,22:00,12.2,1.8,158.9,3.915,,,,
31/08/2017,23:00,11.9,1.6,185.9,11.16,,,,
01/09/2017,00:00,11.5,1.7,196.6,9.035,,,,
01/09/2017,01:00,11.2,1.8,204.6,2.74,,,,
01/09/2017,02:00,10.8,1.5,204.8,2.99,,,,
01/09/2017,03:00,10.4,1.5,183.5,-4,,,,
01/09/2017,04:00,9.9,1.3,200.2,-10000,,,,
01/09/2017,05:00,10.2,1.5,196.4,10.12,,,,
01/09/2017,06:00,11.5,1.1,137.5,-11.24,,,,
01/09/2017,07:00,13.5,0.9,199.4,27.555,,,,
01/09/2017,08:00,15.5,1.5,266.5,-2.3,,,,
01/09/2017,09:00,16.9,1.9,302.3,-16.525,,,,
01/09/2017,10:00,18.2,1.9,266.8,-13.425,,,,
01/09/2017,11:00,18.9,2.4,277.3,-3.195,,,,
01/09/2017,12:00,19.6,2.3,246.3,-2.955,,,,
01/09/2017,13:00,19.4,2.1,237.2,-5.235,,,,
01/09/2017,14:00,18.2,3.6,285.6,-10.085,,,,
01/09/2017,15:00,15.3,2.9,232.8,-552.325,,,,
01/09/2017,16:00,13.9,2.2,148.2,-10000,,,,
01/09/2017,17:00,14.3,1.2,269.2,-10000,,,,
01/09/2017,18:00,13.6,1.4,258.4,109.66,,,,
01/09/2017,19:00,13.1,1.3,295.9,32.535,,,,
01/09/2017,20:00,12.1,1,295.7,5.735,,,,
01/09/2017,21:00,11.8,0.9,341,-3.29,,,,
01/09/2017,22:00,11.5,1.3,319,-17.365,,,,
01/09/2017,23:00,11.1,1.6,265.4,-3.51,,,,
02/09/2017,00:00,10.6,1.1,258.2,-13.83,,,,
02/09/2017,01:00,10.2,1.2,275,24.575,,,,
02/09/2017,02:00,10.1,1.1,275.1,-8.4,,,,
02/09/2017,03:00,10.1,0.7,289.7,11.735,,,,
02/09/2017,04:00,10.3,1.1,276.7,183.68,,,,
02/09/2017,05:00,10.6,1,327.1,51.145,,,,
02/09/2017,06:00,11.9,0.9,325.3,-4.48,,,,
02/09/2017,07:00,12.4,1.1,318.3,-10.835,,,,
02/09/2017,08:00,13.3,1.3,354.4,-5.98,,,,
02/09/2017,09:00,16.3,2.3,4.7,-17.395,,,,
02/09/2017,10:00,17.3,2.3,19.5,-14.825,,,,
02/09/2017,11:00,17.7,1.9,35,-38.195,,,,
02/09/2017,12:00,19.4,2.2,29.1,-12.845,,,,
02/09/2017,13:00,19.5,3,26.9,-19.325,,,,
02/09/2017,14:00,19.1,3.1,0.1,-10.485,,,,
02/09/2017,15:00,19.5,3,342.7,-117.645,,,,
02/09/2017,16:00,18.8,3.5,9.5,-26.1,,,,
02/09/2017,17:00,18.1,3.5,334.2,-239.275,,,,
02/09/2017,18:00,16.8,3,343.5,262.18,,,,
02/09/2017,19:00,15.7,2,352.1,46.925,,,,
02/09/2017,20:00,13.8,1.5,1,18.04,,,,
02/09/2017,21:00,12.6,1.5,38,22.15,,,,
02/09/2017,22:00,11.7,1.5,31.1,3.59,,,,
02/09/2017,23:00,11.1,0.4,75.2,-4.705,,,,
03/09/2017,00:00,10.5,0.6,326.5,2.32,,,,
03/09/2017,01:00,10.3,0.7,322.1,3.09,,,,
03/09/2017,02:00,10,1.1,92.9,-10000,,,,
03/09/2017,03:00,9.8,1,168,-25.21,,,,
03/09/2017,04:00,9.5,1.7,138.4,-19.01,,,,
03/09/2017,05:00,9.4,0.8,135.6,35.835,,,,
03/09/2017,06:00,10.9,1.5,105.3,21.74,,,,
03/09/2017,07:00,13.7,1.7,185.4,10.4,,,,
03/09/2017,08:00,15.7,2.1,174.9,-26.38,,,,
03/09/2017,09:00,17.5,2.6,168.2,-9.54,,,,
03/09/2017,10:00,18.4,4.1,179.7,-6.35,,,,
03/09/2017,11:00,18.4,3.4,201.9,-26.31,,,,
03/09/2017,12:00,18.8,3.5,195.5,-48.895,,,,
03/09/2017,13:00,19.1,3.2,198.2,-24.99,,,,
03/09/2017,14:00,18.9,3.4,190.4,-5.25,,,,
03/09/2017,15:00,19.1,2.8,198.8,-41.325,,,,
03/09/2017,16:00,18.5,2.2,203.4,-50.995,,,,
03/09/2017,17:00,17.6,1.6,198.1,-5159.18,,,,
03/09/2017,18:00,15.6,1.3,138.7,-4.13,,,,
03/09/2017,19:00,14.2,2,137.7,-4.135,,,,
03/09/2017,20:00,13.4,2.5,137.2,4.36,,,,
03/09/2017,21:00,12.6,2.6,133.7,1.935,,,,
03/09/2017,22:00,12.2,3.1,131.6,2.185,,,,
03/09/2017,23:00,12.7,3.7,137.7,-4.34,,,,
04/09/2017,00:00,13.9,4.2,143.6,17.225,,,,
04/09/2017,01:00,14.2,4.5,143.8,19.695,,,,
04/09/2017,02:00,14,4.5,155.4,40.44,,,,
04/09/2017,03:00,13.6,3.7,150.8,34.595,,,,
04/09/2017,04:00,13.7,3.3,147.7,36.175,,,,
04/09/2017,05:00,13.8,3.3,137.6,69.925,,,,
04/09/2017,06:00,14.2,3.5,156.1,64.965,,,,
04/09/2017,07:00,14.6,2.6,174.1,452.53,,,,
04/09/2017,08:00,16,3.2,160.8,-257.555,,,,
04/09/2017,09:00,17.7,3,140.4,-25.89,,,,
04/09/2017,10:00,18.7,3.7,175.1,-30.645,,,,
04/09/2017,11:00,18.4,4.6,189.7,-28.21,,,,
04/09/2017,12:00,17.1,3.7,185.2,-77.27,,,,
04/09/2017,13:00,16.3,3,178.4,-29.445,,,,
04/09/2017,14:00,16.2,2.7,165.6,-5010.545,,,,
04/09/2017,15:00,16.4,2.4,176.7,-10000,,,,
04/09/2017,16:00,16.5,2,177.5,-18.32,,,,
04/09/2017,17:00,16.7,2.1,179.7,-6.675,,,,
04/09/2017,18:00,16.8,2.1,175.6,-44.66,,,,
04/09/2017,19:00,16.8,1.7,194.2,78.515,,,,
04/09/2017,20:00,16.7,1.5,178.6,23.75,,,,
04/09/2017,21:00,16.6,1.6,164.1,16.805,,,,
04/09/2017,22:00,16.5,1.8,169,11.25,,,,
04/09/2017,23:00,16.6,1.7,178.5,16.4,,,,
05/09/2017,00:00,16.8,2.1,176.5,12.905,,,,
05/09/2017,01:00,16.7,2.1,177.4,168.395,,,,
05/09/2017,02:00,16.6,1.8,188.5,47.67,,,,
05/09/2017,03:00,16.6,2,186.1,45.26,,,,
05/09/2017,04:00,16.6,2,185.8,27.225,,,,
05/09/2017,05:00,16.5,2.7,180.5,30.1,,,,
05/09/2017,06:00,17.1,2.7,178.6,62.435,,,,
05/09/2017,07:00,17.7,2.5,172.7,-239.905,,,,
05/09/2017,08:00,18.9,2.9,178.6,-28.42,,,,
05/09/2017,09:00,20.6,3.6,181.2,-21.9,,,,
05/09/2017,10:00,21.5,3.6,201,-39.575,,,,
05/09/2017,11:00,21.1,2.3,209.7,231.37,,,,
05/09/2017,12:00,22.2,3.5,202.6,-87.145,,,,
05/09/2017,13:00,22.6,4.3,214.1,-19.315,,,,
05/09/2017,14:00,22.1,4.2,200.5,-67.93,,,,
05/09/2017,15:00,22.4,4.8,201.6,-91.9,,,,
05/09/2017,16:00,21.8,5.2,211.1,-5021.195,,,,
05/09/2017,17:00,20.8,4.4,216.7,91.35,,,,
05/09/2017,18:00,20.2,3.6,226.6,168.08,,,,
05/09/2017,19:00,19.6,3.4,206.3,109.825,,,,
05/09/2017,20:00,19,3.5,196.2,129.125,,,,
05/09/2017,21:00,18.7,4.3,188.7,74.38,,,,
05/09/2017,22:00,18.5,4.7,182.6,54.8,,,,
05/09/2017,23:00,18.7,4.6,211.2,80.795,,,,
06/09/2017,00:00,18,3.9,231.5,142.445,,,,
06/09/2017,01:00,17,4,235.9,-10000,,,,
06/09/2017,02:00,16.8,3.4,240.2,-10000,,,,
06/09/2017,03:00,16.6,4.9,260.3,-10000,,,,
06/09/2017,04:00,15.2,5.5,273.7,-10000,,,,
06/09/2017,05:00,14.4,3.6,257.7,254.98,,,,
06/09/2017,06:00,14.4,3.6,256.4,126.36,,,,
06/09/2017,07:00,15,4.2,263.4,-541.15,,,,
06/09/2017,08:00,16.3,4.2,263.4,-148.97,,,,
06/09/2017,09:00,17.3,4.8,265.4,-24.715,,,,
06/09/2017,10:00,17.1,4.9,264.2,-131.845,,,,
06/09/2017,11:00,17.3,4.3,266.8,-84.755,,,,
06/09/2017,12:00,17.4,4.3,251.3,-47.855,,,,
06/09/2017,13:00,17.7,4.8,265.7,-47.78,,,,
06/09/2017,14:00,17.6,4.7,282.1,-146.495,,,,
06/09/2017,15:00,16.6,3.6,315.7,-106.415,,,,
06/09/2017,16:00,16.5,2.7,286.7,-328.88,,,,
06/09/2017,17:00,16.2,2.7,278.5,80,,,,
06/09/2017,18:00,15.9,2,265,67.15,,,,
06/09/2017,19:00,15.5,1.8,253.3,29.725,,,,
06/09/2017,20:00,15.3,2.3,268.6,26.195,,,,
06/09/2017,21:00,15,2.1,255,41.19,,,,
06/09/2017,22:00,14.6,1.5,234.5,38.885,,,,
06/09/2017,23:00,14.1,1.6,229.2,106.03,,,,
07/09/2017,00:00,14,1.5,231.6,22.945,,,,
07/09/2017,01:00,13.7,1.9,215.7,124.045,,,,
07/09/2017,02:00,13.1,2.3,200.8,90.35,,,,
07/09/2017,03:00,12.7,2.3,209.3,59.05,,,,
07/09/2017,04:00,12.6,2.2,213.2,110.805,,,,
07/09/2017,05:00,12.5,2.5,219.1,92.74,,,,
07/09/2017,06:00,12.7,2,210.3,106.595,,,,
07/09/2017,07:00,14,2.4,221.8,356.61,,,,
07/09/2017,08:00,15.3,2.5,215.3,-40.49,,,,
07/09/2017,09:00,16.3,3.2,226.4,-30.325,,,,
07/09/2017,10:00,16.6,3.5,233.8,-36.01,,,,
07/09/2017,11:00,15.5,3.4,233.4,-57.625,,,,
07/09/2017,12:00,16.3,3,229.4,-1511.615,,,,
07/09/2017,13:00,17.2,4,223.3,-2966.1,,,,
07/09/2017,14:00,16.7,3.3,214.6,-12.765,,,,
07/09/2017,15:00,16.5,4.2,205.2,-32.27,,,,
07/09/2017,16:00,15.9,4,196.4,-991.345,,,,
07/09/2017,17:00,15.8,4,196.1,-315.63,,,,
07/09/2017,18:00,15.4,4.6,186.1,165.8,,,,
07/09/2017,19:00,15.2,4.4,188.9,78.65,,,,
07/09/2017,20:00,15.4,4.2,192.4,93.96,,,,
07/09/2017,21:00,15.3,3.5,204.2,154.59,,,,
07/09/2017,22:00,15.4,4.3,210.2,118.64,,,,
07/09/2017,23:00,15.4,5,211.1,146.01,,,,
08/09/2017,00:00,15.4,5.5,208.9,254.08,,,,
08/09/2017,01:00,15.2,5,207.5,179.875,,,,
08/09/2017,02:00,15.1,5.4,200.4,240.095,,,,
08/09/2017,03:00,15,6,208.6,255.57,,,,
08/09/2017,04:00,13.8,4.8,198.9,500.61,,,,
08/09/2017,05:00,14.2,5.4,199.3,500.61,,,,
08/09/2017,06:00,14.7,6.1,202.4,500.61,,,,
08/09/2017,07:00,14.7,6.5,204.3,507.595,,,,
08/09/2017,08:00,14.1,5.6,202.4,1148.5,,,,
08/09/2017,09:00,14.3,6.1,204.8,1148.5,,,,
08/09/2017,10:00,14.8,6.2,202.4,1148.5,,,,
08/09/2017,11:00,15.3,6.6,206.2,1148.5,,,,
08/09/2017,12:00,16,5.7,209.3,1148.5,,,,
08/09/2017,13:00,16.1,5.5,207.4,-508.27,,,,
08/09/2017,14:00,15.7,5,213.8,-508.27,,,,
08/09/2017,15:00,15.5,4.3,211.8,-508.27,,,,
08/09/2017,16:00,15.5,4.9,207.1,-508.27,,,,
08/09/2017,17:00,15.5,4.2,208.9,-508.27,,,,
08/09/2017,18:00,15.4,4.5,190.7,187.585,,,,
08/09/2017,19:00,14.8,3.9,220.1,145.93,,,,
08/09/2017,20:00,14.6,2.3,233.5,120.96,,,,
08/09/2017,21:00,14,2.8,216.7,95.99,,,,
08/09/2017,22:00,14,3.5,200.2,158.35,,,,
08/09/2017,23:00,13.8,3.9,194.5,156.08,,,,
09/09/2017,00:00,13.6,4.7,186.4,133.715,,,,
09/09/2017,01:00,13.3,4.3,195.4,221.47,,,,
09/09/2017,02:00,13.1,3.8,196.2,221.47,,,,
09/09/2017,03:00,13.1,4,194.4,221.47,,,,
09/09/2017,04:00,13.2,4,218.2,221.47,,,,
09/09/2017,05:00,12.8,3.6,236.9,221.47,,,,
09/09/2017,06:00,12.6,2.9,228,221.47,,,,
09/09/2017,07:00,12.7,2.6,229.9,221.47,,,,
09/09/2017,08:00,13.4,2.5,231.4,-92.22,,,,
09/09/2017,09:00,13.2,2.3,234.7,-39.6,,,,
09/09/2017,10:00,13.5,1.3,335.7,-24.35,,,,
09/09/2017,11:00,14,1.8,312.2,-24.35,,,,
09/09/2017,12:00,14.6,1.9,316.4,-24.35,,,,
09/09/2017,13:00,14.8,1.3,197,-18.105,,,,
09/09/2017,14:00,15.1,1.4,208.8,-2.95,,,,
09/09/2017,15:00,14.2,1.5,40.7,-2.95,,,,
09/09/2017,16:00,14.4,1.1,279.7,-2.95,,,,
09/09/2017,17:00,13.8,1.7,159.5,-134.23,,,,
09/09/2017,18:00,12.9,1.8,128.9,-264.06,,,,
09/09/2017,19:00,12.7,1.8,133.3,-20.37,,,,
09/09/2017,20:00,11.9,1.8,126.8,-2.53,,,,
09/09/2017,21:00,10.8,2.2,141.2,-2.53,,,,
09/09/2017,22:00,10.6,2.5,164.8,-2.53,,,,
09/09/2017,23:00,10.5,2.4,185.7,-2.53,,,,
10/09/2017,00:00,10.3,2.5,202.7,-2.53,,,,
10/09/2017,01:00,10.2,2.5,212,-2.53,,,,
10/09/2017,02:00,10,2.5,192.2,-2.53,,,,
10/09/2017,03:00,9.5,2.9,182.1,-2.53,,,,
10/09/2017,04:00,9.5,2.8,189.7,-2.53,,,,
10/09/2017,05:00,9.5,2.6,199.7,-2.53,,,,
10/09/2017,06:00,10.1,2.8,192.5,-187.485,,,,
10/09/2017,07:00,10.5,3.6,196.3,1164.62,,,,
10/09/2017,08:00,11.2,4,195.7,2068.69,,,,
10/09/2017,09:00,12.2,4.2,197.8,-27.46,,,,
10/09/2017,10:00,13,4.3,203.9,-28.48,,,,
10/09/2017,11:00,13.7,5.5,203.3,-65.655,,,,
10/09/2017,12:00,14.9,5.4,190.6,-133.41,,,,
10/09/2017,13:00,16.1,6.3,185.3,-33.04,,,,
10/09/2017,14:00,16.5,6.4,184.8,-46.905,,,,
10/09/2017,15:00,16.6,7.1,183.5,-52.46,,,,
10/09/2017,16:00,16,7.1,177.3,-159.33,,,,
10/09/2017,17:00,15.4,7,174,-1111.47,,,,
10/09/2017,18:00,15.1,7.5,175.9,367.575,,,,
10/09/2017,19:00,15.1,8.1,176.2,254.84,,,,
10/09/2017,20:00,15.1,8.2,179.3,376.725,,,,
10/09/2017,21:00,14.8,8.2,190.2,416.45,,,,
10/09/2017,22:00,13.9,7,196.3,340.13,,,,
10/09/2017,23:00,13.7,7,198.4,340.13,,,,
11/09/2017,00:00,13.6,6.8,206,448.13,,,,
11/09/2017,01:00,13.5,5.9,210,647.63,,,,
11/09/2017,02:00,12.8,5,207.6,447.22,,,,
11/09/2017,03:00,12.3,5.2,214.4,301.265,,,,
11/09/2017,04:00,12.3,5.1,214.1,118.615,,,,
11/09/2017,05:00,12.3,5,209.5,213.335,,,,
11/09/2017,06:00,12.5,5.6,205.9,185.235,,,,
11/09/2017,07:00,13.2,6.2,212.6,1235.035,,,,
11/09/2017,08:00,14,7.2,216.3,2267.55,,,,
11/09/2017,09:00,14.8,7.2,215.7,-428.85,,,,
11/09/2017,10:00,15.5,7.9,220.3,-224.385,,,,
11/09/2017,11:00,16.4,8.4,216.4,-306.57,,,,
11/09/2017,12:00,16.1,8,214.9,-194.78,,,,
11/09/2017,13:00,15.5,7.6,216.8,-283.915,,,,
11/09/2017,14:00,14,6.2,211.8,1044.24,,,,
11/09/2017,15:00,13.1,6.1,205.8,1044.24,,,,
11/09/2017,16:00,14,6.1,203.8,1044.24,,,,
11/09/2017,17:00,14.1,6.7,207.7,-2827.955,,,,
11/09/2017,18:00,13.9,6.4,213.7,412.27,,,,
11/09/2017,19:00,13.8,6.4,210.2,370.165,,,,
11/09/2017,20:00,13.4,6.1,211.4,218.235,,,,
11/09/2017,21:00,13.4,6.1,216.6,276.805,,,,
11/09/2017,22:00,13.3,5.5,221.2,349.78,,,,
11/09/2017,23:00,12.6,4.3,226.9,345.38,,,,
12/09/2017,00:00,12.4,3.9,229.2,345.38,,,,
12/09/2017,01:00,12,3.8,225.6,345.38,,,,
12/09/2017,02:00,11.7,3.6,225.2,345.38,,,,
12/09/2017,03:00,11.6,3.5,225.3,644.16,,,,
12/09/2017,04:00,11.7,3.4,224.9,573.71,,,,
12/09/2017,05:00,11.8,3.8,224.8,997.67,,,,
12/09/2017,06:00,12,3.3,229.9,214.165,,,,
12/09/2017,07:00,12.5,3.7,240.9,-379.88,,,,
12/09/2017,08:00,13.8,3.6,242.9,-204.355,,,,
12/09/2017,09:00,14.6,4.3,238.2,-146.51,,,,
12/09/2017,10:00,16.1,4.8,244,-221.465,,,,
12/09/2017,11:00,16.8,4.7,247.6,-54.275,,,,
12/09/2017,12:00,17.4,5.1,250.9,-67.02,,,,
12/09/2017,13:00,18.1,5.5,249,-47.505,,,,
12/09/2017,14:00,18.3,5,244.3,-61.79,,,,
12/09/2017,15:00,18,4.5,247.9,-75.845,,,,
12/09/2017,16:00,16.8,4.1,229.7,-22.6,,,,
12/09/2017,17:00,15.7,3.5,227.6,106.9,,,,
12/09/2017,18:00,14,3.9,196.5,60.62,,,,
12/09/2017,19:00,13.2,4.7,193.1,72.595,,,,
12/09/2017,20:00,13.3,5.1,184.1,80.04,,,,
12/09/2017,21:00,13.3,6.1,184,199.48,,,,
12/09/2017,22:00,13.5,6.6,177.8,190.675,,,,
12/09/2017,23:00,14,8.4,187.3,241.515,,,,
13/09/2017,00:00,14.2,10,196,444.24,,,,
13/09/2017,01:00,12.3,8.7,196.4,439.72,,,,
13/09/2017,02:00,12.4,8.8,196.6,435.2,,,,
13/09/2017,03:00,13.1,8.6,199.4,435.2,,,,
13/09/2017,04:00,13.9,9.4,212.7,435.2,,,,
13/09/2017,05:00,14.5,7.6,224.9,435.2,,,,
13/09/2017,06:00,14.7,7.4,227.5,524.87,,,,
13/09/2017,07:00,14.8,7,229.3,718.52,,,,
13/09/2017,08:00,14.9,6.6,229.7,655.51,,,,
13/09/2017,09:00,16,7.4,231.1,-482.21,,,,
13/09/2017,10:00,16.5,6.7,232.3,-175.835,,,,
13/09/2017,11:00,16.5,6.8,230.6,-147.295,,,,
13/09/2017,12:00,14.9,6.6,225.9,-419.17,,,,
13/09/2017,13:00,16.4,6.1,231.7,-593.4,,,,
13/09/2017,14:00,17.4,6.7,231.7,-78.7,,,,
13/09/2017,15:00,17.2,6.8,245.2,-92.105,,,,
13/09/2017,16:00,16.6,5.6,238.5,-1695.415,,,,
13/09/2017,17:00,15.6,4.6,226.9,632.56,,,,
13/09/2017,18:00,14.7,5,218.3,99.145,,,,
13/09/2017,19:00,14.2,6.5,212.4,53.77,,,,
13/09/2017,20:00,13.7,5.3,228.2,287.62,,,,
13/09/2017,21:00,13.4,4.9,229.4,369.14,,,,
13/09/2017,22:00,12.6,4.4,226.8,438.235,,,,
13/09/2017,23:00,11.9,4.4,221.7,86.195,,,,
14/09/2017,00:00,11.8,4,221.9,84.1,,,,
14/09/2017,01:00,12,4.1,222.5,136.94,,,,
14/09/2017,02:00,11.6,3.6,220.9,164.355,,,,
14/09/2017,03:00,10.8,3.3,217.6,119.85,,,,
14/09/2017,04:00,10.6,4.1,221.5,145.55,,,,
14/09/2017,05:00,10.2,4.6,222.5,287.58,,,,
14/09/2017,06:00,10.4,4.8,231.1,249.49,,,,
14/09/2017,07:00,10.9,4.7,237.7,-380.14,,,,
14/09/2017,08:00,11.8,5.4,249,-115.405,,,,
14/09/2017,09:00,13.2,5.7,247.9,-144.9,,,,
14/09/2017,10:00,13.9,6.2,250.8,-77.705,,,,
14/09/2017,11:00,11.9,5.9,261.6,-79.815,,,,
14/09/2017,12:00,10.9,5,260.6,-111.78,,,,
14/09/2017,13:00,11.1,4.9,254.4,-111.78,,,,
14/09/2017,14:00,11.2,4.7,248.9,-111.78,,,,
14/09/2017,15:00,11.9,4.8,248.7,-111.78,,,,
14/09/2017,16:00,12.6,4.6,248.3,4249.58,,,,
14/09/2017,17:00,12.8,3.8,254.9,255.3,,,,
14/09/2017,18:00,11.3,4,283.4,287.22,,,,
14/09/2017,19:00,10.7,2,252.6,103.13,,,,
14/09/2017,20:00,10.4,1.3,253,-503.27,,,,
14/09/2017,21:00,9.8,1.9,212,-40.855,,,,
14/09/2017,22:00,9.9,2.1,209.6,-18.62,,,,
14/09/2017,23:00,10.1,2.3,198.2,15.005,,,,
15/09/2017,00:00,10.1,2.4,198.2,30.21,,,,
15/09/2017,01:00,9.9,2.1,193.9,50.775,,,,
15/09/2017,02:00,9.9,2.1,200.5,172.715,,,,
15/09/2017,03:00,10.4,2,213.1,-41.55,,,,
15/09/2017,04:00,10.5,2,232.5,45.09,,,,
15/09/2017,05:00,10,2.6,203.2,-41.76,,,,
15/09/2017,06:00,9.9,2.7,207.6,-41.76,,,,
15/09/2017,07:00,10.2,2.3,212.1,-41.76,,,,
15/09/2017,08:00,10.9,2.1,231,-41.76,,,,
15/09/2017,09:00,11.5,2.3,242.1,-41.76,,,,
15/09/2017,10:00,13.1,3.4,237,-186.68,,,,
15/09/2017,11:00,14.8,3.7,221.8,-18.81,,,,
15/09/2017,12:00,14.7,2.7,251.2,-15.005,,,,
15/09/2017,13:00,13.3,2.6,283.4,-18.105,,,,
15/09/2017,14:00,13,1.3,306.7,-23.35,,,,
15/09/2017,15:00,14.6,2.4,276.9,-12.44,,,,
15/09/2017,16:00,14.5,2.4,274.6,-29.61,,,,
15/09/2017,17:00,13.2,1.8,275.3,151.27,,,,
15/09/2017,18:00,11,1,239.5,25.425,,,,
15/09/2017,19:00,9.9,1.3,212.4,9.55,,,,
15/09/2017,20:00,9.4,1.6,208.3,-3.33,,,,
15/09/2017,21:00,9.5,1.5,185.8,5.16,,,,
15/09/2017,22:00,9,1.9,206.9,-2,,,,
15/09/2017,23:00,8.5,2,199,8.1,,,,
16/09/2017,00:00,8.1,2.2,203.8,4.935,,,,
16/09/2017,01:00,7.7,2.1,202.3,7.91,,,,
16/09/2017,02:00,7.3,2.1,209.8,12.38,,,,
16/09/2017,03:00,7.2,2.1,202.5,51.745,,,,
16/09/2017,04:00,6.8,2.1,199.8,9.31,,,,
16/09/2017,05:00,7.1,2.5,203.1,10.38,,,,
16/09/2017,06:00,7.9,2.4,196.9,15.64,,,,
16/09/2017,07:00,10.2,2.4,209.9,53.06,,,,
16/09/2017,08:00,12.3,2.5,227.4,-9.53,,,,
16/09/2017,09:00,13.5,3,232.5,-19.61,,,,
16/09/2017,10:00,13.5,2.6,249.8,-32,,,,
16/09/2017,11:00,14.1,2.9,240.1,-11.75,,,,
16/09/2017,12:00,14.6,2.4,204,-39.11,,,,
16/09/2017,13:00,15.6,3.1,233.7,-37.94,,,,
16/09/2017,14:00,14.9,2.8,271.5,-25.915,,,,
16/09/2017,15:00,14.2,2.1,284.2,-65.035,,,,
16/09/2017,16:00,13.4,1.8,292.2,1210.92,,,,
16/09/2017,17:00,12.2,1.1,300.3,-370.71,,,,
16/09/2017,18:00,10.8,1.1,189.3,2.49,,,,
16/09/2017,19:00,10.2,1.4,141.6,-20.27,,,,
16/09/2017,20:00,9.7,1.2,189.8,2.8,,,,
16/09/2017,21:00,9,1.8,144.6,9.94,,,,
16/09/2017,22:00,8.3,1.8,155.7,2.025,,,,
16/09/2017,23:00,7.9,1.8,160.6,-6.41,,,,
17/09/2017,00:00,7.3,1.6,143.9,38.9,,,,
17/09/2017,01:00,7.1,1.4,146.9,6.01,,,,
17/09/2017,02:00,6.7,1.5,154.5,11.21,,,,
17/09/2017,03:00,6.5,1.5,154.1,10.4,,,,
17/09/2017,04:00,6.5,1.8,149.1,0.98,,,,
17/09/2017,05:00,6.3,2.1,144.2,9.5,,,,
17/09/2017,06:00,7.3,1.8,147.3,16.885,,,,
17/09/2017,07:00,9.6,1.8,185.1,8.32,,,,
17/09/2017,08:00,12.3,2,197.6,71.14,,,,
17/09/2017,09:00,14.3,2.2,198.6,-7.735,,,,
17/09/2017,10:00,15.1,2.4,211.9,-17.745,,,,
17/09/2017,11:00,14.7,2,214.2,-2.845,,,,
17/09/2017,12:00,15.2,2,202.1,-33.865,,,,
17/09/2017,13:00,16.1,2.2,264.4,-6.07,,,,
17/09/2017,14:00,16.3,2.2,260.9,-5.87,,,,
17/09/2017,15:00,15.8,1.6,286.1,-14.4,,,,
17/09/2017,16:00,15.4,1.6,222.8,-26.775,,,,
17/09/2017,17:00,13.8,1.6,208.8,29.73,,,,
17/09/2017,18:00,12.1,1.6,212.8,6.34,,,,
17/09/2017,19:00,10.9,1.6,248.1,8.08,,,,
17/09/2017,20:00,11.2,1.7,249.9,21.78,,,,
17/09/2017,21:00,10.8,1.2,245.4,21.78,,,,
17/09/2017,22:00,10.2,1.7,209.6,21.78,,,,
17/09/2017,23:00,9.3,2.1,191.8,20.245,,,,
18/09/2017,00:00,9.1,2.3,200.7,29.045,,,,
18/09/2017,01:00,9.2,2,199,27.33,,,,
18/09/2017,02:00,9.6,2.1,218.9,43.485,,,,
18/09/2017,03:00,9.5,2.2,222.4,65.875,,,,
18/09/2017,04:00,9.6,2,233,23.21,,,,
18/09/2017,05:00,9.7,2.1,227.9,125.5,,,,
18/09/2017,06:00,9.8,2.4,220.4,125.5,,,,
18/09/2017,07:00,10.6,2.7,217.9,-77.1,,,,
18/09/2017,08:00,12.2,3.1,224.2,-77.1,,,,
18/09/2017,09:00,13.6,3.2,226.1,-28.12,,,,
18/09/2017,10:00,14.5,4,232.2,-28.085,,,,
18/09/2017,11:00,13.2,3.9,256.7,-32.52,,,,
18/09/2017,12:00,12.9,2.7,236.5,-1.93,,,,
18/09/2017,13:00,13.5,3,221.7,-1.93,,,,
18/09/2017,14:00,14.4,3.3,242.1,-27.88,,,,
18/09/2017,15:00,14.2,3.3,242.5,-65.085,,,,
18/09/2017,16:00,13.3,3,251.2,-57.1,,,,
18/09/2017,17:00,12.7,2.7,246.4,120.91,,,,
18/09/2017,18:00,12.2,2,237.6,-404.2,,,,
18/09/2017,19:00,11.8,2.2,237.9,87.015,,,,
18/09/2017,20:00,11.6,2.7,247.4,60.37,,,,
18/09/2017,21:00,11.3,2.4,247.5,122.7,,,,
18/09/2017,22:00,10.8,2.6,253.4,28.34,,,,
18/09/2017,23:00,10.6,2.4,250.8,20.455,,,,
19/09/2017,00:00,10.3,2,239.1,50.365,,,,
19/09/2017,01:00,10.3,2.5,245.5,15.3,,,,
19/09/2017,02:00,10.1,2.5,253.1,-316.16,,,,
19/09/2017,03:00,9.9,2.2,249,253.015,,,,
19/09/2017,04:00,10.2,2.6,250.5,87.775,,,,
19/09/2017,05:00,10.3,2.5,251.6,103.01,,,,
19/09/2017,06:00,10.6,2.1,257.2,103.01,,,,
19/09/2017,07:00,11.1,2.2,262.2,-32.195,,,,
19/09/2017,08:00,12.1,1.9,274.3,-27.88,,,,
19/09/2017,09:00,13.3,1.9,280.5,-13.015,,,,
19/09/2017,10:00,15,2.7,316.9,-14.86,,,,
19/09/2017,11:00,15.9,2.7,339.1,-26.315,,,,
19/09/2017,12:00,16.7,2.6,334.6,-10.88,,,,
19/09/2017,13:00,17.2,3.1,324.1,-9.4,,,,
19/09/2017,14:00,17.4,2.7,329.8,-34.1,,,,
19/09/2017,15:00,16.8,2.6,312.9,-28.805,,,,
19/09/2017,16:00,15.9,2.6,308.9,902.95,,,,
19/09/2017,17:00,15.2,2.1,302.2,60.76,,,,
19/09/2017,18:00,14.4,2.2,311.6,31.425,,,,
19/09/2017,19:00,12.7,1.7,276.8,8.69,,,,
19/09/2017,20:00,12.1,1.5,252.9,5.82,,,,
19/09/2017,21:00,11.4,1.5,234.8,6.455,,,,
19/09/2017,22:00,11.3,1.9,251.3,20.34,,,,
19/09/2017,23:00,11.3,1.6,240.9,39.34,,,,
20/09/2017,00:00,10.9,1.4,233.2,239.05,,,,
20/09/2017,01:00,11,1.6,241.3,-207.17,,,,
20/09/2017,02:00,11,1.7,237.7,-165.065,,,,
20/09/2017,03:00,10.6,1.5,228.3,52.835,,,,
20/09/2017,04:00,9.5,1.6,207,22.86,,,,
20/09/2017,05:00,9,2.2,200.5,22.3,,,,
20/09/2017,06:00,9.3,2.2,203.1,14.665,,,,
20/09/2017,07:00,11.1,2.6,218,33.885,,,,
20/09/2017,08:00,12.9,3.3,223.7,-40.68,,,,
20/09/2017,09:00,14.4,3,231.8,-59.17,,,,
20/09/2017,10:00,15.8,3.5,225,-14.77,,,,
20/09/2017,11:00,16.6,2.8,233.3,-35.005,,,,
20/09/2017,12:00,16.9,3.2,236.9,-19.84,,,,
20/09/2017,13:00,16.9,3.2,215.8,-27.1,,,,
20/09/2017,14:00,16.8,3.7,217.9,-24.125,,,,
20/09/2017,15:00,16.7,3.3,216.2,-67.26,,,,
20/09/2017,16:00,16,2.9,206.9,205.32,,,,
20/09/2017,17:00,14.9,2.4,184.2,141.145,,,,
20/09/2017,18:00,14.1,2.6,174.3,14.1,,,,
20/09/2017,19:00,13.5,2.9,167.5,13.54,,,,
20/09/2017,20:00,13.5,3,168.8,21.395,,,,
20/09/2017,21:00,12.9,2.9,169.2,29.78,,,,
20/09/2017,22:00,12.2,3,170.6,12.67,,,,
20/09/2017,23:00,11.4,3.1,166.5,22.165,,,,
21/09/2017,00:00,10.7,3.2,166,8.095,,,,
21/09/2017,01:00,10.3,2.8,167.5,12.205,,,,
21/09/2017,02:00,9.9,3.5,164.3,14.96,,,,
21/09/2017,03:00,9.8,3.5,161.1,15.39,,,,
21/09/2017,04:00,9.7,4.5,160.1,16.965,,,,
21/09/2017,05:00,9.6,4.5,160.2,30.715,,,,
21/09/2017,06:00,9.9,4.8,160,54.115,,,,
21/09/2017,07:00,12,4,168.6,62.98,,,,
21/09/2017,08:00,14.2,3.4,173.4,-43.26,,,,
21/09/2017,09:00,15.9,3.8,168.6,-43.195,,,,
21/09/2017,10:00,17.2,3.7,175.6,-41.12,,,,
21/09/2017,11:00,18.3,3.6,181.6,-19.59,,,,
21/09/2017,12:00,18.8,2.9,173.8,-25.21,,,,
21/09/2017,13:00,19,3.1,165.6,-7.13,,,,
21/09/2017,14:00,18.9,3.5,179.9,-11.31,,,,
21/09/2017,15:00,18.4,2.9,182.9,-70.98,,,,
21/09/2017,16:00,18.1,2.3,187.7,-347.67,,,,
21/09/2017,17:00,16,1.7,177.2,12.07,,,,
21/09/2017,18:00,13.9,1.6,176,-2.47,,,,
21/09/2017,19:00,12.7,1.4,170.2,-2.085,,,,
21/09/2017,20:00,12,1.5,142.9,-6.69,,,,
21/09/2017,21:00,11.3,2.1,146,-4.695,,,,
21/09/2017,22:00,10.8,2.3,146.8,22.085,,,,
21/09/2017,23:00,10.8,2.3,140.6,-11.55,,,,
22/09/2017,00:00,10.9,1.9,139.7,2.37,,,,
22/09/2017,01:00,10.9,1.6,157.2,8.18,,,,
22/09/2017,02:00,10.7,1.9,177.9,4.065,,,,
22/09/2017,03:00,10.6,1.9,200,2.23,,,,
22/09/2017,04:00,10.6,1.8,209.5,2.115,,,,
22/09/2017,05:00,11,1.5,232.9,914.18,,,,
22/09/2017,06:00,11.6,1,231,6.55,,,,
22/09/2017,07:00,13,1.4,244.4,-2.23,,,,
22/09/2017,08:00,13.6,1.2,239.5,-18.11,,,,
22/09/2017,09:00,14.7,1.5,229.3,-2.285,,,,
22/09/2017,10:00,15,1.7,248,-14.63,,,,
22/09/2017,11:00,15.2,1.8,240.8,-49.25,,,,
22/09/2017,12:00,16,2,230.9,-45.68,,,,
22/09/2017,13:00,17.1,2.2,216.8,-11.33,,,,
22/09/2017,14:00,17.7,2.4,248.8,-19.06,,,,
22/09/2017,15:00,17.8,2.3,309.6,-25.14,,,,
22/09/2017,16:00,17.1,2.7,339.8,-28.98,,,,
22/09/2017,17:00,15.9,2.6,342.4,191.64,,,,
22/09/2017,18:00,14.6,2.2,348.7,26.095,,,,
22/09/2017,19:00,12.8,1.3,10.1,18.29,,,,
22/09/2017,20:00,11.6,1.7,22.1,-4.75,,,,
22/09/2017,21:00,10.8,1.3,35.2,2.49,,,,
22/09/2017,22:00,10.2,0.5,351.3,10.925,,,,
22/09/2017,23:00,9.7,0.7,240.7,-7.58,,,,
23/09/2017,00:00,9.3,0.8,266.9,-207.89,,,,
23/09/2017,01:00,8.7,0.8,71.2,4.7,,,,
23/09/2017,02:00,8.5,1.7,63,-3.72,,,,
23/09/2017,03:00,8.5,1.4,82.6,6.895,,,,
23/09/2017,04:00,8.2,1.6,96.6,-4.23,,,,
23/09/2017,05:00,8.8,0.9,102.7,0.705,,,,
23/09/2017,06:00,9.2,1,107.3,-30.475,,,,
23/09/2017,07:00,11.2,1.2,110.8,-2.71,,,,
23/09/2017,08:00,12.9,1.8,106.2,-24.26,,,,
23/09/2017,09:00,14.3,2.3,92.1,-24.03,,,,
23/09/2017,10:00,15.9,2.2,87.5,-50.735,,,,
23/09/2017,11:00,16.5,2,71,-30.38,,,,
23/09/2017,12:00,17.2,2.2,65.4,-17.755,,,,
23/09/2017,13:00,17.6,2.1,64.7,-45.055,,,,
23/09/2017,14:00,17.9,1.9,99.2,-13.94,,,,
23/09/2017,15:00,17.6,2.1,90.5,-39.295,,,,
23/09/2017,16:00,16.3,1.4,97.9,-50.685,,,,
23/09/2017,17:00,13.7,1.2,96.7,24.165,,,,
23/09/2017,18:00,11.8,1.8,78.7,-6.17,,,,
23/09/2017,19:00,10.9,2.2,64.2,1.745,,,,
23/09/2017,20:00,10.1,2.4,69.2,1.205,,,,
23/09/2017,21:00,9.7,1.9,82.9,44.655,,,,
23/09/2017,22:00,9.3,1.9,82.6,0.59,,,,
23/09/2017,23:00,9.1,1.7,85.1,4.215,,,,
24/09/2017,00:00,9.1,1.7,90.9,-6.55,,,,
24/09/2017,01:00,8.8,1.8,95.6,6.49,,,,
24/09/2017,02:00,8.9,1.8,86.8,4.79,,,,
24/09/2017,03:00,8.5,1.9,83.5,-22.65,,,,
24/09/2017,04:00,8.2,2.3,93.2,6.26,,,,
24/09/2017,05:00,8.3,2.2,97.7,39.155,,,,
24/09/2017,06:00,9.4,1.8,106,-53.01,,,,
24/09/2017,07:00,12.1,1.7,109.1,-40.97,,,,
24/09/2017,08:00,14.8,1.9,103.5,-18.77,,,,
24/09/2017,09:00,17.2,0.9,124.8,-167.66,,,,
24/09/2017,10:00,18.9,2,107.9,-99.15,,,,
24/09/2017,11:00,19.9,2.6,111.5,-26.48,,,,
24/09/2017,12:00,20.3,2.3,104.3,-27.345,,,,
24/09/2017,13:00,20.9,2.1,114.3,-79.29,,,,
24/09/2017,14:00,20.8,2.5,96.5,-19.835,,,,
24/09/2017,15:00,20.5,2.1,86.5,-89.86,,,,
24/09/2017,16:00,19.2,2.2,82.7,-135.8,,,,
24/09/2017,17:00,17.2,2,73.9,15.64,,,,
24/09/2017,18:00,15.6,2.5,81.1,-15.04,,,,
24/09/2017,19:00,14.8,2.6,89.9,8.36,,,,
24/09/2017,20:00,14.2,2.4,95.4,10.94,,,,
24/09/2017,21:00,13.8,2.5,93.7,542.705,,,,
24/09/2017,22:00,13.3,2.5,93,12.255,,,,
24/09/2017,23:00,12.9,2.3,96.6,10.94,,,,
25/09/2017,00:00,12.1,1.8,108.1,8.115,,,,
25/09/2017,01:00,11.5,1.9,115,14.22,,,,
25/09/2017,02:00,10.9,1.8,110.6,14.08,,,,
25/09/2017,03:00,10.7,2.2,98.4,5.705,,,,
25/09/2017,04:00,10.4,2.2,99.1,11.66,,,,
25/09/2017,05:00,10.4,1.9,102.8,-18.03,,,,
25/09/2017,06:00,10.6,1.7,107,8.29,,,,
25/09/2017,07:00,13,1.8,102.6,4.38,,,,
25/09/2017,08:00,15.9,1.6,111.9,-39.75,,,,
25/09/2017,09:00,17.6,1.6,100,-14.995,,,,
25/09/2017,10:00,18.8,2,74.2,-45.81,,,,
25/09/2017,11:00,19.5,2.5,74.6,-61.055,,,,
25/09/2017,12:00,20.2,2.2,99.1,-25.905,,,,
25/09/2017,13:00,20.2,2.1,75.6,-7.985,,,,
25/09/2017,14:00,20,2.2,77,-30.69,,,,
25/09/2017,15:00,19.8,1.7,87.9,-30.535,,,,
25/09/2017,16:00,18.3,1.6,83.4,-44.45,,,,
25/09/2017,17:00,16.5,2.4,48.4,-11.28,,,,
25/09/2017,18:00,16.1,3.1,46.7,80.735,,,,
25/09/2017,19:00,15.4,2.9,51.8,34.355,,,,
25/09/2017,20:00,14.5,2.9,53.1,23.82,,,,
25/09/2017,21:00,13.8,2.8,53,8.375,,,,
25/09/2017,22:00,13.3,2.8,53.6,3.475,,,,
25/09/2017,23:00,12.8,2.2,60.3,2.085,,,,
26/09/2017,00:00,12.4,1.4,53.6,7.33,,,,
26/09/2017,01:00,11.7,1.1,70.7,10.65,,,,
26/09/2017,02:00,11.5,1.2,60.4,7.28,,,,
26/09/2017,03:00,11.1,1.4,42.7,22.55,,,,
26/09/2017,04:00,10.6,1.5,50,2.94,,,,
26/09/2017,05:00,10.3,1.5,72.4,3.315,,,,
26/09/2017,06:00,10.6,1.2,59.6,14.48,,,,
26/09/2017,07:00,10.9,1.2,56.1,-14.145,,,,
26/09/2017,08:00,12,1.4,63.1,-15.955,,,,
26/09/2017,09:00,14.5,1.4,73.4,-8.3,,,,
26/09/2017,10:00,16.4,2,34.9,-2.31,,,,
26/09/2017,11:00,17.7,2,57.5,-9.165,,,,
26/09/2017,12:00,18.9,2,48.7,-7.25,,,,
26/09/2017,13:00,19.2,2.3,38.1,-10.35,,,,
26/09/2017,14:00,19.7,1.6,58.2,-16.92,,,,
26/09/2017,15:00,19.5,1.8,50.1,-13.68,,,,
26/09/2017,16:00,18.3,2.1,58.9,-58.485,,,,
26/09/2017,17:00,17.2,2.5,47.9,205.695,,,,
26/09/2017,18:00,16.7,2.7,55.2,-8.77,,,,
26/09/2017,19:00,16.3,1.7,323.1,66.24,,,,
26/09/2017,20:00,15.3,2.3,75.2,74.77,,,,
26/09/2017,21:00,14.4,2.4,72.3,74.77,,,,
26/09/2017,22:00,13.7,2.2,80,74.77,,,,
26/09/2017,23:00,13,1.4,103.9,74.77,,,,
27/09/2017,00:00,12,1.4,118,74.77,,,,
27/09/2017,01:00,11.5,1.5,157.9,74.77,,,,
27/09/2017,02:00,11.1,1.1,168.3,74.77,,,,
27/09/2017,03:00,10.9,1.1,108.7,74.77,,,,
27/09/2017,04:00,10.7,1.1,133.6,74.77,,,,
27/09/2017,05:00,10.8,1.8,140.8,74.77,,,,
27/09/2017,06:00,11.3,1.7,155.7,74.77,,,,
27/09/2017,07:00,12.9,1.3,138.5,74.77,,,,
27/09/2017,08:00,14,1.5,153.4,74.77,,,,
27/09/2017,09:00,16.2,1.4,145.4,74.77,,,,
27/09/2017,10:00,17.9,1.6,145,-4.21,,,,
27/09/2017,11:00,18.8,1.8,159.3,-5.82,,,,
27/09/2017,12:00,19.6,1.3,181.2,-11.47,,,,
27/09/2017,13:00,20.4,2.4,166.9,-11.62,,,,
27/09/2017,14:00,19.9,2.4,144.6,-16.84,,,,
27/09/2017,15:00,18.9,1.7,148.6,92.91,,,,
27/09/2017,16:00,18.3,1.5,134.8,5.09,,,,
27/09/2017,17:00,16.2,2,127.4,-2.47,,,,
27/09/2017,18:00,14.8,3.2,128.9,0.91,,,,
27/09/2017,19:00,14.8,3.3,127.8,3.73,,,,
27/09/2017,20:00,16.3,4.3,144.6,3.975,,,,
27/09/2017,21:00,15.9,4.4,154.3,9.97,,,,
27/09/2017,22:00,15.7,4.3,157.7,18.52,,,,
27/09/2017,23:00,15.4,3.9,156.2,14.11,,,,
28/09/2017,00:00,15.1,4.2,151.9,14.575,,,,
28/09/2017,01:00,15.2,4.1,151.5,15.045,,,,
28/09/2017,02:00,15.2,4.1,149,32.41,,,,
28/09/2017,03:00,14.8,3.5,149.2,23.415,,,,
28/09/2017,04:00,14.3,1.6,166.2,29.1,,,,
28/09/2017,05:00,14,1.7,155.2,29.1,,,,
28/09/2017,06:00,14.4,3,162.2,18.215,,,,
28/09/2017,07:00,15,3,159,107.42,,,,
28/09/2017,08:00,15.9,4,151.7,107.42,,,,
28/09/2017,09:00,17.6,4.2,170.5,-112.24,,,,
28/09/2017,10:00,19.9,3.8,186.5,-27.775,,,,
28/09/2017,11:00,19.4,3.5,206.9,-37.89,,,,
28/09/2017,12:00,19.2,2.9,209.8,-47.19,,,,
28/09/2017,13:00,19.5,3.8,198,-104.36,,,,
28/09/2017,14:00,19.5,3.5,202.1,-17.64,,,,
28/09/2017,15:00,19.4,3,192.6,-117.98,,,,
28/09/2017,16:00,18.8,3.5,185.8,255.79,,,,
28/09/2017,17:00,18.1,3.3,173.1,118.51,,,,
28/09/2017,18:00,17.3,2.8,170.7,39.47,,,,
28/09/2017,19:00,16.4,3.1,170.9,8.025,,,,
28/09/2017,20:00,15.8,2.6,171.9,11.63,,,,
28/09/2017,21:00,14.9,2.3,165.4,8.36,,,,
28/09/2017,22:00,14.7,2.9,168.9,6.135,,,,
28/09/2017,23:00,14.6,2.7,170.4,7.805,,,,
29/09/2017,00:00,14.1,2.6,162,12.12,,,,
29/09/2017,01:00,14,2.9,170.7,10.13,,,,
29/09/2017,02:00,14,2.4,165.9,19.725,,,,
29/09/2017,03:00,14.2,2.5,157.7,18.425,,,,
29/09/2017,04:00,14.5,3.2,150.7,28.24,,,,
29/09/2017,05:00,15,3.8,164.2,69.305,,,,
29/09/2017,06:00,15.5,4.5,161,80.36,,,,
29/09/2017,07:00,16.8,3.7,156.7,167.365,,,,
29/09/2017,08:00,18.3,4.1,156.2,-131.04,,,,
29/09/2017,09:00,20.2,4.6,156,-131.04,,,,
29/09/2017,10:00,21.7,4.5,160.3,-54.215,,,,
29/09/2017,11:00,23.4,5.7,171.1,-65.22,,,,
29/09/2017,12:00,23.8,5.2,176.6,-70.095,,,,
29/09/2017,13:00,23.5,5.4,182.9,-68.54,,,,
29/09/2017,14:00,23.4,3.6,199.3,-409.13,,,,
29/09/2017,15:00,22.8,4,204.6,181.6,,,,
29/09/2017,16:00,22.2,3.5,204.5,149.53,,,,
29/09/2017,17:00,21.1,2.9,229.7,36.295,,,,
29/09/2017,18:00,19.8,1.5,255.5,28.835,,,,
29/09/2017,19:00,18.8,1.5,184.3,-96.25,,,,
29/09/2017,20:00,18.2,1.3,208.5,-96.25,,,,
29/09/2017,21:00,17.6,2.1,276.1,-96.25,,,,
29/09/2017,22:00,17.2,1.4,247.6,-96.25,,,,
29/09/2017,23:00,16.7,2.1,281.5,-96.25,,,,
30/09/2017,00:00,15.6,2.8,297.7,-96.25,,,,
30/09/2017,01:00,14.5,2.1,300,-39.74,,,,
30/09/2017,02:00,14.4,1.5,286.2,14.67,,,,
30/09/2017,03:00,14.3,1.7,277.9,23.8,,,,
30/09/2017,04:00,14.1,1.7,259.8,27.29,,,,
30/09/2017,05:00,13.9,2,268.3,-93.63,,,,
30/09/2017,06:00,13.6,1.7,263.1,100.7,,,,
30/09/2017,07:00,13.5,1.4,236.8,433.99,,,,
30/09/2017,08:00,13.6,1.9,238,-191.37,,,,
30/09/2017,09:00,13.7,2.7,259.3,-74.805,,,,
30/09/2017,10:00,13.6,2.4,253,-41.78,,,,
30/09/2017,11:00,13.8,1.5,253,-41.78,,,,
30/09/2017,12:00,12.9,2,312.8,-41.78,,,,
30/09/2017,13:00,13.6,1.6,284.7,-41.78,,,,
30/09/2017,14:00,13.9,1.8,235.2,-26.865,,,,
30/09/2017,15:00,14.6,1.8,216.6,-4.84,,,,
30/09/2017,16:00,13.6,1.9,180.1,-75.02,,,,
30/09/2017,17:00,12,2,161.6,53.075,,,,
30/09/2017,18:00,11.8,2.4,159.1,7.26,,,,
30/09/2017,19:00,11.9,2.9,172.5,51.165,,,,
30/09/2017,20:00,11.3,2.6,171.6,39.625,,,,
30/09/2017,21:00,11.4,2.2,167.5,12.1,,,,
30/09/2017,22:00,11.1,2.6,160.6,12.675,,,,
30/09/2017,23:00,11.4,3.7,158.1,19.515,,,,
01/10/2017,00:00,11.7,4.6,158.7,82.05,,,,
01/10/2017,01:00,11.7,4.3,160,113.265,,,,
01/10/2017,02:00,11.3,4.3,157.7,54.645,,,,
01/10/2017,03:00,10.9,4.4,158.6,22.795,,,,
01/10/2017,04:00,10.9,4.7,158.8,32.53,,,,
01/10/2017,05:00,11.3,5.3,164.2,117.25,,,,
01/10/2017,06:00,11.7,5.1,161.5,96.555,,,,
01/10/2017,07:00,12.9,6,164.6,71.74,,,,
01/10/2017,08:00,14.1,5.6,172.8,-554.68,,,,
01/10/2017,09:00,14.9,5.8,179.5,-126.93,,,,
01/10/2017,10:00,15.3,5.6,181.2,-150.285,,,,
01/10/2017,11:00,15.6,6.2,180.2,-343.62,,,,
01/10/2017,12:00,16,6.2,182.4,-272.565,,,,
01/10/2017,13:00,16.3,5.6,179.7,-185.1,,,,
01/10/2017,14:00,16,5.4,184.3,-1527.55,,,,
01/10/2017,15:00,15.3,5.7,180.4,382439.47,,,,
01/10/2017,16:00,15,5.8,179.2,606.155,,,,
01/10/2017,17:00,14.7,5.9,174.5,304.105,,,,
01/10/2017,18:00,14.6,6,174.9,235.74,,,,
01/10/2017,19:00,14.6,6.3,178.2,330.23,,,,
01/10/2017,20:00,14.6,6.8,179.9,442.315,,,,
01/10/2017,21:00,14.7,6.6,184.1,582.735,,,,
01/10/2017,22:00,14.7,6.5,183.5,511.795,,,,
01/10/2017,23:00,14.8,5.9,185.5,729.96,,,,
02/10/2017,00:00,14.6,6.2,187.1,502.655,,,,
02/10/2017,01:00,14.7,6.3,193.5,297.72,,,,
02/10/2017,02:00,15,5.9,201.9,279.15,,,,
02/10/2017,03:00,15.4,5.9,200.3,612.735,,,,
02/10/2017,04:00,15.9,5,219.7,701.19,,,,
02/10/2017,05:00,16.1,4.8,237.6,387.905,,,,
02/10/2017,06:00,16,5,227.4,278.035,,,,
02/10/2017,07:00,15.8,4.7,226.7,364.865,,,,
02/10/2017,08:00,16.1,5.2,232,-495.98,,,,
02/10/2017,09:00,16.8,4.7,235.6,-1277.46,,,,
02/10/2017,10:00,17.8,5.4,245.8,-223.965,,,,
02/10/2017,11:00,18.2,5.4,249.2,-93.9,,,,
02/10/2017,12:00,18.8,6,242.8,-182.47,,,,
02/10/2017,13:00,18.7,6.1,244.6,-105.785,,,,
02/10/2017,14:00,18.3,5.3,244.1,-244.815,,,,
02/10/2017,15:00,17.7,5.4,247.9,-213.52,,,,
02/10/2017,16:00,16.9,5.2,251.9,204.455,,,,
02/10/2017,17:00,15.4,3.8,253.3,281.76,,,,
02/10/2017,18:00,14.4,4.3,250.3,389.78,,,,
02/10/2017,19:00,13.9,3.3,243,209.03,,,,
02/10/2017,20:00,12.9,3.5,242.3,233.61,,,,
02/10/2017,21:00,12.5,3.3,240.2,233.61,,,,
02/10/2017,22:00,12,3,236.4,233.61,,,,
02/10/2017,23:00,11.6,3,249.9,233.61,,,,
03/10/2017,00:00,11.4,2.7,253,233.61,,,,
03/10/2017,01:00,11.2,2.5,245.5,233.61,,,,
03/10/2017,02:00,10.9,2.9,252.5,484.68,,,,
03/10/2017,03:00,10.6,2.6,247.5,253.99,,,,
03/10/2017,04:00,10.3,2.6,248.5,373.445,,,,
03/10/2017,05:00,9.9,2.3,248.6,42.62,,,,
03/10/2017,06:00,9.8,2.7,250.8,41.28,,,,
03/10/2017,07:00,10.5,2.8,253.5,46.825,,,,
03/10/2017,08:00,12.1,3.1,257.9,805.16,,,,
03/10/2017,09:00,13.2,3.9,282.4,-54.52,,,,
03/10/2017,10:00,13.9,4.5,285.1,-66.86,,,,
03/10/2017,11:00,14.4,4.4,263.1,-49.63,,,,
03/10/2017,12:00,14.9,3.9,269.1,-33.46,,,,
03/10/2017,13:00,15,4.2,278.5,-29.14,,,,
03/10/2017,14:00,15.1,3.8,274.3,-73.805,,,,
03/10/2017,15:00,14.9,3.5,275,-203.615,,,,
03/10/2017,16:00,13.9,2.6,275.3,1378.48,,,,
03/10/2017,17:00,12.6,2.1,277.6,31.72,,,,
03/10/2017,18:00,11.7,2.1,267.5,6.715,,,,
03/10/2017,19:00,10.6,1.7,238.4,4.74,,,,
03/10/2017,20:00,10.1,1.9,211,3.055,,,,
03/10/2017,21:00,10.2,1.8,222.5,10.57,,,,
03/10/2017,22:00,10.3,2,222.2,6.605,,,,
03/10/2017,23:00,10.2,2.2,216.1,25.77,,,,
04/10/2017,00:00,10.2,2,225.2,25.295,,,,
04/10/2017,01:00,10,2.3,222.1,26.265,,,,
04/10/2017,02:00,9.9,2.3,224.4,50.95,,,,
04/10/2017,03:00,10,2,226.3,129.21,,,,
04/10/2017,04:00,9.9,1.9,224,89.97,,,,
04/10/2017,05:00,9.6,2.3,221.1,30.29,,,,
04/10/2017,06:00,9.8,3.3,219.5,48.01,,,,
04/10/2017,07:00,10.4,3.6,226.2,43.91,,,,
04/10/2017,08:00,11.3,3.2,235,6411.875,,,,
04/10/2017,09:00,12.4,4.4,249.3,-130.805,,,,
04/10/2017,10:00,13.3,4.7,251.2,-89.95,,,,
04/10/2017,11:00,13.9,5.1,250.8,-93.5,,,,
04/10/2017,12:00,14.2,5.2,250.1,-82.385,,,,
04/10/2017,13:00,14.6,4.7,249.5,-94.495,,,,
04/10/2017,14:00,14.7,4.3,241.6,-203.01,,,,
04/10/2017,15:00,14.4,5.3,244.7,-519.365,,,,
04/10/2017,16:00,13.9,3.9,239.6,640.77,,,,
04/10/2017,17:00,13.4,3.7,232.4,300.275,,,,
04/10/2017,18:00,13.1,3.9,234.8,345.39,,,,
04/10/2017,19:00,12.9,4.4,233.1,100.405,,,,
04/10/2017,20:00,12.9,4.1,232.7,239.715,,,,
04/10/2017,21:00,13,4.5,226.3,161.28,,,,
04/10/2017,22:00,13,5.1,224.5,224.95,,,,
04/10/2017,23:00,12.8,5.1,222.7,283.475,,,,
05/10/2017,00:00,12.8,5.9,222.7,280.82,,,,
05/10/2017,01:00,12.3,6.6,218,706.71,,,,
05/10/2017,02:00,11.9,7.3,219.2,577.4,,,,
05/10/2017,03:00,11.8,6.9,221.2,1180.745,,,,
05/10/2017,04:00,12,7.6,222.6,1230.36,,,,
05/10/2017,05:00,12.1,7.4,222.2,1588.465,,,,
05/10/2017,06:00,12.3,6.3,224.9,955.695,,,,
05/10/2017,07:00,12.2,5.1,233.3,2303.685,,,,
05/10/2017,08:00,12.5,4.4,235.8,2195.82,,,,
05/10/2017,09:00,14.1,5.5,256.8,2195.82,,,,
05/10/2017,10:00,13.2,6.6,306,2195.82,,,,
05/10/2017,11:00,13.2,5.8,312.7,2195.82,,,,
05/10/2017,12:00,14,5.8,321.4,-140.4,,,,
05/10/2017,13:00,14.2,4.9,326.1,-131.565,,,,
05/10/2017,14:00,14.3,5.3,318.4,-152.22,,,,
05/10/2017,15:00,13.4,5.1,313.5,746.49,,,,
05/10/2017,16:00,12.8,4,313.4,-665.66,,,,
05/10/2017,17:00,12,2.6,287.1,84.115,,,,
05/10/2017,18:00,10.9,2.3,271.2,7.02,,,,
05/10/2017,19:00,10,2.1,252.5,52.62,,,,
05/10/2017,20:00,9.4,1.9,247.2,15.125,,,,
05/10/2017,21:00,8.7,1.6,248.6,15.71,,,,
05/10/2017,22:00,8.9,2,252.1,21.04,,,,
05/10/2017,23:00,9.3,1.8,282.5,29.015,,,,
06/10/2017,00:00,9.4,1.5,266.7,5.59,,,,
06/10/2017,01:00,9.5,1.8,253.4,8.44,,,,
06/10/2017,02:00,9.3,2.4,250.3,32.195,,,,
06/10/2017,03:00,8.7,2.6,252.4,42.55,,,,
06/10/2017,04:00,8.3,2.8,264.2,61.21,,,,
06/10/2017,05:00,8.5,2.3,246.9,13.54,,,,
06/10/2017,06:00,8.7,2.7,295.3,13.54,,,,
06/10/2017,07:00,9.3,2.4,264.2,13.54,,,,
06/10/2017,08:00,10.2,3.5,273.6,13.54,,,,
06/10/2017,09:00,10.7,4.4,296.6,-5.19,,,,
06/10/2017,10:00,11.3,3.7,297.8,-5.19,,,,
06/10/2017,11:00,12.1,4.4,300.3,-15.45,,,,
06/10/2017,12:00,12.6,4.3,303.9,-65.29,,,,
06/10/2017,13:00,12.4,3.2,305.4,-65.29,,,,
06/10/2017,14:00,12.1,4.6,321.2,-62.68,,,,
06/10/2017,15:00,13,4.8,315.3,-60.07,,,,
06/10/2017,16:00,12.5,4.1,325.3,-133.93,,,,
06/10/2017,17:00,11.9,3.3,301.8,254.09,,,,
06/10/2017,18:00,11.2,2.3,284,119.075,,,,
06/10/2017,19:00,10.6,1.9,268.5,36.365,,,,
06/10/2017,20:00,10.5,2.1,262.6,21.85,,,,
06/10/2017,21:00,10.2,2,256.4,43.725,,,,
06/10/2017,22:00,9.9,1.9,244,-517.76,,,,
06/10/2017,23:00,9,1.8,218.5,45.83,,,,
07/10/2017,00:00,8.6,2,220.9,15.025,,,,
07/10/2017,01:00,8.4,2.4,223.6,41.07,,,,
07/10/2017,02:00,8.5,3,225.1,33.515,,,,
07/10/2017,03:00,8.7,3.3,228.6,154.26,,,,
07/10/2017,04:00,8.8,4.2,224,112.08,,,,
07/10/2017,05:00,8.9,4.3,226.9,203.855,,,,
07/10/2017,06:00,9.2,4.8,221.2,203.715,,,,
07/10/2017,07:00,10.1,4.9,225.3,149.13,,,,
07/10/2017,08:00,10.7,5.5,220.5,3391.2,,,,
07/10/2017,09:00,10.4,5.4,215.8,3391.2,,,,
07/10/2017,10:00,10.7,5.8,212.4,3391.2,,,,
07/10/2017,11:00,11.1,6.5,212.3,2116.485,,,,
07/10/2017,12:00,11.5,6.4,212.9,841.77,,,,
07/10/2017,13:00,11.8,7,217.2,2384.29,,,,
07/10/2017,14:00,11.5,6.9,213,-6503.85,,,,
07/10/2017,15:00,11,6.7,212.2,30446,,,,
07/10/2017,16:00,11,5.6,214.4,1290.695,,,,
07/10/2017,17:00,11,5.2,217.7,1344.12,,,,
07/10/2017,18:00,10.8,4.9,219.7,340.02,,,,
07/10/2017,19:00,10.6,5.3,223.8,340.02,,,,
07/10/2017,20:00,10.7,3.2,245.4,340.02,,,,
07/10/2017,21:00,11,2.6,251.3,340.02,,,,
07/10/2017,22:00,11.2,2.4,244.1,340.02,,,,
07/10/2017,23:00,11.4,2.2,244.5,340.02,,,,
08/10/2017,00:00,11.6,2.4,251.2,340.02,,,,
08/10/2017,01:00,11.7,2.4,253.2,988.145,,,,
08/10/2017,02:00,11.7,2.3,249.4,85.63,,,,
08/10/2017,03:00,11.6,2.3,254.8,85.63,,,,
08/10/2017,04:00,11.4,2.2,251.8,85.63,,,,
08/10/2017,05:00,11.1,2.7,251.9,85.63,,,,
08/10/2017,06:00,11.2,2.5,255.3,90.16,,,,
08/10/2017,07:00,11.6,2.6,260.9,532.785,,,,
08/10/2017,08:00,12.1,2.4,258.1,-133.9,,,,
08/10/2017,09:00,13,2.7,259.3,-68.26,,,,
08/10/2017,10:00,14,3,277.3,-21.56,,,,
08/10/2017,11:00,15,3,270.9,-25.835,,,,
08/10/2017,12:00,14.3,3,306.5,-10.325,,,,
08/10/2017,13:00,13.2,3.1,353.2,-67.63,,,,
08/10/2017,14:00,12.9,3.1,354.4,-69.955,,,,
08/10/2017,15:00,13,3.1,341.7,-76.755,,,,
08/10/2017,16:00,12.5,1.4,311.9,416.36,,,,
08/10/2017,17:00,12.1,1.4,302.1,33.945,,,,
08/10/2017,18:00,11.8,1.1,271.8,4.85,,,,
08/10/2017,19:00,11.6,1.1,244.6,0.28,,,,
08/10/2017,20:00,11.4,1.1,239.1,28.97,,,,
08/10/2017,21:00,11.3,1.2,177.6,28.37,,,,
08/10/2017,22:00,11.2,1.1,225.2,1366.84,,,,
08/10/2017,23:00,11,1,239.7,16.08,,,,
09/10/2017,00:00,10.9,1.3,232.1,-6.35,,,,
09/10/2017,01:00,10.8,1.4,231.8,3.38,,,,
09/10/2017,02:00,11,1.2,253.9,6.32,,,,
09/10/2017,03:00,11,1.2,213.6,5.755,,,,
09/10/2017,04:00,10.8,1.7,175.5,6.235,,,,
09/10/2017,05:00,10.3,1.2,220.5,3.135,,,,
09/10/2017,06:00,9.9,1.4,230.9,7.61,,,,
09/10/2017,07:00,11,1.9,223.7,0.71,,,,
09/10/2017,08:00,12.3,2.2,230.7,-66.67,,,,
09/10/2017,09:00,13.3,2.3,225.3,-24.955,,,,
09/10/2017,10:00,14.1,2.7,235,-35.235,,,,
09/10/2017,11:00,14.7,2.7,234.1,-27.985,,,,
09/10/2017,12:00,15.1,3.2,246,-43.95,,,,
09/10/2017,13:00,15.7,3,240.4,-79.635,,,,
09/10/2017,14:00,16,2.9,242,-42.24,,,,
09/10/2017,15:00,15.6,2.2,244,-95.645,,,,
09/10/2017,16:00,14.9,2,209,234.03,,,,
09/10/2017,17:00,14.4,2.2,199.5,20.82,,,,
09/10/2017,18:00,14.1,2.5,208.3,36.215,,,,
09/10/2017,19:00,13.9,1.9,199.3,36.815,,,,
09/10/2017,20:00,13.6,2.3,195.9,26.595,,,,
09/10/2017,21:00,13.6,3.2,222.3,56.715,,,,
09/10/2017,22:00,12.9,2.6,207.3,70.53,,,,
09/10/2017,23:00,13,3.4,207.7,184.585,,,,
10/10/2017,00:00,13.1,3.7,224.4,238.21,,,,
10/10/2017,01:00,13,3.3,227.4,717.055,,,,
10/10/2017,02:00,13.1,2.6,231.7,495.115,,,,
10/10/2017,03:00,13,2.5,233.4,866.825,,,,
10/10/2017,04:00,13.1,2.7,235.5,357.35,,,,
10/10/2017,05:00,13,3.5,244.1,295.535,,,,
10/10/2017,06:00,13.1,3,240.8,610,,,,
10/10/2017,07:00,13.5,2.8,231.2,230.86,,,,
10/10/2017,08:00,14.3,3,233.2,-1795.58,,,,
10/10/2017,09:00,14.5,3.5,244.4,-132.18,,,,
10/10/2017,10:00,14.7,3.2,235,-171.59,,,,
10/10/2017,11:00,14.8,3.3,230.7,-53.07,,,,
10/10/2017,12:00,15.7,4,230.2,-80.985,,,,
10/10/2017,13:00,16,3.5,235.5,-286.665,,,,
10/10/2017,14:00,15.9,3.7,226.3,-979.015,,,,
10/10/2017,15:00,15.6,4.3,224.1,1324.505,,,,
10/10/2017,16:00,15.3,3.9,220.7,622.785,,,,
10/10/2017,17:00,14.8,3.6,216.6,279.1,,,,
10/10/2017,18:00,14.4,4.1,214.8,152.12,,,,
10/10/2017,19:00,13.9,3.7,226,99.005,,,,
10/10/2017,20:00,13.6,3.4,224.9,85.41,,,,
10/10/2017,21:00,13.2,3.9,215,64.8,,,,
10/10/2017,22:00,13.3,4.1,220.7,90.78,,,,
10/10/2017,23:00,13.4,5.2,206.4,259.225,,,,
11/10/2017,00:00,13,4.6,206,115.175,,,,
11/10/2017,01:00,12.9,4.2,207.2,97.76,,,,
11/10/2017,02:00,13.2,4.5,209.7,118.035,,,,
11/10/2017,03:00,13.4,4.7,210.1,175.08,,,,
11/10/2017,04:00,13.6,5.1,209.5,107.015,,,,
11/10/2017,05:00,13.6,4.8,208.9,302.35,,,,
11/10/2017,06:00,13.6,4.4,199.3,282.56,,,,
11/10/2017,07:00,13.9,5,204.4,253.58,,,,
11/10/2017,08:00,14.1,5,203.9,387.11,,,,
11/10/2017,09:00,14.3,5.5,205.7,654.43,,,,
11/10/2017,10:00,14.8,5.8,208.8,-615.615,,,,
11/10/2017,11:00,14.9,6.3,210.4,-222.185,,,,
11/10/2017,12:00,14.8,5.6,217.1,-291.195,,,,
11/10/2017,13:00,15,4.8,222.7,-1795.37,,,,
11/10/2017,14:00,15.3,5.4,219.5,-908.22,,,,
11/10/2017,15:00,15.1,5.1,223.3,683.6,,,,
11/10/2017,16:00,14.4,5.5,198.2,300.325,,,,
11/10/2017,17:00,14.2,4.6,203.5,135.995,,,,
11/10/2017,18:00,14.6,5.1,200,102.965,,,,
11/10/2017,19:00,14.8,5.8,199.6,144.165,,,,
11/10/2017,20:00,15.2,6.1,205.8,148.495,,,,
11/10/2017,21:00,15.4,6.5,210.6,198.8,,,,
11/10/2017,22:00,15.4,5.7,213.8,240.05,,,,
11/10/2017,23:00,15.7,6.4,219.2,209.465,,,,
12/10/2017,00:00,15.7,5.8,226.8,285.085,,,,
12/10/2017,01:00,15.1,4.2,236.2,466.17,,,,
12/10/2017,02:00,14.7,4.4,242.6,864.65,,,,
12/10/2017,03:00,13.7,4.2,250.2,126.3,,,,
12/10/2017,04:00,12.9,4.4,267.9,121.62,,,,
12/10/2017,05:00,11.8,3,242.6,49.11,,,,
12/10/2017,06:00,11.5,3.2,244.5,22.26,,,,
12/10/2017,07:00,12.2,3.6,249.5,17.38,,,,
12/10/2017,08:00,13.8,4,250.6,170.835,,,,
12/10/2017,09:00,14.6,4,246.7,-62.7,,,,
12/10/2017,10:00,15.7,3.9,243.2,-75.2,,,,
12/10/2017,11:00,15.9,4,248.9,-22.665,,,,
12/10/2017,12:00,16.8,3.9,233.3,-50.575,,,,
12/10/2017,13:00,16.9,3.7,240.5,-95.38,,,,
12/10/2017,14:00,17.4,3.5,239.4,-89.125,,,,
12/10/2017,15:00,17,3.3,234.9,-729.555,,,,
12/10/2017,16:00,15.9,2.4,217.1,97.57,,,,
12/10/2017,17:00,14.3,2.4,212.3,13.575,,,,
12/10/2017,18:00,12.9,1.9,220.9,5.67,,,,
12/10/2017,19:00,11.7,1.8,208.5,2.91,,,,
12/10/2017,20:00,11.5,2,201.6,3.715,,,,
12/10/2017,21:00,11.4,2,197,2.375,,,,
12/10/2017,22:00,11.5,2.2,184.4,1.085,,,,
12/10/2017,23:00,11.5,2.4,178.3,4.03,,,,
13/10/2017,00:00,12.2,2.5,180,16.315,,,,
13/10/2017,01:00,13.7,2.8,210.4,56.37,,,,
13/10/2017,02:00,14.7,3.3,223.8,38.435,,,,
13/10/2017,03:00,14.9,2.6,220.6,46.065,,,,
13/10/2017,04:00,15,3.1,224,94.485,,,,
13/10/2017,05:00,14.9,3,219.2,105.96,,,,
13/10/2017,06:00,15,3.1,224.2,112.155,,,,
13/10/2017,07:00,15.4,3.2,221.8,314.12,,,,
13/10/2017,08:00,16.1,3.3,212.8,1089.74,,,,
13/10/2017,09:00,16.7,3.3,229.1,-320.875,,,,
13/10/2017,10:00,17.7,4.1,230.2,-68.415,,,,
13/10/2017,11:00,18.2,4,225.3,-92.59,,,,
13/10/2017,12:00,19,3.9,224.8,-127.89,,,,
13/10/2017,13:00,19.1,3.4,230.4,-57.09,,,,
13/10/2017,14:00,18.9,3.7,229,-255.745,,,,
13/10/2017,15:00,18.6,2.3,232.1,246.42,,,,
13/10/2017,16:00,17.8,2.3,204.5,118.005,,,,
13/10/2017,17:00,16,3,182.5,15.545,,,,
13/10/2017,18:00,16.1,3.2,188.4,13.79,,,,
13/10/2017,19:00,15.5,2.2,188.1,20.92,,,,
13/10/2017,20:00,14.7,2.3,196.6,3.275,,,,
13/10/2017,21:00,14.7,2.3,204.8,13,,,,
13/10/2017,22:00,14.5,2.2,202.8,6.085,,,,
13/10/2017,23:00,13.7,1.9,196.5,4.815,,,,
14/10/2017,00:00,13.3,2.1,194,5.015,,,,
14/10/2017,01:00,13.2,2.3,189.6,7.37,,,,
14/10/2017,02:00,13.1,2.5,187,9.81,,,,
14/10/2017,03:00,12.8,2,196.6,10.335,,,,
14/10/2017,04:00,12.4,2.1,205.3,5.79,,,,
14/10/2017,05:00,12.4,2.2,210.7,2.385,,,,
14/10/2017,06:00,12.4,1.9,210.8,4.175,,,,
14/10/2017,07:00,13.6,2,191.4,18.75,,,,
14/10/2017,08:00,16.5,2.7,205.5,6.175,,,,
14/10/2017,09:00,18.6,2.9,208.6,-65.64,,,,
14/10/2017,10:00,19.6,2.8,233.3,-31.84,,,,
14/10/2017,11:00,20.3,3.4,223.5,-48.14,,,,
14/10/2017,12:00,20.6,3.1,224.5,-46.13,,,,
14/10/2017,13:00,21.3,2.4,242.9,-39.98,,,,
14/10/2017,14:00,21.5,2.2,218.7,-10.18,,,,
14/10/2017,15:00,20.9,1.9,229.9,-93.735,,,,
14/10/2017,16:00,18.7,1,252.6,30.46,,,,
14/10/2017,17:00,16.7,0.8,194.3,15.5,,,,
14/10/2017,18:00,15.7,1.1,146.1,1.18,,,,
14/10/2017,19:00,15,1.9,164.9,0.9,,,,
14/10/2017,20:00,14.2,1.4,140.5,7.11,,,,
14/10/2017,21:00,13.8,2.6,152.3,4.375,,,,
14/10/2017,22:00,14,3.1,158.1,2.47,,,,
14/10/2017,23:00,14.2,3.4,158.9,8.12,,,,
15/10/2017,00:00,14.1,4,158.7,16.145,,,,
15/10/2017,01:00,14,4.7,159.4,12.635,,,,
15/10/2017,02:00,13.7,5,158.6,17.255,,,,
15/10/2017,03:00,13.2,3.9,163.2,40.48,,,,
15/10/2017,04:00,12.5,3,155.3,37.19,,,,
15/10/2017,05:00,13.2,4.9,157.5,8.2,,,,
15/10/2017,06:00,13.5,5.2,158.8,40.53,,,,
15/10/2017,07:00,14.4,5.5,159.8,47.28,,,,
15/10/2017,08:00,16.5,4.9,165.8,136.445,,,,
15/10/2017,09:00,18.7,3.4,179.1,2477.365,,,,
15/10/2017,10:00,20.7,3.7,176.5,-50.385,,,,
15/10/2017,11:00,22.3,4.4,175.1,-37.66,,,,
15/10/2017,12:00,23.5,4.3,184.5,-69.84,,,,
15/10/2017,13:00,24.3,3.8,193,-51.255,,,,
15/10/2017,14:00,23.7,4.4,181.6,-379.565,,,,
15/10/2017,15:00,22.5,3.4,185.6,161.98,,,,
15/10/2017,16:00,20.4,3.6,170.1,20.275,,,,
15/10/2017,17:00,18.8,4,169.3,10.025,,,,
15/10/2017,18:00,18.1,4.2,176.6,8.785,,,,
15/10/2017,19:00,17.6,4.1,179.5,16.055,,,,
15/10/2017,20:00,17.1,4.1,169.1,26.67,,,,
15/10/2017,21:00,16.9,3.7,165.3,25.44,,,,
15/10/2017,22:00,16.4,3.4,171.1,18.685,,,,
15/10/2017,23:00,16.5,3.5,169.9,11.01,,,,
16/10/2017,00:00,16.8,3.5,167.8,21.9,,,,
16/10/2017,01:00,17.2,3,175.9,15.18,,,,
16/10/2017,02:00,17.6,3.3,177,8.5,,,,
16/10/2017,03:00,16.8,2.5,167.5,6.7,,,,
16/10/2017,04:00,17.1,3.9,169,11.57,,,,
16/10/2017,05:00,17.4,4.3,169.5,28.18,,,,
16/10/2017,06:00,17.1,4.4,166.5,30.445,,,,
16/10/2017,07:00,17.3,4.8,167.4,22.615,,,,
16/10/2017,08:00,19.1,4.3,171.3,65.005,,,,
16/10/2017,09:00,21.3,4.1,179.5,-712.295,,,,
16/10/2017,10:00,22.9,3.6,176.9,-72.23,,,,
16/10/2017,11:00,24.1,4.7,173.4,-31.425,,,,
16/10/2017,12:00,25.1,5.1,171.7,-66.74,,,,
16/10/2017,13:00,25.6,4.9,169.5,-90.635,,,,
16/10/2017,14:00,25.1,5.8,174.5,722.26,,,,
16/10/2017,15:00,23.4,5.1,170.1,78.91,,,,
16/10/2017,16:00,21.9,4.4,177.4,37.7,,,,
16/10/2017,17:00,20.5,4.9,174.3,20.89,,,,
16/10/2017,18:00,19.5,5.2,173.2,30.49,,,,
16/10/2017,19:00,19.2,5.4,178.4,35.97,,,,
16/10/2017,20:00,19,4.5,190.3,47.83,,,,
16/10/2017,21:00,18.7,3.3,201.6,43.905,,,,
16/10/2017,22:00,17.7,2.4,228.3,11.06,,,,
16/10/2017,23:00,16.5,1.9,233.9,18.325,,,,
17/10/2017,00:00,15.8,2,241.5,2.01,,,,
17/10/2017,01:00,15.3,1.9,246.3,6.34,,,,
17/10/2017,02:00,15,1.9,242.6,62.045,,,,
17/10/2017,03:00,14.8,1.7,238.4,49.825,,,,
17/10/2017,04:00,13.8,1.5,215.5,59.425,,,,
17/10/2017,05:00,13.2,1.5,180.5,12.05,,,,
17/10/2017,06:00,12.6,1.4,168.4,3.37,,,,
17/10/2017,07:00,13.1,1.9,182.5,4.56,,,,
17/10/2017,08:00,13.9,1.5,208.5,26.56,,,,
17/10/2017,09:00,15.2,1.9,223.8,-8.49,,,,
17/10/2017,10:00,16.1,1.8,214.3,-73.32,,,,
17/10/2017,11:00,16.7,1.6,255.5,-41.98,,,,
17/10/2017,12:00,17,1.4,275.1,-23.925,,,,
17/10/2017,13:00,17.4,0.9,321.5,-27.26,,,,
17/10/2017,14:00,17.5,0.7,332.3,-15.91,,,,
17/10/2017,15:00,17.2,1.5,61.1,-33.49,,,,
17/10/2017,16:00,16,1.4,82.9,9513.76,,,,
17/10/2017,17:00,15.5,2,47.9,-15.96,,,,
17/10/2017,18:00,15.3,2.3,51.2,16.53,,,,
17/10/2017,19:00,14.3,2.5,69.3,338.745,,,,
17/10/2017,20:00,13.8,2.6,88.9,15.615,,,,
17/10/2017,21:00,13.5,2.5,94.7,19.74,,,,
17/10/2017,22:00,13.4,2.5,97.3,2.905,,,,
17/10/2017,23:00,13.4,2.3,93.1,11.805,,,,
18/10/2017,00:00,13.1,2.1,97,2.065,,,,
18/10/2017,01:00,12.6,2,98,16.855,,,,
18/10/2017,02:00,12.1,1.9,123.1,1.96,,,,
18/10/2017,03:00,11.7,1.4,49.7,104.53,,,,
18/10/2017,04:00,10.9,2.1,82.9,1.63,,,,
18/10/2017,05:00,10.3,1.8,109,61.895,,,,
18/10/2017,06:00,10.5,2.4,129.3,7.65,,,,
18/10/2017,07:00,11.7,2.3,151.1,-37.105,,,,
18/10/2017,08:00,13.8,2.5,173.5,15.03,,,,
18/10/2017,09:00,16.7,2.2,177.6,-28.145,,,,
18/10/2017,10:00,18.7,2.5,178.3,-20.9,,,,
18/10/2017,11:00,20.2,3.1,200.3,-24.895,,,,
18/10/2017,12:00,20.9,3.2,203.3,-11.66,,,,
18/10/2017,13:00,21,2.6,231.6,-19.28,,,,
18/10/2017,14:00,20.8,2.2,205.2,-34.22,,,,
18/10/2017,15:00,19.5,2.4,178.6,-608.93,,,,
18/10/2017,16:00,18.1,2.1,184.5,31.155,,,,
18/10/2017,17:00,16.7,2.1,186.4,1.2,,,,
18/10/2017,18:00,15.8,2.5,175.4,67.61,,,,
18/10/2017,19:00,16.1,3.1,172.4,9.41,,,,
18/10/2017,20:00,15.7,3.2,168.4,10.65,,,,
18/10/2017,21:00,14.8,3.2,162.4,11.27,,,,
18/10/2017,22:00,14.6,3.5,161.4,6.09,,,,
18/10/2017,23:00,14.1,3.2,156.9,11.795,,,,
19/10/2017,00:00,13.6,2.7,153.7,8.865,,,,
19/10/2017,01:00,12.5,2.3,140.2,7.82,,,,
19/10/2017,02:00,12.3,2.4,133,0.475,,,,
19/10/2017,03:00,12.4,3.1,127.4,-0.64,,,,
19/10/2017,04:00,12.3,2.9,125.8,6.895,,,,
19/10/2017,05:00,12.4,3.5,131.2,2.775,,,,
19/10/2017,06:00,12.7,4.1,135.6,13.295,,,,
19/10/2017,07:00,14.5,4.7,141.8,15.6,,,,
19/10/2017,08:00,16.3,4.9,146.7,50.935,,,,
19/10/2017,09:00,18.1,5.5,149,187.49,,,,
19/10/2017,10:00,18.4,5,154.5,-99.075,,,,
19/10/2017,11:00,19,5.2,158.6,-189.71,,,,
19/10/2017,12:00,19.6,4.7,150.6,-1041.935,,,,
19/10/2017,13:00,21.6,5.9,167.2,-148.3,,,,
19/10/2017,14:00,21.8,6.3,174,-145.615,,,,
19/10/2017,15:00,20.8,5.2,175.1,457.48,,,,
19/10/2017,16:00,20.2,4.7,170.8,94.21,,,,
19/10/2017,17:00,19.7,3.8,170.8,61.67,,,,
19/10/2017,18:00,19.1,3.6,166,26.155,,,,
19/10/2017,19:00,18.4,4.7,162,9.31,,,,
19/10/2017,20:00,18.4,4.1,173.4,35.935,,,,
19/10/2017,21:00,18.4,4.4,167,38.31,,,,
19/10/2017,22:00,18,5.3,171.4,25.53,,,,
19/10/2017,23:00,17.8,5.3,187.7,43.695,,,,
20/10/2017,00:00,17.3,6.1,191.7,57.48,,,,
20/10/2017,01:00,16.6,5.4,184,98.445,,,,
20/10/2017,02:00,15.9,5.4,175.4,49.055,,,,
20/10/2017,03:00,15.6,5.7,180.6,63.715,,,,
20/10/2017,04:00,14.4,5.1,190.3,39.32,,,,
20/10/2017,05:00,13.6,5.6,205.4,39.32,,,,
20/10/2017,06:00,12.8,5.7,210.7,39.32,,,,
20/10/2017,07:00,12.5,6.2,210.4,105.87,,,,
20/10/2017,08:00,12.7,7.1,207.4,272.145,,,,
20/10/2017,09:00,12.8,6.7,212.1,-734.71,,,,
20/10/2017,10:00,13.2,7.4,213.2,-4542.36,,,,
20/10/2017,11:00,13.2,7.7,212,26580.3,,,,
20/10/2017,12:00,13.2,6.9,223.1,-3292.67,,,,
20/10/2017,13:00,13,6.3,220.3,442.07,,,,
20/10/2017,14:00,13.7,6.3,218,-4279.74,,,,
20/10/2017,15:00,14,5.8,221.4,575.855,,,,
20/10/2017,16:00,13.5,4.4,216.5,144.065,,,,
20/10/2017,17:00,13.2,4.9,213.9,111.435,,,,
20/10/2017,18:00,12.6,4.5,202.3,85.17,,,,
20/10/2017,19:00,12.1,4.7,198,49.89,,,,
20/10/2017,20:00,11.8,3.8,197.4,63.71,,,,
20/10/2017,21:00,11.6,4,192.2,41.425,,,,
20/10/2017,22:00,11.7,5,186.9,18.57,,,,
20/10/2017,23:00,11.8,5,183.9,115.865,,,,
21/10/2017,00:00,11.4,4.5,169.5,83.475,,,,
21/10/2017,01:00,11.1,5.6,166.4,41.285,,,,
21/10/2017,02:00,11.2,5.5,163.1,57.31,,,,
21/10/2017,03:00,11.4,5.3,172.1,60.945,,,,
21/10/2017,04:00,12.3,5.1,183.7,35.97,,,,
21/10/2017,05:00,12.7,5.8,181.3,31.82,,,,
21/10/2017,06:00,13.1,6.4,188.4,31.82,,,,
21/10/2017,07:00,13.9,6,198.5,31.82,,,,
21/10/2017,08:00,14.7,6.5,212.3,274.015,,,,
21/10/2017,09:00,15.3,5.6,217.1,-1300.32,,,,
21/10/2017,10:00,16,6.5,223.3,-737.32,,,,
21/10/2017,11:00,16.6,6.3,219.5,-379.81,,,,
21/10/2017,12:00,16.5,5.9,224.5,-187.495,,,,
21/10/2017,13:00,16.9,7.1,211.3,-873.595,,,,
21/10/2017,14:00,16.4,6,206.8,-459.725,,,,
21/10/2017,15:00,15.8,6.3,208,1405.51,,,,
21/10/2017,16:00,14.9,5.9,204.3,182.64,,,,
21/10/2017,17:00,13.6,4.8,200.7,75.85,,,,
21/10/2017,18:00,13.5,5.8,210.6,54.53,,,,
21/10/2017,19:00,13,6.8,210.4,85.58,,,,
21/10/2017,20:00,12,6.8,205.6,118,,,,
21/10/2017,21:00,11.4,6.6,199.8,115.785,,,,
21/10/2017,22:00,11.1,6.9,197.6,130.37,,,,
21/10/2017,23:00,10.9,7.6,200.4,185.245,,,,
22/10/2017,00:00,10.7,7.8,205.2,283.975,,,,
22/10/2017,01:00,9.5,7.5,203.4,360.53,,,,
22/10/2017,02:00,9.2,7.6,204.4,360.53,,,,
22/10/2017,03:00,9.3,7.8,211.7,360.53,,,,
22/10/2017,04:00,9.3,7.3,211.1,868.175,,,,
22/10/2017,05:00,9.3,7,216.9,474.065,,,,
22/10/2017,06:00,9.1,6.3,217.1,855.17,,,,
22/10/2017,07:00,9.2,4.8,227.6,855.17,,,,
22/10/2017,08:00,9.6,4,232.2,855.17,,,,
22/10/2017,09:00,10.2,4.8,238.7,855.17,,,,
22/10/2017,10:00,11.4,5.3,249.4,-29.745,,,,
22/10/2017,11:00,11.6,4.6,255.3,-82.13,,,,
22/10/2017,12:00,11.6,4.5,253.5,-84.64,,,,
22/10/2017,13:00,11.2,4.3,250,-125.625,,,,
22/10/2017,14:00,11.4,4,246.8,903.155,,,,
22/10/2017,15:00,11.2,4.1,247.9,37522.805,,,,
22/10/2017,16:00,9.8,2.9,229.6,187.795,,,,
22/10/2017,17:00,9.2,2.6,222.2,77.195,,,,
22/10/2017,18:00,9.3,2.4,233.3,40.01,,,,
22/10/2017,19:00,9.3,2.3,228.9,665.165,,,,
22/10/2017,20:00,9.1,2.5,229,56.715,,,,
22/10/2017,21:00,9.1,2.5,235.2,231.235,,,,
22/10/2017,22:00,8.7,2.1,234.4,173.07,,,,
22/10/2017,23:00,8.4,2.2,236.8,41.38,,,,
23/10/2017,00:00,8.9,2.6,239,77.455,,,,
23/10/2017,01:00,9.1,2.7,238.6,110.745,,,,
23/10/2017,02:00,9,3,244.6,122.11,,,,
23/10/2017,03:00,8.9,3,245.7,249.875,,,,
23/10/2017,04:00,9.1,3.7,248.7,240.46,,,,
23/10/2017,05:00,8.9,2.6,242.6,217.59,,,,
23/10/2017,06:00,8.9,2.2,232.4,217.59,,,,
23/10/2017,07:00,9.4,2.2,238.5,23.14,,,,
23/10/2017,08:00,10.6,3.1,247.3,-76.98,,,,
23/10/2017,09:00,11.4,3.2,241.4,-117.37,,,,
23/10/2017,10:00,12.6,3.7,239,-70.395,,,,
23/10/2017,11:00,12.9,3.5,234.6,-155.235,,,,
23/10/2017,12:00,13.5,3.2,234.6,-49.59,,,,
23/10/2017,13:00,13.7,4,227.2,-52.935,,,,
23/10/2017,14:00,13.3,3.2,231,-103.61,,,,
23/10/2017,15:00,12.7,3.6,216.5,-238.885,,,,
23/10/2017,16:00,12.2,3.5,208.7,-210.63,,,,
23/10/2017,17:00,12.2,3.2,204,597.15,,,,
23/10/2017,18:00,12.4,4,207.7,537.005,,,,
23/10/2017,19:00,12.5,3.7,202.5,421.965,,,,
23/10/2017,20:00,12.5,3.8,195.8,611.35,,,,
23/10/2017,21:00,12.5,3.5,198.7,350.7,,,,
23/10/2017,22:00,12.6,3.3,198.5,445.74,,,,
23/10/2017,23:00,12.7,3.4,200,528.905,,,,
24/10/2017,00:00,12.8,3.5,205,368.6,,,,
24/10/2017,01:00,13,3.7,209,368.6,,,,
24/10/2017,02:00,13.2,3.6,207.5,368.6,,,,
24/10/2017,03:00,13.4,3.5,200.1,9120.66,,,,
24/10/2017,04:00,13.5,3.8,201.9,1132.475,,,,
24/10/2017,05:00,13.5,4.1,200.6,1141.01,,,,
24/10/2017,06:00,13.6,4.3,194.5,819.705,,,,
24/10/2017,07:00,13.8,4.5,194.8,707.85,,,,
24/10/2017,08:00,14.1,4.9,201.9,630.43,,,,
24/10/2017,09:00,14.5,4.4,208.4,486.115,,,,
24/10/2017,10:00,14.7,4.7,214.8,-8168.54,,,,
24/10/2017,11:00,15,4.8,215.8,-4407.555,,,,
24/10/2017,12:00,15.4,4.6,212.4,-395.815,,,,
24/10/2017,13:00,15.7,3.8,218.5,-364.13,,,,
24/10/2017,14:00,16.1,3.5,221.5,-364.13,,,,
24/10/2017,15:00,16.5,3.2,223.1,-364.13,,,,
24/10/2017,16:00,16.5,3.2,231.2,47.38,,,,
24/10/2017,17:00,16.4,3.1,234.8,-28963.3,,,,
24/10/2017,18:00,16.5,2.8,236.2,186.165,,,,
24/10/2017,19:00,16.4,3.4,227.7,56.99,,,,
24/10/2017,20:00,16.2,3.4,221.5,142.88,,,,
24/10/2017,21:00,16.1,4.1,213.8,136.485,,,,
24/10/2017,22:00,16.1,3.5,212.8,244.685,,,,
24/10/2017,23:00,16.1,3.8,203,76.1,,,,
25/10/2017,00:00,16,4.4,202.4,78,,,,
25/10/2017,01:00,15.7,5.2,211.7,116.075,,,,
25/10/2017,02:00,15.3,5.4,214.2,139.485,,,,
25/10/2017,03:00,15.4,4.6,222,168.095,,,,
25/10/2017,04:00,15.1,5.1,221.6,192.775,,,,
25/10/2017,05:00,14.8,5,218.8,176.565,,,,
25/10/2017,06:00,14.8,5.1,219.9,156.695,,,,
25/10/2017,07:00,14.8,5.3,219.8,190.01,,,,
25/10/2017,08:00,15.3,4.8,223.5,314.155,,,,
25/10/2017,09:00,15.7,4.5,233.1,-467.12,,,,
25/10/2017,10:00,15.7,3.9,241.9,-399.08,,,,
25/10/2017,11:00,15.4,3.7,240,-648.945,,,,
25/10/2017,12:00,15.3,2.8,232.8,23.14,,,,
25/10/2017,13:00,15.6,2.6,228.1,-1565,,,,
25/10/2017,14:00,15.7,2.8,230.2,467.72,,,,
25/10/2017,15:00,15.5,2.9,227.6,307.06,,,,
25/10/2017,16:00,15.2,2.8,227.8,124.555,,,,
25/10/2017,17:00,15,2.8,217.8,137.815,,,,
25/10/2017,18:00,14.8,2.5,220.4,71.095,,,,
25/10/2017,19:00,14.6,2.4,221,56.365,,,,
25/10/2017,20:00,14.5,2,219.8,60.51,,,,
25/10/2017,21:00,14.4,2.1,222.2,14.595,,,,
25/10/2017,22:00,14.1,2.2,215.3,53.865,,,,
25/10/2017,23:00,13.9,1.7,225.9,26.975,,,,
26/10/2017,00:00,13.7,1.4,195,14.22,,,,
26/10/2017,01:00,13.4,1.7,186,8.935,,,,
26/10/2017,02:00,13.6,1.5,182.5,15.02,,,,
26/10/2017,03:00,13.8,1.6,190.1,5.4,,,,
26/10/2017,04:00,13.9,1.8,200,11.375,,,,
26/10/2017,05:00,14.1,2.2,220.1,12.705,,,,
26/10/2017,06:00,14.3,2.5,212.4,29.92,,,,
26/10/2017,07:00,14.4,2,209.9,82.905,,,,
26/10/2017,08:00,14.8,2.4,215,59.055,,,,
26/10/2017,09:00,15.3,2.3,228.9,-1559.77,,,,
26/10/2017,10:00,15.5,2.5,229.1,-337.57,,,,
26/10/2017,11:00,15.6,1.9,244.3,-158.155,,,,
26/10/2017,12:00,15.7,2.4,234,-306.535,,,,
26/10/2017,13:00,16,2.5,233.3,-126.455,,,,
26/10/2017,14:00,16,2.8,247.4,-261.78,,,,
26/10/2017,15:00,15.8,2.1,248.9,1094.92,,,,
26/10/2017,16:00,15.5,2.1,246.3,49.94,,,,
26/10/2017,17:00,14.7,2.1,271.8,82.225,,,,
26/10/2017,18:00,14.3,2.1,275.1,153.54,,,,
26/10/2017,19:00,14.1,1.8,275.4,153.54,,,,
26/10/2017,20:00,13.9,2.4,272.8,-33.85,,,,
26/10/2017,21:00,13.3,1.7,274.2,-33.85,,,,
26/10/2017,22:00,12.7,2.2,300.5,81.99,,,,
26/10/2017,23:00,12.4,1.8,287.7,81.99,,,,
27/10/2017,00:00,12.3,2.9,306.7,81.99,,,,
27/10/2017,01:00,12.2,3.3,305.7,24048.495,,,,
27/10/2017,02:00,12,2.4,297.9,558.645,,,,
27/10/2017,03:00,12,2.2,279.4,98.01,,,,
27/10/2017,04:00,11.9,2.7,296.5,98.01,,,,
27/10/2017,05:00,11.4,3.3,314.6,98.01,,,,
27/10/2017,06:00,10.5,3.2,316.7,100.415,,,,
27/10/2017,07:00,10.4,2.9,309.8,130.415,,,,
27/10/2017,08:00,11.2,3.5,318.2,182.025,,,,
27/10/2017,09:00,12.5,4.5,331.6,-67.21,,,,
27/10/2017,10:00,13.1,4.6,338.7,-119.21,,,,
27/10/2017,11:00,13.7,4.6,333.7,-90.21,,,,
27/10/2017,12:00,14.1,4.6,328.7,-62.155,,,,
27/10/2017,13:00,13.8,4.2,331,-155.275,,,,
27/10/2017,14:00,13.8,4.2,323.8,-156.74,,,,
27/10/2017,15:00,13,4.1,331.4,-1237.425,,,,
27/10/2017,16:00,12,3.3,329,74.05,,,,
27/10/2017,17:00,11.2,2.6,314.7,37.34,,,,
27/10/2017,18:00,10.1,1.9,302.6,13.7,,,,
27/10/2017,19:00,9.3,2,286.9,3.29,,,,
27/10/2017,20:00,8.9,1.5,259.9,5.995,,,,
27/10/2017,21:00,8.8,1.4,226.9,1.7,,,,
27/10/2017,22:00,8,1.7,247.2,3.915,,,,
27/10/2017,23:00,7.7,1.6,245.7,8.92,,,,
28/10/2017,00:00,7.9,1.8,241.9,-271.22,,,,
28/10/2017,01:00,7.6,2,245.6,35.975,,,,
28/10/2017,02:00,7.1,2.2,242.4,46.005,,,,
28/10/2017,03:00,6.7,2.3,239.6,44.31,,,,
28/10/2017,04:00,6.5,2.7,245.9,24.805,,,,
28/10/2017,05:00,7,3.7,250.8,133.67,,,,
28/10/2017,06:00,7.2,4.4,242.6,80.335,,,,
28/10/2017,07:00,7.7,4.7,244.2,88.285,,,,
28/10/2017,08:00,8.3,4.3,242.6,304.905,,,,
28/10/2017,09:00,8.9,4.6,245.9,-582.1,,,,
28/10/2017,10:00,9.7,4.1,255.3,-467.735,,,,
28/10/2017,11:00,10.6,4.8,259.7,-316.44,,,,
28/10/2017,12:00,11,5.3,255.8,-169.66,,,,
28/10/2017,13:00,11.2,5.3,259.1,-1472.325,,,,
28/10/2017,14:00,11.7,4.8,249.4,-1546,,,,
28/10/2017,15:00,11.7,4.5,249.2,351.07,,,,
28/10/2017,16:00,11.6,3.8,243.2,185.11,,,,
28/10/2017,17:00,12,4.4,244.8,257.725,,,,
28/10/2017,18:00,12.3,4.4,244.4,217.325,,,,
28/10/2017,19:00,12.5,4.6,247.5,537.265,,,,
28/10/2017,20:00,12.9,5.1,252.6,1331.35,,,,
28/10/2017,21:00,13.5,5.1,263.6,298.835,,,,
28/10/2017,22:00,13.9,5.2,263.9,324.315,,,,
28/10/2017,23:00,13.9,6.5,267.4,513.555,,,,
29/10/2017,00:00,13.8,6.6,266.5,634.97,,,,
29/10/2017,01:00,13.5,7.3,270.9,777.59,,,,
29/10/2017,02:00,12.9,6.6,270.8,935.23,,,,
29/10/2017,03:00,12.3,5.6,268.6,1092.87,,,,
29/10/2017,04:00,12.3,5.2,270.1,1092.87,,,,
29/10/2017,05:00,12.1,5.9,291.8,1092.87,,,,
29/10/2017,06:00,11.3,5.2,326,1092.87,,,,
29/10/2017,07:00,10.9,4.4,314.7,1092.87,,,,
29/10/2017,08:00,11.2,4.1,325.3,806.73,,,,
29/10/2017,09:00,11.5,5.5,339.4,-951.38,,,,
29/10/2017,10:00,11.9,4.9,331.1,-1768.74,,,,
29/10/2017,11:00,11.3,5,333.8,-176.03,,,,
29/10/2017,12:00,11.3,5.4,336.2,-107.13,,,,
29/10/2017,13:00,11,5.5,338.4,-142.955,,,,
29/10/2017,14:00,11,5,338.1,-656.765,,,,
29/10/2017,15:00,10.6,5,337.8,-1456.105,,,,
29/10/2017,16:00,9.1,4,327.6,324.07,,,,
29/10/2017,17:00,8.7,3.1,319.5,73.63,,,,
29/10/2017,18:00,8.1,2.6,312.6,24.065,,,,
29/10/2017,19:00,6.7,1.8,300.3,16.28,,,,
29/10/2017,20:00,6.1,1.7,288.9,-15.23,,,,
29/10/2017,21:00,6.1,1.7,277.5,71.11,,,,
29/10/2017,22:00,5.8,1.6,265.9,10.86,,,,
29/10/2017,23:00,5.1,1.5,272.8,29.79,,,,
30/10/2017,00:00,5.4,1.5,274.4,20.395,,,,
30/10/2017,01:00,5.8,1.4,268.7,-225.685,,,,
30/10/2017,02:00,5.9,1.5,282,-129.83,,,,
30/10/2017,03:00,6.2,1.5,284.7,-3.8,,,,
30/10/2017,04:00,5.7,1.3,290.1,-3.8,,,,
30/10/2017,05:00,5,1.7,250.3,-3.8,,,,
30/10/2017,06:00,4.8,1.8,239.1,36.23,,,,
30/10/2017,07:00,5.8,1.1,265.3,8.18,,,,
30/10/2017,08:00,7.2,1.4,299.3,-11.365,,,,
30/10/2017,09:00,8.3,1.5,282.5,-4.255,,,,
30/10/2017,10:00,9.1,2.1,335.4,-7.11,,,,
30/10/2017,11:00,9.8,2.9,331.4,-35.565,,,,
30/10/2017,12:00,10.6,2.4,346.4,-60.615,,,,
30/10/2017,13:00,10.4,2.5,337.7,-16.585,,,,
30/10/2017,14:00,10.1,2.3,305.6,-56.295,,,,
30/10/2017,15:00,9.5,2.3,296.5,-542.565,,,,
30/10/2017,16:00,8.8,1.4,283.7,7.29,,,,
30/10/2017,17:00,7.2,1.4,280.6,12.285,,,,
30/10/2017,18:00,6.2,1.6,267.5,-38.99,,,,
30/10/2017,19:00,5.6,1.3,253.4,-7.575,,,,
30/10/2017,20:00,6,1.7,237.5,-74.08,,,,
30/10/2017,21:00,6.5,1.3,230.3,29.495,,,,
30/10/2017,22:00,6.6,1.1,243.2,104.65,,,,
30/10/2017,23:00,6.7,0.9,238.7,166.895,,,,
31/10/2017,00:00,6.8,1.3,239.1,88.04,,,,
31/10/2017,01:00,7,1.5,210.7,68.625,,,,
31/10/2017,02:00,6.9,1.4,225.8,45.445,,,,
31/10/2017,03:00,6.7,1.3,234.1,32.1,,,,
31/10/2017,04:00,6.8,1.3,225,-53740.8,,,,
31/10/2017,05:00,7,1.6,216.1,-15.67,,,,
31/10/2017,06:00,7,2.1,210.8,45.74,,,,
31/10/2017,07:00,7.2,1.8,200.3,40.02,,,,
31/10/2017,08:00,7.8,2.1,217,141.75,,,,
31/10/2017,09:00,8.8,3.1,224.3,-51.26,,,,
31/10/2017,10:00,10.1,3.6,228.2,-84.82,,,,
31/10/2017,11:00,10.7,3.7,230.9,-40.43,,,,
31/10/2017,12:00,10.7,3.9,226.1,-114.945,,,,
31/10/2017,13:00,10.8,3.9,220.6,-165.175,,,,
31/10/2017,14:00,11.1,4,222.1,-594.115,,,,
31/10/2017,15:00,10.8,4.1,226.7,-658.475,,,,
31/10/2017,16:00,10.1,4,213.5,506.875,,,,
31/10/2017,17:00,9.8,3.6,209.5,137.715,,,,
31/10/2017,18:00,9.6,4.3,213.5,110.725,,,,
31/10/2017,19:00,9.1,4,218.2,110.3,,,,
31/10/2017,20:00,8.8,4,219.4,96.23,,,,
31/10/2017,21:00,8.5,3.4,225.2,59.43,,,,
31/10/2017,22:00,8.6,3.7,222.1,59.86,,,,
31/10/2017,23:00,8.6,3.2,225.3,71.97,,,,
01/11/2017,00:00,8.5,3.5,225.6,109.74,,,,
01/11/2017,01:00,8.6,3.6,222.5,332.215,,,,
01/11/2017,02:00,8.6,3.5,224,516.85,,,,
01/11/2017,03:00,8.3,3,228.8,110.665,,,,
01/11/2017,04:00,7.8,3,229.3,56.005,,,,
01/11/2017,05:00,7.2,3.1,223.7,57.31,,,,
01/11/2017,06:00,6.8,3.2,218.9,21.87,,,,
01/11/2017,07:00,6.8,2.5,226.5,35.89,,,,
01/11/2017,08:00,8.8,2.7,225.6,48.53,,,,
01/11/2017,09:00,10.5,3.3,226.5,-37.525,,,,
01/11/2017,10:00,11.7,3.5,214.4,-37.745,,,,
01/11/2017,11:00,13.3,3.1,202.4,-47.97,,,,
01/11/2017,12:00,13.9,2.7,225.3,-39.1,,,,
01/11/2017,13:00,14.2,2.5,212.1,-46.85,,,,
01/11/2017,14:00,13.9,2.6,197.7,-110.87,,,,
01/11/2017,15:00,12.6,2.3,200.3,228.045,,,,
01/11/2017,16:00,10.9,1.9,199.2,35.915,,,,
01/11/2017,17:00,10.1,2.7,191.8,4.44,,,,
01/11/2017,18:00,10.5,3,189.1,-7.79,,,,
01/11/2017,19:00,10.5,2.9,176,11.255,,,,
01/11/2017,20:00,10.6,3.9,169.4,12.64,,,,
01/11/2017,21:00,10.8,3.8,173.4,14.325,,,,
01/11/2017,22:00,11.2,3.8,194.7,15.055,,,,
01/11/2017,23:00,11,2.9,194.8,31.36,,,,
02/11/2017,00:00,10.4,3.6,198.1,22.63,,,,
02/11/2017,01:00,10.3,4,208.1,29.365,,,,
02/11/2017,02:00,9.5,3.2,228.4,25.48,,,,
02/11/2017,03:00,8.4,3.1,232.6,28.205,,,,
02/11/2017,04:00,7.9,2.9,230.1,139.395,,,,
02/11/2017,05:00,8,2.6,230.6,23.29,,,,
02/11/2017,06:00,7.7,2.3,229.9,6.745,,,,
02/11/2017,07:00,8,2.6,221.2,111.67,,,,
02/11/2017,08:00,8.6,2.8,221.8,379.89,,,,
02/11/2017,09:00,9.1,3.6,223,-202.955,,,,
02/11/2017,10:00,9.5,3,227.3,-81.27,,,,
02/11/2017,11:00,9.8,2.4,235.8,-101.235,,,,
02/11/2017,12:00,10.2,2.3,244.7,-22.555,,,,
02/11/2017,13:00,10.6,2.3,234.6,-45.28,,,,
02/11/2017,14:00,10.9,2.5,216.5,-66.335,,,,
02/11/2017,15:00,10.6,2.3,219.5,95.71,,,,
02/11/2017,16:00,9.1,1.3,232.2,33.79,,,,
02/11/2017,17:00,8.1,1.3,230,22.23,,,,
02/11/2017,18:00,7.6,1.4,227.1,-25.325,,,,
02/11/2017,19:00,7.2,1.7,218.4,-27.255,,,,
02/11/2017,20:00,7.8,1.7,217.3,6.505,,,,
02/11/2017,21:00,8.2,1.4,211.3,13.21,,,,
02/11/2017,22:00,7.9,1.6,201.6,-8.93,,,,
02/11/2017,23:00,8,1.3,184.5,11.53,,,,
03/11/2017,00:00,7.9,1.3,150.3,3.375,,,,
03/11/2017,01:00,7.7,1.4,175.4,5.46,,,,
03/11/2017,02:00,7.2,1.7,181.2,-38.02,,,,
03/11/2017,03:00,7.2,1.3,168.1,-34.43,,,,
03/11/2017,04:00,8.1,2.9,164.9,-68.28,,,,
03/11/2017,05:00,8.7,1.8,194.2,168.33,,,,
03/11/2017,06:00,8.9,1.8,193.5,975.765,,,,
03/11/2017,07:00,9,1.7,191,-1705.215,,,,
03/11/2017,08:00,9.1,1.6,179.5,-31.835,,,,
03/11/2017,09:00,9.7,1.9,181,-13.1,,,,
03/11/2017,10:00,11.6,2.1,192.4,-13.84,,,,
03/11/2017,11:00,13.4,2.4,215.2,-8.795,,,,
03/11/2017,12:00,13.2,2.7,189.3,-10.655,,,,
03/11/2017,13:00,13.3,2.7,173.8,-41.455,,,,
03/11/2017,14:00,13.3,3,178.8,-78.24,,,,
03/11/2017,15:00,11.8,1.9,173.7,40.22,,,,
03/11/2017,16:00,9.3,1.9,129.3,-1.49,,,,
03/11/2017,17:00,8.7,2.1,132.1,-6.48,,,,
03/11/2017,18:00,8.8,2.3,138,-130.39,,,,
03/11/2017,19:00,8.6,2.9,150.8,9.9,,,,
03/11/2017,20:00,8.8,3.6,163,33.745,,,,
03/11/2017,21:00,8.6,3.9,161.5,16.095,,,,
03/11/2017,22:00,8.3,3.9,160.5,24.315,,,,
03/11/2017,23:00,8.1,3.2,154.2,11.075,,,,
04/11/2017,00:00,8.2,2.8,149,20.585,,,,
04/11/2017,01:00,8.4,3.6,156.9,16.795,,,,
04/11/2017,02:00,8.6,3.2,157.8,48.665,,,,
04/11/2017,03:00,8.5,2.5,155.6,42.16,,,,
04/11/2017,04:00,8.3,3.3,154,33.995,,,,
04/11/2017,05:00,8.4,3.6,151.2,33.92,,,,
04/11/2017,06:00,8,3.5,132.1,44.655,,,,
04/11/2017,07:00,8.4,4.1,134.7,20.51,,,,
04/11/2017,08:00,9.8,5,161.5,90.515,,,,
04/11/2017,09:00,12.5,4.6,180,-86.6,,,,
04/11/2017,10:00,12.7,6.3,196.2,-149.855,,,,
04/11/2017,11:00,12.7,5.3,182.2,-119.31,,,,
04/11/2017,12:00,11.9,6.1,171.6,-95.37,,,,
04/11/2017,13:00,12.2,7,180.5,-95.37,,,,
04/11/2017,14:00,13.1,6.7,195.9,701.55,,,,
04/11/2017,15:00,13,5.5,207.9,367.66,,,,
04/11/2017,16:00,13.1,5.7,215,332,,,,
04/11/2017,17:00,13,4.3,224.5,332,,,,
04/11/2017,18:00,12.8,3.3,231.5,332,,,,
04/11/2017,19:00,12.6,3.1,237.7,-157.8,,,,
04/11/2017,20:00,12,2.8,277.3,-3852.14,,,,
04/11/2017,21:00,10.9,1.9,252.6,-3852.14,,,,
04/11/2017,22:00,10.5,2.1,259,-3852.14,,,,
04/11/2017,23:00,10.2,2,245,185.485,,,,
05/11/2017,00:00,10.1,2.7,253.3,643.965,,,,
05/11/2017,01:00,9.7,3,275.6,99.24,,,,
05/11/2017,02:00,9.2,2.6,275.4,99.24,,,,
05/11/2017,03:00,8.9,2.3,259.1,99.24,,,,
05/11/2017,04:00,7.4,3.4,295.4,99.24,,,,
05/11/2017,05:00,6.8,2,243.4,99.24,,,,
05/11/2017,06:00,5.4,1.8,236.3,-133.67,,,,
05/11/2017,07:00,5.8,2.1,243.2,65.03,,,,
05/11/2017,08:00,6.7,2.5,245.7,25.205,,,,
05/11/2017,09:00,7.9,2.9,256.1,-98.3,,,,
05/11/2017,10:00,8.3,2.9,261.2,-47.07,,,,
05/11/2017,11:00,7.3,3.9,268,-43.84,,,,
05/11/2017,12:00,6.9,2.2,271.5,-131.14,,,,
05/11/2017,13:00,8.1,2.4,243.4,-131.14,,,,
05/11/2017,14:00,8.2,3.6,259.5,-58.455,,,,
05/11/2017,15:00,7.4,2.5,255.8,-133.76,,,,
05/11/2017,16:00,6.1,2.2,247.8,28.89,,,,
05/11/2017,17:00,5.5,2.4,255.4,32.76,,,,
05/11/2017,18:00,5,2.5,258.7,7.49,,,,
05/11/2017,19:00,4.8,2.1,251.6,11.295,,,,
05/11/2017,20:00,4.1,1.7,234.8,-3.76,,,,
05/11/2017,21:00,3.8,1.9,235.3,4.26,,,,
05/11/2017,22:00,4.1,1.7,252.8,17.865,,,,
05/11/2017,23:00,4.3,1.6,242.8,25.78,,,,
06/11/2017,00:00,4.3,2.3,247.6,25.78,,,,
06/11/2017,01:00,4.1,1.8,268.9,25.78,,,,
06/11/2017,02:00,4.7,1.9,307.8,23.63,,,,
06/11/2017,03:00,5,1.8,324.4,23.63,,,,
06/11/2017,04:00,3.9,1.9,263.4,23.63,,,,
06/11/2017,05:00,3,1.5,262.4,10.15,,,,
06/11/2017,06:00,2.5,1.1,296.8,7.5,,,,
06/11/2017,07:00,3.2,1.7,306.5,23.86,,,,
06/11/2017,08:00,4.7,1.5,246.3,24.385,,,,
06/11/2017,09:00,6.1,1.2,249.5,-8.93,,,,
06/11/2017,10:00,7.3,1.6,272.7,-8.38,,,,
06/11/2017,11:00,9,2,307.7,-9.675,,,,
06/11/2017,12:00,9.6,2.4,331,-8.225,,,,
06/11/2017,13:00,10.1,2.4,325.8,-16.155,,,,
06/11/2017,14:00,8.7,2.7,335.6,-30.46,,,,
06/11/2017,15:00,8.4,1.9,346.3,53.025,,,,
06/11/2017,16:00,7.9,2.1,354.7,16.955,,,,
06/11/2017,17:00,5.8,1.3,351.5,8.28,,,,
06/11/2017,18:00,4.5,1.3,27.3,-141.105,,,,
06/11/2017,19:00,3.8,1.3,57.6,-2.05,,,,
06/11/2017,20:00,3.1,0.9,61.5,-11.595,,,,
06/11/2017,21:00,2.6,0.5,186.6,-24.13,,,,
06/11/2017,22:00,2.4,0.8,116.1,-6.485,,,,
06/11/2017,23:00,2,0.8,309.3,13.74,,,,
07/11/2017,00:00,1.6,0.7,238.1,4.86,,,,
07/11/2017,01:00,1.4,0.3,55.1,4.38,,,,
07/11/2017,02:00,1.5,1.3,137.5,-0.13,,,,
07/11/2017,03:00,1.1,1,166.8,-6.8,,,,
07/11/2017,04:00,1,1.3,151.7,33.3,,,,
07/11/2017,05:00,0.9,1.9,126.6,4.195,,,,
07/11/2017,06:00,1.1,2,121.7,-8.61,,,,
07/11/2017,07:00,1.4,1.6,117.5,-4.66,,,,
07/11/2017,08:00,4.2,1.4,134.6,4.025,,,,
07/11/2017,09:00,6.8,1.7,148,7.01,,,,
07/11/2017,10:00,8.6,1.6,139.6,-24.4,,,,
07/11/2017,11:00,9.4,1.7,114.2,-13.95,,,,
07/11/2017,12:00,9.6,1.8,67.7,-14.365,,,,
07/11/2017,13:00,9.6,2.4,112.7,-14.46,,,,
07/11/2017,14:00,8.7,2,70.6,-25.605,,,,
07/11/2017,15:00,7.2,1.4,99.2,140.4,,,,
07/11/2017,16:00,5.1,1.3,87.8,6.95,,,,
07/11/2017,17:00,4.1,1.3,106.2,-1.68,,,,
07/11/2017,18:00,3.8,1.4,124.9,-19.63,,,,
07/11/2017,19:00,3.5,1.8,125.2,-40.58,,,,
07/11/2017,20:00,2.7,1.3,112.3,4.895,,,,
07/11/2017,21:00,2.3,0.9,346.2,25.82,,,,
07/11/2017,22:00,2.2,1.1,300.3,5.26,,,,
07/11/2017,23:00,2.3,1,263.9,46.94,,,,
08/11/2017,00:00,2.8,0.5,269.6,-4.99,,,,
08/11/2017,01:00,3.3,0.9,338,4.2,,,,
08/11/2017,02:00,3.8,1.6,90.3,-3.315,,,,
08/11/2017,03:00,4.1,0.8,39,-48.985,,,,
08/11/2017,04:00,4.2,0.9,5.9,16.32,,,,
08/11/2017,05:00,4.2,1.1,5.2,17.325,,,,
08/11/2017,06:00,3.8,0.7,319,-827.66,,,,
08/11/2017,07:00,4.1,1.3,269.7,14.93,,,,
08/11/2017,08:00,4.1,0.7,215.7,14.93,,,,
08/11/2017,09:00,4.2,1.1,266.4,-46.285,,,,
08/11/2017,10:00,4.6,1,293.9,-27.08,,,,
08/11/2017,11:00,5.2,1.3,272.3,-23.95,,,,
08/11/2017,12:00,5.5,1.4,297.8,-20.82,,,,
08/11/2017,13:00,6.1,1.7,303.1,-15.685,,,,
08/11/2017,14:00,6.1,2.2,310.5,-22.76,,,,
08/11/2017,15:00,6.1,2,310.9,-23.985,,,,
08/11/2017,16:00,6.2,1.8,326.9,903.25,,,,
08/11/2017,17:00,6.3,2,344.3,1266.675,,,,
08/11/2017,18:00,6.4,1.6,17.2,209.88,,,,
08/11/2017,19:00,6.4,1.6,22.8,529.175,,,,
08/11/2017,20:00,6.4,1.3,52.7,201.61,,,,
08/11/2017,21:00,6.4,1.1,59.9,-88.73,,,,
08/11/2017,22:00,6.4,1.4,59.4,19.66,,,,
08/11/2017,23:00,6.4,1.3,112.8,92.15,,,,
09/11/2017,00:00,6.1,1.2,154.6,-19.93,,,,
09/11/2017,01:00,6.1,1.2,230.6,55.945,,,,
09/11/2017,02:00,6.1,1.1,219.6,-3.62,,,,
09/11/2017,03:00,6.1,1.2,214.9,-235.02,,,,
09/11/2017,04:00,6,1.3,226.1,230.36,,,,
09/11/2017,05:00,5.9,1.9,205.6,-29.73,,,,
09/11/2017,06:00,5.9,1.9,202.6,-163.29,,,,
09/11/2017,07:00,6,1.8,208.8,-173.83,,,,
09/11/2017,08:00,6.2,2.5,215.8,-89.75,,,,
09/11/2017,09:00,6.8,2.8,211,-149.155,,,,
09/11/2017,10:00,7.6,2.8,220.5,-24.265,,,,
09/11/2017,11:00,8.1,2.8,221.5,-35.29,,,,
09/11/2017,12:00,8.4,3.4,225.5,-46.295,,,,
09/11/2017,13:00,8.9,2.9,229.6,-114.195,,,,
09/11/2017,14:00,8.9,3.3,220.7,-138.635,,,,
09/11/2017,15:00,8.7,3.3,214.6,322.225,,,,
09/11/2017,16:00,8.5,3.2,199.1,150.495,,,,
09/11/2017,17:00,8.5,3.6,203.6,119.68,,,,
09/11/2017,18:00,8.3,4.2,214.6,154.04,,,,
09/11/2017,19:00,7.8,3.9,212.4,233.745,,,,
09/11/2017,20:00,7.6,3.7,206.1,649.4,,,,
09/11/2017,21:00,7.6,4,213.2,649.4,,,,
09/11/2017,22:00,7.6,3.9,216.2,649.4,,,,
09/11/2017,23:00,7.7,3.9,206.7,649.4,,,,
10/11/2017,00:00,7.8,4.1,212,-147.56,,,,
10/11/2017,01:00,7.8,3.8,212.9,-499.37,,,,
10/11/2017,02:00,7.8,3.5,205.6,-383.42,,,,
10/11/2017,03:00,7.8,3.5,201.9,-373.16,,,,
10/11/2017,04:00,7.8,5,210,-119.895,,,,
10/11/2017,05:00,8.2,4.2,207.9,-405.9,,,,
10/11/2017,06:00,8.5,4.3,223.3,-472.89,,,,
10/11/2017,07:00,9,4,226.9,-539.88,,,,
10/11/2017,08:00,9.2,4.5,244.1,-539.88,,,,
10/11/2017,09:00,8.2,3.5,231,-377.56,,,,
10/11/2017,10:00,8.3,4,238.9,-377.56,,,,
10/11/2017,11:00,9.1,3.9,254.3,-377.56,,,,
10/11/2017,12:00,9.9,3.6,261.7,-163.24,,,,
10/11/2017,13:00,9.6,4.6,289.9,-123.43,,,,
10/11/2017,14:00,9.8,4.6,299.2,-123.43,,,,
10/11/2017,15:00,9.3,5.4,300,32.39,,,,
10/11/2017,16:00,8.5,3.6,293.2,108.01,,,,
10/11/2017,17:00,7.7,2.9,278.9,17.955,,,,
10/11/2017,18:00,7.4,3.2,266.6,17.055,,,,
10/11/2017,19:00,7.2,3.5,264,32.315,,,,
10/11/2017,20:00,6.6,3.1,251.3,33.105,,,,
10/11/2017,21:00,6.3,2.9,251.4,23.645,,,,
10/11/2017,22:00,6.1,2.7,246.9,18.62,,,,
10/11/2017,23:00,6,2.8,242.3,56.74,,,,
11/11/2017,00:00,5.9,2.8,240.1,52.175,,,,
11/11/2017,01:00,6,2.6,237.1,63.345,,,,
11/11/2017,02:00,6,2.6,224,27.35,,,,
11/11/2017,03:00,6.2,3.1,222.1,34.625,,,,
11/11/2017,04:00,6.2,3.5,216.8,89.405,,,,
11/11/2017,05:00,5.9,3.5,214.8,116.95,,,,
11/11/2017,06:00,5.8,3.5,200.8,116.95,,,,
11/11/2017,07:00,5.9,3.4,171.5,116.95,,,,
11/11/2017,08:00,6.3,3,158.1,116.95,,,,
11/11/2017,09:00,6.8,1.7,191.1,116.95,,,,
11/11/2017,10:00,7.6,1.4,248.3,-68,,,,
11/11/2017,11:00,8.1,1.9,291.8,-8.62,,,,
11/11/2017,12:00,8.2,2.7,298.7,-10.905,,,,
11/11/2017,13:00,8.3,2.2,302.4,-6.395,,,,
11/11/2017,14:00,8.1,2.7,317.2,-10.13,,,,
11/11/2017,15:00,8.1,2.2,309.3,-272.34,,,,
11/11/2017,16:00,7.9,1.7,293.2,57.18,,,,
11/11/2017,17:00,6.9,1.6,266.6,57.18,,,,
11/11/2017,18:00,6.2,1.5,266,17.105,,,,
11/11/2017,19:00,5.8,1.4,254,59.67,,,,
11/11/2017,20:00,5.6,1.4,252,3.26,,,,
11/11/2017,21:00,5.8,1.6,250.5,8.2,,,,
11/11/2017,22:00,5.4,1,232.5,7,,,,
11/11/2017,23:00,5.1,1.5,215.4,2.84,,,,
12/11/2017,00:00,4.9,1.6,215.4,6.37,,,,
12/11/2017,01:00,4.9,1.7,191.1,-9.66,,,,
12/11/2017,02:00,5.1,1.8,208.2,9.405,,,,
12/11/2017,03:00,5.3,1.8,198,21.395,,,,
12/11/2017,04:00,5.4,1.9,185.1,11.68,,,,
12/11/2017,05:00,5.6,1.7,203.6,9.33,,,,
12/11/2017,06:00,5.8,2.4,252,12.37,,,,
12/11/2017,07:00,5.3,3.1,269.5,12.37,,,,
12/11/2017,08:00,5,2.7,267.9,12.37,,,,
12/11/2017,09:00,5.1,2.6,260.3,12.37,,,,
12/11/2017,10:00,5.5,3,257.8,12.37,,,,
12/11/2017,11:00,6.3,4,272.6,-7.78,,,,
12/11/2017,12:00,6.1,4.3,299,-78.23,,,,
12/11/2017,13:00,6.5,6.4,311.6,-24.09,,,,
12/11/2017,14:00,5.4,6,298.9,-318.4,,,,
12/11/2017,15:00,3.9,4.4,302.5,-318.4,,,,
12/11/2017,16:00,4,2.8,308,-318.4,,,,
12/11/2017,17:00,4.8,3.7,308.4,-318.4,,,,
12/11/2017,18:00,5.3,4.6,331.3,-318.4,,,,
12/11/2017,19:00,5.2,3.8,325.2,-318.4,,,,
12/11/2017,20:00,4.5,2.8,294.2,-318.4,,,,
12/11/2017,21:00,4.5,3,312.5,4.13,,,,
12/11/2017,22:00,4.9,3.2,313.8,3.3,,,,
12/11/2017,23:00,4.6,2.8,291.5,3.3,,,,
13/11/2017,00:00,4.8,3.1,318.3,3.3,,,,
13/11/2017,01:00,4.4,2.2,287.3,3.3,,,,
13/11/2017,02:00,4,2.1,286.6,155.44,,,,
13/11/2017,03:00,4.7,2.6,307.3,-46.96,,,,
13/11/2017,04:00,5,3.2,331.5,-46.96,,,,
13/11/2017,05:00,5,2.8,305.2,-46.96,,,,
13/11/2017,06:00,4.7,2.6,299.4,-46.96,,,,
13/11/2017,07:00,4.5,2,286.6,44.37,,,,
13/11/2017,08:00,5.4,3.8,315.1,108.85,,,,
13/11/2017,09:00,6.3,3.7,332,173.33,,,,
13/11/2017,10:00,7.7,3.6,323.4,173.33,,,,
13/11/2017,11:00,8.2,3.8,333.8,-39.1,,,,
13/11/2017,12:00,8.7,3.1,343.4,-84.72,,,,
13/11/2017,13:00,7.3,3.8,334.8,-55.395,,,,
13/11/2017,14:00,7.5,3,316.2,-42.7,,,,
13/11/2017,15:00,7.2,2.3,319.4,112.875,,,,
13/11/2017,16:00,6,2.1,301.6,17.015,,,,
13/11/2017,17:00,5.3,2.2,294.6,2.49,,,,
13/11/2017,18:00,4.8,2.2,314.3,2.97,,,,
13/11/2017,19:00,4.2,1.8,290,-13.31,,,,
13/11/2017,20:00,3.6,1.8,243.6,15.88,,,,
13/11/2017,21:00,3,1.8,236.4,3.08,,,,
13/11/2017,22:00,2.5,1.9,235.5,-6.27,,,,
13/11/2017,23:00,2.4,1.9,231.2,-96.66,,,,
14/11/2017,00:00,2.2,1.7,225.8,-17.92,,,,
14/11/2017,01:00,2.1,1.6,227.6,17.61,,,,
14/11/2017,02:00,2.2,2.1,220.7,-8.48,,,,
14/11/2017,03:00,2.6,2,201.4,43.735,,,,
14/11/2017,04:00,2.7,2.1,202.8,3.485,,,,
14/11/2017,05:00,2.9,2,217.7,6.745,,,,
14/11/2017,06:00,2.9,2.3,205.2,19.18,,,,
14/11/2017,07:00,3.5,2.1,193.8,11.93,,,,
14/11/2017,08:00,4.2,2.7,198.4,-1215.92,,,,
14/11/2017,09:00,5.4,3.4,218.3,191.92,,,,
14/11/2017,10:00,6.5,3.2,228.6,-167.775,,,,
14/11/2017,11:00,7.7,4.1,218.2,-58.335,,,,
14/11/2017,12:00,8.4,4.1,222.1,-159.025,,,,
14/11/2017,13:00,8.6,3.5,226.4,-1207.465,,,,
14/11/2017,14:00,8.6,3.9,221.2,-646.53,,,,
14/11/2017,15:00,8.5,3.5,219.9,242.89,,,,
14/11/2017,16:00,8.4,3.4,222,152.735,,,,
14/11/2017,17:00,8.2,3.6,216.7,110.18,,,,
14/11/2017,18:00,7.9,3,211.9,172.54,,,,
14/11/2017,19:00,7.8,2.7,213.2,283.135,,,,
14/11/2017,20:00,7.7,3.5,205.2,67.1,,,,
14/11/2017,21:00,7.4,2.9,202.9,282.975,,,,
14/11/2017,22:00,7.2,2.9,198.2,322.84,,,,
14/11/2017,23:00,7.1,3,191.5,418.315,,,,
15/11/2017,00:00,7,2.8,192.8,569.675,,,,
15/11/2017,01:00,7.1,2.5,190.1,571.42,,,,
15/11/2017,02:00,7.1,2.8,192,334.47,,,,
15/11/2017,03:00,7,2.8,200.7,430.915,,,,
15/11/2017,04:00,7,2.7,201.6,430.755,,,,
15/11/2017,05:00,7.1,2.8,201.4,451.24,,,,
15/11/2017,06:00,7.2,2.6,207.8,248.225,,,,
15/11/2017,07:00,7.3,3.1,214.5,111.73,,,,
15/11/2017,08:00,7.5,2.8,216.2,678.24,,,,
15/11/2017,09:00,7.8,2.3,224.6,-164.51,,,,
15/11/2017,10:00,8.3,2.5,221.9,-67.205,,,,
15/11/2017,11:00,8.8,2.6,218.1,-44.455,,,,
15/11/2017,12:00,9,2.5,203.9,-45.13,,,,
15/11/2017,13:00,8.9,2.1,206.9,-106.545,,,,
15/11/2017,14:00,8.8,2.3,197.6,-47.765,,,,
15/11/2017,15:00,8.8,2.5,212.4,-109.845,,,,
15/11/2017,16:00,8.6,1.8,219.1,314.22,,,,
15/11/2017,17:00,8.4,1.6,203.3,173.31,,,,
15/11/2017,18:00,8.2,1.6,190,72.66,,,,
15/11/2017,19:00,8.2,2.3,184.3,122.005,,,,
15/11/2017,20:00,8.2,2.2,190.7,385.96,,,,
15/11/2017,21:00,8.2,2.1,182.5,109.52,,,,
15/11/2017,22:00,8.2,2.6,179.2,93.145,,,,
15/11/2017,23:00,8.1,2.7,178.9,271.375,,,,
16/11/2017,00:00,8,2.2,206.2,327.13,,,,
16/11/2017,01:00,8,2.2,203.5,132.235,,,,
16/11/2017,02:00,7.9,2.8,195.3,225.38,,,,
16/11/2017,03:00,7.7,2.8,201.6,98.285,,,,
16/11/2017,04:00,7.6,2.3,211,142.35,,,,
16/11/2017,05:00,7.4,2.7,194.9,59.06,,,,
16/11/2017,06:00,7.2,2.6,196,36.67,,,,
16/11/2017,07:00,7.3,2.6,196.6,49.205,,,,
16/11/2017,08:00,8.1,3,207.6,40.5,,,,
16/11/2017,09:00,8.7,3.2,207.8,-95.71,,,,
16/11/2017,10:00,8.8,3.2,218.5,-89.555,,,,
16/11/2017,11:00,8.3,3,204.3,-1055.07,,,,
16/11/2017,12:00,8.9,2.9,221.5,-1055.07,,,,
16/11/2017,13:00,9.5,2.4,227.4,-82.34,,,,
16/11/2017,14:00,9.6,3,229,-150.675,,,,
16/11/2017,15:00,9.4,2.8,232.1,1540.25,,,,
16/11/2017,16:00,9.3,2.6,230.9,230.115,,,,
16/11/2017,17:00,9.2,2.4,230.4,280.13,,,,
16/11/2017,18:00,9.1,2.8,223.9,391.025,,,,
16/11/2017,19:00,9,2.6,225.1,308.52,,,,
16/11/2017,20:00,9,2.1,227.5,-1244.555,,,,
16/11/2017,21:00,9,2.3,237.6,-4224.94,,,,
16/11/2017,22:00,9.1,2,244.4,-109.915,,,,
16/11/2017,23:00,9.1,2.5,316.1,-122.25,,,,
17/11/2017,00:00,8.8,2.5,351.1,163.54,,,,
17/11/2017,01:00,8.7,2,5,217.45,,,,
17/11/2017,02:00,8.7,2.3,347.5,217.45,,,,
17/11/2017,03:00,8.2,2.3,7.5,323.7,,,,
17/11/2017,04:00,7.5,2.4,24.8,270.61,,,,
17/11/2017,05:00,6.9,2.4,16.9,37.715,,,,
17/11/2017,06:00,5.4,2.2,14.8,-66.355,,,,
17/11/2017,07:00,4.8,1.6,19,11.245,,,,
17/11/2017,08:00,5.5,0.6,76,254.82,,,,
17/11/2017,09:00,7.6,1.5,22.3,-41.85,,,,
17/11/2017,10:00,9.1,1.8,19.5,-12.31,,,,
17/11/2017,11:00,9.1,2.1,0.9,-26.69,,,,
17/11/2017,12:00,9.7,2,31.1,-64.245,,,,
17/11/2017,13:00,9.7,1.9,15.2,-51.285,,,,
17/11/2017,14:00,9,1.9,345,172.91,,,,
17/11/2017,15:00,8.5,2.6,356.2,25.245,,,,
17/11/2017,16:00,7.2,1.1,293.9,10.46,,,,
17/11/2017,17:00,5.7,1.2,251.2,12.39,,,,
17/11/2017,18:00,4.5,1.3,237.5,-4.585,,,,
17/11/2017,19:00,3.6,1.4,247.5,7.36,,,,
17/11/2017,20:00,3.1,1.4,238.3,-19.385,,,,
17/11/2017,21:00,2.7,1.6,224.6,-1.45,,,,
17/11/2017,22:00,2.2,1.7,221.6,75.96,,,,
17/11/2017,23:00,1.5,1.7,217.4,-3.725,,,,
18/11/2017,00:00,1,1.7,233.5,-41.87,,,,
18/11/2017,01:00,0.9,1.9,212.3,-7.72,,,,
18/11/2017,02:00,0.6,2,213.9,-6.55,,,,
18/11/2017,03:00,0.5,2,212.5,5.19,,,,
18/11/2017,04:00,0.4,2.1,216.7,3.07,,,,
18/11/2017,05:00,0.8,1.8,231.3,3.96,,,,
18/11/2017,06:00,1.4,2,237.2,7.6,,,,
18/11/2017,07:00,2,2.5,241.7,528.715,,,,
18/11/2017,08:00,2.9,2.8,241.5,16.43,,,,
18/11/2017,09:00,4,2.8,239,123.955,,,,
18/11/2017,10:00,5.5,3.7,240.6,-325.65,,,,
18/11/2017,11:00,6.4,4.4,240.9,-325.65,,,,
18/11/2017,12:00,6.7,3.8,235.8,-419.785,,,,
18/11/2017,13:00,7.4,3.9,240.7,-115.71,,,,
18/11/2017,14:00,7.5,2.8,258.1,-514.875,,,,
18/11/2017,15:00,7.7,3,255.2,45.155,,,,
18/11/2017,16:00,7.6,3.6,245.4,129.005,,,,
18/11/2017,17:00,7.3,3.8,250.2,191.825,,,,
18/11/2017,18:00,7.1,2.8,232.3,194.5,,,,
18/11/2017,19:00,7,2.4,237.9,194.5,,,,
18/11/2017,20:00,6.8,2.6,250.8,-472.06,,,,
18/11/2017,21:00,6.5,2.8,249.9,2427.415,,,,
18/11/2017,22:00,6.4,2.6,249.5,27.66,,,,
18/11/2017,23:00,6.2,2.7,266.5,31.975,,,,
19/11/2017,00:00,5.5,2.4,269.5,22.205,,,,
19/11/2017,01:00,4.9,2.6,278.8,79.945,,,,
19/11/2017,02:00,4.1,2.5,272.7,20.005,,,,
19/11/2017,03:00,3.2,2.4,264.7,17.69,,,,
19/11/2017,04:00,3,2.2,266.3,6.64,,,,
19/11/2017,05:00,2.4,2.6,259.6,-13.44,,,,
19/11/2017,06:00,2.4,2.7,259.1,6.055,,,,
19/11/2017,07:00,2.5,3.1,252.8,6.78,,,,
19/11/2017,08:00,3.5,2.9,257.5,12.01,,,,
19/11/2017,09:00,5,3.1,253,42.77,,,,
19/11/2017,10:00,6.6,3.2,257.3,-55.6,,,,
19/11/2017,11:00,7,3.3,271,-23.57,,,,
19/11/2017,12:00,7.7,3.9,262.8,-533.88,,,,
19/11/2017,13:00,8.4,3.7,273.6,-212.325,,,,
19/11/2017,14:00,8.2,4,271.8,-282.585,,,,
19/11/2017,15:00,7.1,3.7,272.8,238.38,,,,
19/11/2017,16:00,6,2.8,266.3,12.31,,,,
19/11/2017,17:00,4.8,2.6,256.2,12.355,,,,
19/11/2017,18:00,4.1,2.9,255.3,14.02,,,,
19/11/2017,19:00,3.2,1.9,234.9,19.41,,,,
19/11/2017,20:00,2.4,1.8,228,-7.67,,,,
19/11/2017,21:00,1.8,1.9,223.2,-363.66,,,,
19/11/2017,22:00,1.7,2.1,220.6,-28.22,,,,
19/11/2017,23:00,2.5,2.1,221.7,10.565,,,,
20/11/2017,00:00,2.4,1.8,225.6,21.945,,,,
20/11/2017,01:00,2.2,2.1,214,33.445,,,,
20/11/2017,02:00,2.4,2.2,211.3,11.035,,,,
20/11/2017,03:00,2.6,2.2,202,17.83,,,,
20/11/2017,04:00,2.9,2.7,198.8,20.88,,,,
20/11/2017,05:00,3.2,2.7,196.2,25.09,,,,
20/11/2017,06:00,3.5,2.6,197.1,72.52,,,,
20/11/2017,07:00,3.7,2.9,185.4,350.815,,,,
20/11/2017,08:00,3.9,3.4,190.3,647.82,,,,
20/11/2017,09:00,4.9,3.9,198.5,-143.52,,,,
20/11/2017,10:00,5.4,4.6,195.9,-143.52,,,,
20/11/2017,11:00,5.9,5.2,212.5,-143.52,,,,
20/11/2017,12:00,6.6,5.4,219.4,-143.52,,,,
20/11/2017,13:00,7.3,5.7,220.8,-143.52,,,,
20/11/2017,14:00,8,5.8,225.4,-143.52,,,,
20/11/2017,15:00,8.6,6.3,224.1,-143.52,,,,
20/11/2017,16:00,9,5.5,225.9,-143.52,,,,
20/11/2017,17:00,9.1,5.9,226.4,-143.52,,,,
20/11/2017,18:00,9.1,5.7,227.3,-143.52,,,,
20/11/2017,19:00,9.1,4.2,232.1,-143.52,,,,
20/11/2017,20:00,9.2,4.5,226.9,-143.52,,,,
20/11/2017,21:00,9.4,3.4,231.6,-143.52,,,,
20/11/2017,22:00,9.7,3.3,230.9,-143.52,,,,
20/11/2017,23:00,9.9,3.6,229.9,-625.28,,,,
21/11/2017,00:00,9.8,3.6,226.6,643.34,,,,
21/11/2017,01:00,10,3.5,225.8,643.34,,,,
21/11/2017,02:00,10.2,3.3,226.7,643.34,,,,
21/11/2017,03:00,10.3,3.6,227.4,643.34,,,,
21/11/2017,04:00,10.2,4.6,224.4,643.34,,,,
21/11/2017,05:00,10,4.8,225.9,643.34,,,,
21/11/2017,06:00,10,4.9,224.4,643.34,,,,
21/11/2017,07:00,9.7,5.8,219.7,643.34,,,,
21/11/2017,08:00,9.5,5.6,224.9,643.34,,,,
21/11/2017,09:00,9.4,5.4,223.4,643.34,,,,
21/11/2017,10:00,9.3,5.6,219.1,643.34,,,,
21/11/2017,11:00,9.4,5.7,218.8,4662.775,,,,
21/11/2017,12:00,9.8,5.7,218.9,8193.765,,,,
21/11/2017,13:00,10,6.6,216.9,1216,,,,
21/11/2017,14:00,9.9,5.8,215.4,3294.795,,,,
21/11/2017,15:00,9.9,5,212.3,559.34,,,,
21/11/2017,16:00,9.5,4.6,200.5,270.06,,,,
21/11/2017,17:00,9.5,4.9,202.1,175.86,,,,
21/11/2017,18:00,9.6,5.5,200.1,339.84,,,,
21/11/2017,19:00,9.7,5.3,208.5,230.12,,,,
21/11/2017,20:00,9.8,5.7,207.3,285.22,,,,
21/11/2017,21:00,9.9,5.4,207.1,364.19,,,,
21/11/2017,22:00,9.9,4.9,206.5,202.845,,,,
21/11/2017,23:00,10,5.2,203.5,257.99,,,,
22/11/2017,00:00,10.1,5.4,201.6,251.565,,,,
22/11/2017,01:00,10.3,5.1,201.6,221.12,,,,
22/11/2017,02:00,10.2,5.4,199.9,165.76,,,,
22/11/2017,03:00,10.2,5.9,201.1,197.325,,,,
22/11/2017,04:00,10.2,5.7,201,168.825,,,,
22/11/2017,05:00,10.2,5.6,199.1,167.4,,,,
22/11/2017,06:00,10.1,5.9,200.7,213.525,,,,
22/11/2017,07:00,9.9,6.4,204.7,255.065,,,,
22/11/2017,08:00,9.5,6.7,198.3,337.965,,,,
22/11/2017,09:00,10.2,5.7,194.7,284.96,,,,
22/11/2017,10:00,11.8,6.2,193.7,-534.03,,,,
22/11/2017,11:00,12.6,5.6,186.4,-228.88,,,,
22/11/2017,12:00,12.9,5.2,181.7,-159.775,,,,
22/11/2017,13:00,13.2,5.2,176.9,-166.31,,,,
22/11/2017,14:00,12.4,4.6,176.2,-166.31,,,,
22/11/2017,15:00,11,5.4,169.6,72.54,,,,
22/11/2017,16:00,10.4,7.6,167,51.945,,,,
22/11/2017,17:00,10.5,7.6,170.1,89.45,,,,
22/11/2017,18:00,10.6,7.2,170.8,81.06,,,,
22/11/2017,19:00,10.9,7.1,167.3,63.785,,,,
22/11/2017,20:00,11.2,6.8,173.2,78.84,,,,
22/11/2017,21:00,12.2,7.2,180.8,49.88,,,,
22/11/2017,22:00,12.9,7.8,189.4,61.29,,,,
22/11/2017,23:00,12.7,7.7,183.1,75.005,,,,
23/11/2017,00:00,12.4,7.5,175.2,98.265,,,,
23/11/2017,01:00,12.8,8.3,181.9,112.985,,,,
23/11/2017,02:00,12.9,9,179.2,102.68,,,,
23/11/2017,03:00,12.8,9,179.9,102.68,,,,
23/11/2017,04:00,12.8,8.8,179.9,190.425,,,,
23/11/2017,05:00,12.5,9.7,179.9,197.12,,,,
23/11/2017,06:00,13.2,10.4,190.9,197.12,,,,
23/11/2017,07:00,13.6,10.5,196.3,207.84,,,,
23/11/2017,08:00,13.4,9.2,202.9,503.32,,,,
23/11/2017,09:00,14.1,8.3,203.3,386.68,,,,
23/11/2017,10:00,14,7.9,205.7,432.675,,,,
23/11/2017,11:00,14.4,7.9,209.9,1190.51,,,,
23/11/2017,12:00,14.8,9.4,211.5,447.84,,,,
23/11/2017,13:00,12.1,4.9,240.3,1130.495,,,,
23/11/2017,14:00,11.8,5.7,248.7,1329.03,,,,
23/11/2017,15:00,11.5,5.3,246.8,926.73,,,,
23/11/2017,16:00,11,3.3,238.3,252.04,,,,
23/11/2017,17:00,9.9,3.6,222.1,159.49,,,,
23/11/2017,18:00,9.8,4.7,209.4,39.16,,,,
23/11/2017,19:00,10.2,4.7,219.2,47.035,,,,
23/11/2017,20:00,10.5,4.2,222.5,130.785,,,,
23/11/2017,21:00,10.7,4.4,212.2,136.555,,,,
23/11/2017,22:00,10.2,3.4,208.1,122.655,,,,
23/11/2017,23:00,9.4,2.5,185.3,20.02,,,,
24/11/2017,00:00,9.3,3.2,184.2,26.72,,,,
24/11/2017,01:00,8.5,1.5,155.9,19.18,,,,
24/11/2017,02:00,8.1,1.5,305.4,19.18,,,,
24/11/2017,03:00,7.7,2.6,280.6,19.18,,,,
24/11/2017,04:00,7.1,2.2,347.2,19.18,,,,
24/11/2017,05:00,7,2.8,167.5,19.18,,,,
24/11/2017,06:00,6.9,1.9,274,19.18,,,,
24/11/2017,07:00,6.9,1.9,255.2,19.18,,,,
24/11/2017,08:00,7,2,249.5,19.18,,,,
24/11/2017,09:00,7.3,2.1,253.8,-82.38,,,,
24/11/2017,10:00,8.4,3,250.3,-43.23,,,,
24/11/2017,11:00,9.3,2.6,227.9,-29.67,,,,
24/11/2017,12:00,9.5,2.6,245.2,-37.65,,,,
24/11/2017,13:00,9.8,2.3,233.8,-25.83,,,,
24/11/2017,14:00,9.7,2.1,237.2,-45.58,,,,
24/11/2017,15:00,8.9,1.2,235.3,38.98,,,,
24/11/2017,16:00,7.2,1,166.7,-21.93,,,,
24/11/2017,17:00,7.6,1.7,156.1,-10.03,,,,
24/11/2017,18:00,7.4,2.5,305.1,6.365,,,,
24/11/2017,19:00,6.4,2.4,8.6,9.8,,,,
24/11/2017,20:00,6,3.1,6.9,9.8,,,,
24/11/2017,21:00,5.4,3.9,12,9.8,,,,
24/11/2017,22:00,4.5,3.7,23.4,9.8,,,,
24/11/2017,23:00,3.8,3.4,28.7,9.8,,,,
25/11/2017,00:00,3.7,2.2,51,9.8,,,,
25/11/2017,01:00,3.6,2.4,104.1,9.8,,,,
25/11/2017,02:00,3.2,1.3,10.7,9.8,,,,
25/11/2017,03:00,3.1,1.2,249.8,-426.48,,,,
25/11/2017,04:00,3.2,1.3,273.5,129.015,,,,
25/11/2017,05:00,2.9,0.9,277.6,71.01,,,,
25/11/2017,06:00,2.8,1.4,253.8,-100.58,,,,
25/11/2017,07:00,2.7,1.6,247.5,31.795,,,,
25/11/2017,08:00,2.8,1.8,250.4,6.055,,,,
25/11/2017,09:00,3.8,1.6,236.8,-79.39,,,,
25/11/2017,10:00,4.4,2.3,237.9,-50.23,,,,
25/11/2017,11:00,5.3,2.4,241.1,-49.49,,,,
25/11/2017,12:00,5.7,3,260.3,-29.055,,,,
25/11/2017,13:00,5.6,3.6,263.1,-101.005,,,,
25/11/2017,14:00,4.3,3.1,250.9,-124.14,,,,
25/11/2017,15:00,3.6,2,235.8,-124.14,,,,
25/11/2017,16:00,3,2,232.1,17.065,,,,
25/11/2017,17:00,3.4,3.1,247.6,28.475,,,,
25/11/2017,18:00,3.2,2.6,239.1,56.07,,,,
25/11/2017,19:00,3.3,3.3,241.3,39.965,,,,
25/11/2017,20:00,3.1,3.5,247.1,41.895,,,,
25/11/2017,21:00,2.6,2.7,220.9,31.64,,,,
25/11/2017,22:00,2.3,3.2,225.3,97.13,,,,
25/11/2017,23:00,2.5,2.8,230.3,77.995,,,,
26/11/2017,00:00,2.2,2.8,228.9,61.63,,,,
26/11/2017,01:00,1.6,2.6,230.6,5271.665,,,,
26/11/2017,02:00,1.6,2.9,229.8,140.5,,,,
26/11/2017,03:00,1.7,3.1,229.3,67.05,,,,
26/11/2017,04:00,2,2.9,235.9,78.005,,,,
26/11/2017,05:00,1.9,4,224.8,52.155,,,,
26/11/2017,06:00,1.6,3.2,229.6,106.635,,,,
26/11/2017,07:00,1.5,3,229.9,42.43,,,,
26/11/2017,08:00,2.1,3.3,230.3,19.585,,,,
26/11/2017,09:00,2.9,3.3,230.5,180.53,,,,
26/11/2017,10:00,3.8,3.7,235,-420.825,,,,
26/11/2017,11:00,4.7,3.7,237.3,-70.555,,,,
26/11/2017,12:00,5.3,3.7,242,-53.5,,,,
26/11/2017,13:00,5.9,4.4,254.4,-308.47,,,,
26/11/2017,14:00,6,4,247.8,-767.745,,,,
26/11/2017,15:00,5.4,3.1,241.9,145.01,,,,
26/11/2017,16:00,4.8,2.9,236.7,57.93,,,,
26/11/2017,17:00,4.4,2.8,233.9,89.905,,,,
26/11/2017,18:00,3.8,2.5,230.5,38.865,,,,
26/11/2017,19:00,3.4,2.8,230.6,24.19,,,,
26/11/2017,20:00,3.2,3.2,219.2,54.905,,,,
26/11/2017,21:00,3.2,3,221.5,53.5,,,,
26/11/2017,22:00,3.3,3.8,215.8,60.465,,,,
26/11/2017,23:00,3.4,3.6,211.1,107.05,,,,
27/11/2017,00:00,2.7,3.5,210.7,104.45,,,,
27/11/2017,01:00,2.9,3.8,211.8,44.68,,,,
27/11/2017,02:00,3.3,4.1,208.1,62.94,,,,
27/11/2017,03:00,3.8,4.1,205,113.265,,,,
27/11/2017,04:00,4.2,4.9,203.9,111.64,,,,
27/11/2017,05:00,4.4,5.2,200.6,104.03,,,,
27/11/2017,06:00,4.8,5.6,201.9,104.03,,,,
27/11/2017,07:00,5.4,6.4,212.1,104.03,,,,
27/11/2017,08:00,5.7,7.2,209.6,104.03,,,,
27/11/2017,09:00,6.2,8.4,209.9,104.03,,,,
27/11/2017,10:00,6.7,9,212,104.03,,,,
27/11/2017,11:00,6.9,9,216.6,104.03,,,,
27/11/2017,12:00,7,5.7,231.7,104.03,,,,
27/11/2017,13:00,6.9,7.6,220.2,104.03,,,,
27/11/2017,14:00,7.1,8.2,214.9,104.03,,,,
27/11/2017,15:00,7.3,6.9,217,104.03,,,,
27/11/2017,16:00,7.5,6.6,224.2,104.03,,,,
27/11/2017,17:00,7.6,5,238.1,117.525,,,,
27/11/2017,18:00,7.6,4.1,231.3,180.51,,,,
27/11/2017,19:00,7.7,4,234.3,425.295,,,,
27/11/2017,20:00,7.8,4.6,242.2,155.58,,,,
27/11/2017,21:00,6.3,5.8,280.9,155.58,,,,
27/11/2017,22:00,5.8,3.2,251.3,155.58,,,,
27/11/2017,23:00,5.7,2.4,243.2,155.58,,,,
28/11/2017,00:00,5.9,2.5,238.8,370.025,,,,
28/11/2017,01:00,6,2.7,237.4,98.97,,,,
28/11/2017,02:00,5.9,3,244.6,51.595,,,,
28/11/2017,03:00,5.5,3,247.6,148.685,,,,
28/11/2017,04:00,4.8,2.4,237,92.735,,,,
28/11/2017,05:00,4,2.5,234.6,9.725,,,,
28/11/2017,06:00,3.5,2.5,231.1,8.45,,,,
28/11/2017,07:00,3.2,3.1,226.3,18.61,,,,
28/11/2017,08:00,3.6,2.9,225.4,27.735,,,,
28/11/2017,09:00,5,2.6,230,39.51,,,,
28/11/2017,10:00,6.3,3.2,225.1,-90.59,,,,
28/11/2017,11:00,7,4.2,222.3,-61.01,,,,
28/11/2017,12:00,6.7,4.6,224.3,-164.245,,,,
28/11/2017,13:00,6.6,3.3,222.8,218.26,,,,
28/11/2017,14:00,6.2,2.8,245.4,679.985,,,,
28/11/2017,15:00,4.6,2.7,312.7,400.025,,,,
28/11/2017,16:00,3.9,1.3,274.3,494.9,,,,
28/11/2017,17:00,3.6,1.3,216,494.9,,,,
28/11/2017,18:00,3.3,1.6,240.7,253.635,,,,
28/11/2017,19:00,3,1.5,245.4,20.515,,,,
28/11/2017,20:00,2.5,1.4,234.4,8.415,,,,
28/11/2017,21:00,1.9,1.4,226.9,1834.49,,,,
28/11/2017,22:00,1.2,1.7,227.1,-12.04,,,,
28/11/2017,23:00,0.7,1.6,231.8,19.95,,,,
29/11/2017,00:00,1,1.9,228.3,4.795,,,,
29/11/2017,01:00,0.6,1.9,229.2,9.34,,,,
29/11/2017,02:00,0.4,2.1,222.3,13.38,,,,
29/11/2017,03:00,0.7,2.7,219,6.59,,,,
29/11/2017,04:00,1,3.4,225.5,36.99,,,,
29/11/2017,05:00,0.5,3,225.9,62.81,,,,
29/11/2017,06:00,0.7,3.1,214.2,62.81,,,,
29/11/2017,07:00,1.1,2.3,211.1,62.81,,,,
29/11/2017,08:00,1.6,2.1,219.5,62.81,,,,
29/11/2017,09:00,2.4,1.7,240.3,62.81,,,,
29/11/2017,10:00,3.1,2.3,262.8,62.81,,,,
29/11/2017,11:00,3.6,2.1,254.7,62.81,,,,
29/11/2017,12:00,3.9,1.4,231.6,62.81,,,,
29/11/2017,13:00,4.3,1.8,237.5,-29.57,,,,
29/11/2017,14:00,4.6,3.2,262.5,-131.665,,,,
29/11/2017,15:00,4.1,2.3,251.2,534.1,,,,
29/11/2017,16:00,3.4,2.5,259.5,21.795,,,,
29/11/2017,17:00,3.4,1.2,257,37.645,,,,
29/11/2017,18:00,3.2,1.2,237,32.07,,,,
29/11/2017,19:00,3.1,1.2,251.7,51.81,,,,
29/11/2017,20:00,2.7,1.3,265.3,52.6,,,,
29/11/2017,21:00,2.3,1.4,256.1,50.995,,,,
29/11/2017,22:00,2.4,1.4,267.6,33.745,,,,
29/11/2017,23:00,2.3,1.5,262.8,30.1,,,,
30/11/2017,00:00,2.3,1.7,249.9,70.625,,,,
30/11/2017,01:00,2.1,1.9,257.6,-6275.42,,,,
30/11/2017,02:00,1.9,2.3,260,162.745,,,,
30/11/2017,03:00,1.8,2.7,254,58.66,,,,
30/11/2017,04:00,2.1,2.9,269,77.28,,,,
30/11/2017,05:00,1.7,3.6,266.8,103.56,,,,
30/11/2017,06:00,1.6,3,261.9,103.56,,,,
30/11/2017,07:00,1.9,3.3,257.3,103.56,,,,
30/11/2017,08:00,1.3,3.8,283.7,103.56,,,,
30/11/2017,09:00,1.5,1.9,251.8,103.56,,,,
30/11/2017,10:00,2.4,2.7,245.6,103.56,,,,
30/11/2017,11:00,3,4.7,256.6,-50.9,,,,
30/11/2017,12:00,2.7,4.5,255.2,-246.24,,,,
30/11/2017,13:00,0.7,3.3,258.2,-338.45,,,,
30/11/2017,14:00,0.4,3.5,255.4,-338.45,,,,
30/11/2017,15:00,0.3,2.6,254.5,-338.45,,,,
30/11/2017,16:00,0.2,1.8,248.9,-338.45,,,,
30/11/2017,17:00,0.2,1.5,268.2,-338.45,,,,
30/11/2017,18:00,0.2,2,270.8,-338.45,,,,
30/11/2017,19:00,0.2,1.4,267.1,-338.45,,,,
30/11/2017,20:00,0.3,1.6,266.4,-1031.98,,,,
30/11/2017,21:00,0.3,1.2,263.4,-1246.78,,,,
30/11/2017,22:00,0.2,1.5,254.3,-1246.78,,,,
30/11/2017,23:00,0.2,1.2,228.7,342.78,,,,
01/12/2017,00:00,0.2,0.7,234,-73.87,,,,
01/12/2017,01:00,0.4,0.8,234.4,133.92,,,,
01/12/2017,02:00,0.4,0.8,203.1,38.095,,,,
01/12/2017,03:00,0.4,0.5,256.7,-22.08,,,,
01/12/2017,04:00,0.4,0.4,8.6,-22.08,,,,
01/12/2017,05:00,0.3,0.6,349.6,-6.51,,,,
01/12/2017,06:00,0.5,2.6,54.8,29.95,,,,
01/12/2017,07:00,0.5,2.4,38.9,1617.93,,,,
01/12/2017,08:00,0.6,3.2,27.8,3033.57,,,,
01/12/2017,09:00,0.7,3.1,18.5,3033.57,,,,
01/12/2017,10:00,1.3,2.8,8.3,3033.57,,,,
01/12/2017,11:00,1.8,2.7,14.9,1781.765,,,,
01/12/2017,12:00,2,2.2,34.6,204.125,,,,
01/12/2017,13:00,2.1,2.9,19.3,31.965,,,,
01/12/2017,14:00,2.1,3.2,7.3,74.36,,,,
01/12/2017,15:00,2.1,2.9,2.1,78.33,,,,
01/12/2017,16:00,1.6,2.7,358.9,39.745,,,,
01/12/2017,17:00,0.9,2,359.5,20.445,,,,
01/12/2017,18:00,-0.3,1.9,16.1,-7.92,,,,
01/12/2017,19:00,-0.8,1.6,35.4,-8.61,,,,
01/12/2017,20:00,-1.2,1,64,-7.67,,,,
01/12/2017,21:00,-0.5,1.3,82.9,-13.4,,,,
01/12/2017,22:00,-0.4,1.3,77.5,43.885,,,,
01/12/2017,23:00,-0.7,1.2,98.2,-15.74,,,,
02/12/2017,00:00,-0.9,1.3,98.2,-105.08,,,,
02/12/2017,01:00,-0.8,1.2,101.7,-46.75,,,,
02/12/2017,02:00,-0.8,1.1,112.3,-29.53,,,,
02/12/2017,03:00,-0.8,1.3,111.7,-15.16,,,,
02/12/2017,04:00,-1,1.5,96.9,-61.05,,,,
02/12/2017,05:00,-1,1.1,94.2,-43.67,,,,
02/12/2017,06:00,-1.2,1.1,135.4,-12.325,,,,
02/12/2017,07:00,-1.4,1.4,158.7,-28.32,,,,
02/12/2017,08:00,-1.3,1.6,155.6,-12.725,,,,
02/12/2017,09:00,-1.4,1.8,157.9,-11.695,,,,
02/12/2017,10:00,-1.3,1.7,197.5,-14.725,,,,
02/12/2017,11:00,-1.2,1.3,244.7,-16.915,,,,
02/12/2017,12:00,-1.3,1.5,221,-5.045,,,,
02/12/2017,13:00,-1,1.8,179.4,-48.92,,,,
02/12/2017,14:00,-1.1,1.2,176.2,-42.195,,,,
02/12/2017,15:00,-1.6,1.2,197.3,-51.795,,,,
02/12/2017,16:00,-1.7,1.6,173.3,-9.595,,,,
02/12/2017,17:00,-2,1.7,192.1,-9.2,,,,
02/12/2017,18:00,-2.1,1.8,185,-11.1,,,,
02/12/2017,19:00,-2.2,2.8,173.8,-29.38,,,,
02/12/2017,20:00,-2,2.6,192.4,-25.425,,,,
02/12/2017,21:00,-1.8,2.1,202.1,-28.73,,,,
02/12/2017,22:00,-1.4,2.2,206.8,-53.455,,,,
02/12/2017,23:00,-1.3,2.4,202.1,-78.055,,,,
03/12/2017,00:00,-1.3,2.3,207.6,1670.64,,,,
03/12/2017,01:00,-1.3,2.1,216.1,113.625,,,,
03/12/2017,02:00,-1.3,2.2,204.2,60.735,,,,
03/12/2017,03:00,-1.2,2.5,194.4,164.115,,,,
03/12/2017,04:00,-1.1,3,189.5,191.945,,,,
03/12/2017,05:00,-0.9,3.3,192.5,520.645,,,,
03/12/2017,06:00,-0.6,3,198,-190.32,,,,
03/12/2017,07:00,-0.4,3.2,197.2,-190.32,,,,
03/12/2017,08:00,0,3.3,213.2,-190.32,,,,
03/12/2017,09:00,0.2,3.7,214.9,-190.32,,,,
03/12/2017,10:00,0.3,4.1,220.7,-190.32,,,,
03/12/2017,11:00,0.3,4.4,217.9,-190.32,,,,
03/12/2017,12:00,0.5,3.6,224.9,-190.32,,,,
03/12/2017,13:00,0.8,3.3,224.6,-98.57,,,,
03/12/2017,14:00,1,2.9,226,-6.82,,,,
03/12/2017,15:00,1.1,2.7,228.2,-6.82,,,,
03/12/2017,16:00,1.2,2.4,234.5,-6.82,,,,
03/12/2017,17:00,1.4,2.2,239.4,-6.82,,,,
03/12/2017,18:00,1.6,2.8,232,-6.82,,,,
03/12/2017,19:00,1.9,2.2,238.2,5.76,,,,
03/12/2017,20:00,2.1,2.2,237.9,68.79,,,,
03/12/2017,21:00,2.3,1.9,235.2,100.685,,,,
03/12/2017,22:00,2.6,2.3,237.7,-171.26,,,,
03/12/2017,23:00,2.8,1.8,244.8,349.82,,,,
04/12/2017,00:00,3.1,2.2,222.6,178.48,,,,
04/12/2017,01:00,3.4,2,238.9,178.48,,,,
04/12/2017,02:00,3.4,1.6,239.8,-32.58,,,,
04/12/2017,03:00,3.8,1.9,240.7,-60.48,,,,
04/12/2017,04:00,4,2,239.7,-60.48,,,,
04/12/2017,05:00,4.1,1.9,241.7,-982.79,,,,
04/12/2017,06:00,4.2,1.6,233.5,7836.195,,,,
04/12/2017,07:00,4.4,2.1,243.3,-1227.655,,,,
04/12/2017,08:00,4.6,1.8,239.6,348.29,,,,
04/12/2017,09:00,5,2,239.1,18650.38,,,,
04/12/2017,10:00,5.4,2.5,250.7,595.98,,,,
04/12/2017,11:00,5.7,2.4,248.9,-23.56,,,,
04/12/2017,12:00,6.2,2.5,245.8,-27.865,,,,
04/12/2017,13:00,6.4,2.3,252.5,-40.28,,,,
04/12/2017,14:00,6.4,2.4,274.3,-86.415,,,,
04/12/2017,15:00,6.4,2.2,263.7,34.575,,,,
04/12/2017,16:00,6.3,2.3,264.2,21.685,,,,
04/12/2017,17:00,5.9,2.1,251.3,98.525,,,,
04/12/2017,18:00,5.6,1.8,254.3,53.375,,,,
04/12/2017,19:00,5.3,2.5,252.3,35.285,,,,
04/12/2017,20:00,4.8,2.4,255.8,11.47,,,,
04/12/2017,21:00,4.4,2.6,246.6,15.305,,,,
04/12/2017,22:00,4,2.4,242.9,21.835,,,,
04/12/2017,23:00,3.9,2,230.5,30.4,,,,
05/12/2017,00:00,3.3,2.1,227.1,40.985,,,,
05/12/2017,01:00,3.7,2.8,220,8.23,,,,
05/12/2017,02:00,4.3,2.9,221.4,72.355,,,,
05/12/2017,03:00,4.5,3.1,222.6,99.95,,,,
05/12/2017,04:00,4.5,2.9,225.6,105.855,,,,
05/12/2017,05:00,4.4,2.4,228,141.77,,,,
05/12/2017,06:00,4.6,2.6,220,207.01,,,,
05/12/2017,07:00,4.7,3,217.2,94.43,,,,
05/12/2017,08:00,4.9,2.8,215.9,143,,,,
05/12/2017,09:00,5.2,2.8,223.4,196.94,,,,
05/12/2017,10:00,5.5,2.7,225.6,644.71,,,,
05/12/2017,11:00,5.8,1.9,228,615.17,,,,
05/12/2017,12:00,6,2.2,231.2,-196.675,,,,
05/12/2017,13:00,6.2,2.5,228.3,519.535,,,,
05/12/2017,14:00,6.3,2.5,227.5,126.495,,,,
05/12/2017,15:00,6.4,2,233.6,86.485,,,,
05/12/2017,16:00,6.2,2.3,227.8,29.11,,,,
05/12/2017,17:00,6.1,2.8,224.4,28.675,,,,
05/12/2017,18:00,6,3.2,223.7,40.645,,,,
05/12/2017,19:00,5.9,2.6,230.3,58.4,,,,
05/12/2017,20:00,5.6,3.2,224.9,60.43,,,,
05/12/2017,21:00,5.6,3.3,225.4,210.65,,,,
05/12/2017,22:00,5.7,2.5,237.6,237.53,,,,
05/12/2017,23:00,5.9,2.6,233.9,84.05,,,,
06/12/2017,00:00,5.8,2.3,237.4,130.125,,,,
06/12/2017,01:00,6,2.8,229.5,122.915,,,,
06/12/2017,02:00,6.3,3.3,226.7,68.945,,,,
06/12/2017,03:00,6.4,2.5,234.1,131.655,,,,
06/12/2017,04:00,6.2,2.6,230.9,20,,,,
06/12/2017,05:00,6.2,3.3,224.5,125.715,,,,
06/12/2017,06:00,6.2,3.4,224,90.33,,,,
06/12/2017,07:00,6.3,3.1,226.5,114.08,,,,
06/12/2017,08:00,6.5,3.8,217.7,129.355,,,,
06/12/2017,09:00,6.7,3.4,219.3,256.81,,,,
06/12/2017,10:00,6.7,3.5,219.1,191.58,,,,
06/12/2017,11:00,6.8,3.3,210.1,409.7,,,,
06/12/2017,12:00,7,2.8,209.5,-1130.02,,,,
06/12/2017,13:00,7.2,3.3,213.3,1186.65,,,,
06/12/2017,14:00,7.2,3.6,208.7,399.73,,,,
06/12/2017,15:00,7.1,3.5,202.9,128.405,,,,
06/12/2017,16:00,6.9,3.9,202.7,73.505,,,,
06/12/2017,17:00,6.7,4.4,198.5,93.525,,,,
06/12/2017,18:00,6.6,4.8,198.2,142.025,,,,
06/12/2017,19:00,6.6,4.8,207.4,164.12,,,,
06/12/2017,20:00,6.3,5.1,195.3,112.375,,,,
06/12/2017,21:00,6.2,5.7,199.6,76.635,,,,
06/12/2017,22:00,6,5.4,200.1,181.045,,,,
06/12/2017,23:00,5.6,6,200.8,147.765,,,,
07/12/2017,00:00,5.3,6.8,212.3,229,,,,
07/12/2017,01:00,4.8,6.2,202.9,601.995,,,,
07/12/2017,02:00,3.7,7.3,183.9,661.625,,,,
07/12/2017,03:00,3.5,6.2,190.6,303.38,,,,
07/12/2017,04:00,3.2,6.5,193.9,421.005,,,,
07/12/2017,05:00,2.6,7.6,181.3,768.875,,,,
07/12/2017,06:00,2.9,7.4,181.7,152.75,,,,
07/12/2017,07:00,3.4,8,185,9686.89,,,,
07/12/2017,08:00,3.8,7.2,189.4,2472.81,,,,
07/12/2017,09:00,3.7,7.3,189.9,2102.43,,,,
07/12/2017,10:00,4.3,7.3,188.9,1606.95,,,,
07/12/2017,11:00,5.2,8.1,195,995.61,,,,
07/12/2017,12:00,5.1,8,196.2,1095.645,,,,
07/12/2017,13:00,5.2,8,198.4,1446.52,,,,
07/12/2017,14:00,5.5,8.8,199.7,1446.52,,,,
07/12/2017,15:00,5.8,8.6,200.5,1513.29,,,,
07/12/2017,16:00,6,6.7,203.3,1580.06,,,,
07/12/2017,17:00,6.4,6.8,203.3,1580.06,,,,
07/12/2017,18:00,6.9,5.4,225.5,1580.06,,,,
07/12/2017,19:00,6.6,4.2,286.1,1580.06,,,,
07/12/2017,20:00,5.9,3.1,270.3,1580.06,,,,
07/12/2017,21:00,5.4,3.1,258.5,808.095,,,,
07/12/2017,22:00,5.1,3.7,259.8,49.885,,,,
07/12/2017,23:00,5,3.8,255.4,124.135,,,,
08/12/2017,00:00,4.3,2.9,242.9,25.355,,,,
08/12/2017,01:00,3.7,3.7,251.1,243.425,,,,
08/12/2017,02:00,3.5,3.3,249.5,80.89,,,,
08/12/2017,03:00,2.9,3.3,247.5,12.645,,,,
08/12/2017,04:00,2.6,2.9,237.4,56.8,,,,
08/12/2017,05:00,2.1,3.2,231,104.485,,,,
08/12/2017,06:00,1.7,2.9,233.1,29.635,,,,
08/12/2017,07:00,1.5,4.2,227.5,23.04,,,,
08/12/2017,08:00,2,3.8,237.3,35.63,,,,
08/12/2017,09:00,2.8,4.4,242.1,171.565,,,,
08/12/2017,10:00,2.9,4.9,254.7,3242.565,,,,
08/12/2017,11:00,3.7,4.9,257,6156.28,,,,
08/12/2017,12:00,4.5,5.2,275.6,-115.53,,,,
08/12/2017,13:00,3.5,4.7,281,-307.435,,,,
08/12/2017,14:00,3.4,4.8,272.1,-154.89,,,,
08/12/2017,15:00,2.8,4.3,271.9,71.62,,,,
08/12/2017,16:00,2,3.7,260.4,43.895,,,,
08/12/2017,17:00,1.4,4,253.2,35.6,,,,
08/12/2017,18:00,1.4,4.1,249.4,38.84,,,,
08/12/2017,19:00,1,3.7,246.2,46.08,,,,
08/12/2017,20:00,0.7,4,247.7,64.105,,,,
08/12/2017,21:00,0.4,3.9,249.1,77.015,,,,
08/12/2017,22:00,-0.2,3.3,251,42.665,,,,
08/12/2017,23:00,-0.5,2.9,243.3,24.675,,,,
09/12/2017,00:00,-0.8,2.4,240.1,20.335,,,,
09/12/2017,01:00,-0.7,3.3,247,12.07,,,,
09/12/2017,02:00,-0.8,3,241.8,37.305,,,,
09/12/2017,03:00,-1,3,241.6,21.79,,,,
09/12/2017,04:00,-0.9,3.1,242.3,46.97,,,,
09/12/2017,05:00,-0.8,3.3,241.3,49.835,,,,
09/12/2017,06:00,-0.7,3,237.8,49.895,,,,
09/12/2017,07:00,-0.7,3.5,231.2,123.775,,,,
09/12/2017,08:00,-0.5,2.9,237.1,71.065,,,,
09/12/2017,09:00,0.1,3.9,241.6,-403.05,,,,
09/12/2017,10:00,0.6,3.4,238.2,-1038.015,,,,
09/12/2017,11:00,1.4,3.3,235.3,-221.24,,,,
09/12/2017,12:00,2.2,3.7,235.2,-86.885,,,,
09/12/2017,13:00,2.2,4.3,234.6,-72.48,,,,
09/12/2017,14:00,1.8,3.2,232.9,1321.04,,,,
09/12/2017,15:00,1.3,2.6,224.9,46.35,,,,
09/12/2017,16:00,1.3,4.1,218.6,18.96,,,,
09/12/2017,17:00,1.4,5,209.7,118.435,,,,
09/12/2017,18:00,1.2,4.9,213.4,130.61,,,,
09/12/2017,19:00,1.1,4.8,214.3,116.41,,,,
09/12/2017,20:00,1.1,4.6,209.7,143.935,,,,
09/12/2017,21:00,1.1,4.3,204.6,92.45,,,,
09/12/2017,22:00,1.3,4.5,206.1,67.92,,,,
09/12/2017,23:00,1.1,4.1,201.2,305.13,,,,
10/12/2017,00:00,1.2,4.1,202.9,257.01,,,,
10/12/2017,01:00,1.2,3.7,197.2,92.37,,,,
10/12/2017,02:00,1.6,4.6,193.7,92.37,,,,
10/12/2017,03:00,1.8,5.3,181.1,206.195,,,,
10/12/2017,04:00,1.9,5.6,168.5,139.555,,,,
10/12/2017,05:00,1.9,5.7,164,436.17,,,,
10/12/2017,06:00,1.5,6,155.8,626.47,,,,
10/12/2017,07:00,0.7,6.5,142.3,669.57,,,,
10/12/2017,08:00,0.4,7.1,136.4,669.57,,,,
10/12/2017,09:00,0.2,7.8,133.9,669.57,,,,
10/12/2017,10:00,0.2,7.7,150.5,669.57,,,,
10/12/2017,11:00,1.2,8.4,177.1,669.57,,,,
10/12/2017,12:00,4.3,8.1,208.4,669.57,,,,
10/12/2017,13:00,5.7,8.5,218.5,669.57,,,,
10/12/2017,14:00,6.6,8.7,213.5,669.57,,,,
10/12/2017,15:00,7.7,11.1,219.3,669.57,,,,
10/12/2017,16:00,6.8,8.5,243.6,669.57,,,,
10/12/2017,17:00,6.4,7.4,233.1,669.57,,,,
10/12/2017,18:00,6.1,8.2,249,669.57,,,,
10/12/2017,19:00,3.8,7.5,263.1,669.57,,,,
10/12/2017,20:00,2.8,5.4,252.7,669.57,,,,
10/12/2017,21:00,2.6,3.9,247.8,243.61,,,,
10/12/2017,22:00,2.2,2.6,246.5,114.49,,,,
10/12/2017,23:00,1.6,2.1,229.2,33.89,,,,
11/12/2017,00:00,0.7,2,146.6,22.41,,,,
11/12/2017,01:00,0.8,2.1,107.4,-1.86,,,,
11/12/2017,02:00,1.6,2.4,86.3,12.36,,,,
11/12/2017,03:00,2,3.3,74.1,28.705,,,,
11/12/2017,04:00,2.4,4.5,76.9,72.925,,,,
11/12/2017,05:00,2.4,5.5,79,275.865,,,,
11/12/2017,06:00,1.9,5.8,76.7,705.04,,,,
11/12/2017,07:00,1.4,5.1,70.3,603.97,,,,
11/12/2017,08:00,0.6,5.2,63.5,603.97,,,,
11/12/2017,09:00,0.3,6.4,57.7,603.97,,,,
11/12/2017,10:00,0.5,7.1,65,603.97,,,,
11/12/2017,11:00,0.7,5.6,77.6,603.97,,,,
11/12/2017,12:00,1.1,5.1,77.1,603.97,,,,
11/12/2017,13:00,1.4,3.7,68.2,603.97,,,,
11/12/2017,14:00,1.4,3.2,56.7,603.97,,,,
11/12/2017,15:00,1.3,3.5,59.3,603.97,,,,
11/12/2017,16:00,1.2,3.5,28.3,603.97,,,,
11/12/2017,17:00,0.7,5,355.9,603.97,,,,
11/12/2017,18:00,0,6.6,346.8,603.97,,,,
11/12/2017,19:00,-0.2,6,346.7,603.97,,,,
11/12/2017,20:00,0,4.7,333.2,603.97,,,,
11/12/2017,21:00,0.2,4.2,316.8,603.97,,,,
11/12/2017,22:00,0.4,4.8,312.2,150.84,,,,
11/12/2017,23:00,0.7,3.8,295.9,100.12,,,,
12/12/2017,00:00,1,3.4,281.9,38.25,,,,
12/12/2017,01:00,0.9,3.3,260.8,63.54,,,,
12/12/2017,02:00,0.9,2.7,243.1,83.265,,,,
12/12/2017,03:00,0.9,2.4,240,114.27,,,,
12/12/2017,04:00,0.8,2.9,247.9,72.68,,,,
12/12/2017,05:00,0.5,3.1,244.4,559.09,,,,
12/12/2017,06:00,0.8,2.7,241.2,559.09,,,,
12/12/2017,07:00,0.5,2.3,242.4,559.09,,,,
12/12/2017,08:00,0.2,2.1,237.8,559.09,,,,
12/12/2017,09:00,0.4,2.6,240.8,559.09,,,,
12/12/2017,10:00,0.6,2.6,230.3,559.09,,,,
12/12/2017,11:00,1.1,3.1,228.7,559.09,,,,
12/12/2017,12:00,1.6,3,233.3,707.075,,,,
12/12/2017,13:00,1.6,3.6,243.4,129.91,,,,
12/12/2017,14:00,1.5,2.6,234.8,-227.27,,,,
12/12/2017,15:00,1.4,2.6,211.8,84.46,,,,
12/12/2017,16:00,1.2,2.5,192.4,48.655,,,,
12/12/2017,17:00,1,2.5,192.4,13.53,,,,
12/12/2017,18:00,0.6,3.2,178.7,17.57,,,,
12/12/2017,19:00,0.9,4,190,8.09,,,,
12/12/2017,20:00,1.1,4,188,8.7,,,,
12/12/2017,21:00,1.2,4.3,192.6,19.815,,,,
12/12/2017,22:00,1.3,5.4,183.5,23.585,,,,
12/12/2017,23:00,1.4,5.3,179.6,31.935,,,,
13/12/2017,00:00,2,5.7,178.8,37.585,,,,
13/12/2017,01:00,2.2,5.9,181.2,19.63,,,,
13/12/2017,02:00,2.5,6.3,183.2,65.45,,,,
13/12/2017,03:00,2.9,7.2,183.6,57.94,,,,
13/12/2017,04:00,3.3,7.1,185.9,108.695,,,,
13/12/2017,05:00,3.8,7.6,189.7,134.115,,,,
13/12/2017,06:00,4,7.8,182.9,163,,,,
13/12/2017,07:00,4.1,9.2,177.2,163,,,,
13/12/2017,08:00,4.1,8.1,190.3,163,,,,
13/12/2017,09:00,4.2,8.9,194.1,163,,,,
13/12/2017,10:00,4.6,7.8,200.3,163,,,,
13/12/2017,11:00,5.4,6.5,202.5,163,,,,
13/12/2017,12:00,6,5.5,211.5,163,,,,
13/12/2017,13:00,6.1,4.7,206.3,163,,,,
13/12/2017,14:00,6,5.1,204,163,,,,
13/12/2017,15:00,6.2,5.6,195.9,163,,,,
13/12/2017,16:00,6.6,6.1,196.5,163,,,,
13/12/2017,17:00,7,7.5,198.1,163,,,,
13/12/2017,18:00,7.4,7.2,206.9,163,,,,
13/12/2017,19:00,7.6,7.8,235.6,163,,,,
13/12/2017,20:00,6.7,6,260.9,163,,,,
13/12/2017,21:00,6,5.4,260,163,,,,
13/12/2017,22:00,4.8,4.1,240,121.705,,,,
13/12/2017,23:00,4.2,3.8,206.8,96.07,,,,
14/12/2017,00:00,3.8,6.4,220.3,36.345,,,,
14/12/2017,01:00,3,6.6,236.2,42.64,,,,
14/12/2017,02:00,2.7,7,271.6,42.64,,,,
14/12/2017,03:00,3,7.7,254.5,42.64,,,,
14/12/2017,04:00,3.4,7.3,247.8,42.64,,,,
14/12/2017,05:00,3.8,4.9,241.8,300.565,,,,
14/12/2017,06:00,3.7,5.5,223.5,505.87,,,,
14/12/2017,07:00,4.1,7,213.8,323.91,,,,
14/12/2017,08:00,3.7,8,214.2,222.345,,,,
14/12/2017,09:00,3.4,7.2,220.8,1088.365,,,,
14/12/2017,10:00,3.4,7.1,218.9,1528.39,,,,
14/12/2017,11:00,3.5,7.2,211.7,2147.885,,,,
14/12/2017,12:00,3.7,6.8,217.9,-4566.41,,,,
14/12/2017,13:00,3.6,6.1,209.4,-7817.4,,,,
14/12/2017,14:00,3.3,6,210.3,-7817.4,,,,
14/12/2017,15:00,2.9,4.2,218.1,466.92,,,,
14/12/2017,16:00,2.9,5.5,210.1,466.92,,,,
14/12/2017,17:00,2.1,5.4,201.4,466.92,,,,
14/12/2017,18:00,1.7,3.9,195.1,466.92,,,,
14/12/2017,19:00,1.6,4.2,211.9,466.92,,,,
14/12/2017,20:00,1.8,5,217.5,70.595,,,,
14/12/2017,21:00,1.8,4.5,231.1,-118.8,,,,
14/12/2017,22:00,1.9,3.5,241.6,1729.545,,,,
14/12/2017,23:00,1.5,3.8,224.2,-3878.83,,,,
15/12/2017,00:00,1.5,4.8,224.1,76.71,,,,
15/12/2017,01:00,1.6,4.4,220.4,168.935,,,,
15/12/2017,02:00,2,5,215,64.175,,,,
15/12/2017,03:00,2.6,4.7,215,217.445,,,,
15/12/2017,04:00,2.8,3.4,206.7,408.11,,,,
15/12/2017,05:00,2.9,3.6,208.6,408.11,,,,
15/12/2017,06:00,2.6,4,217.7,312.055,,,,
15/12/2017,07:00,2.5,3.8,207.7,962.885,,,,
15/12/2017,08:00,2.5,3.3,204.8,2100.54,,,,
15/12/2017,09:00,2.6,3.4,204.2,-91.33,,,,
15/12/2017,10:00,3.1,3,191.1,-96.475,,,,
15/12/2017,11:00,4.1,3.4,200.9,-12.52,,,,
15/12/2017,12:00,4.2,4,214.9,-12.52,,,,
15/12/2017,13:00,3.9,2.9,212.6,-9956.885,,,,
15/12/2017,14:00,4,2.3,223.9,381.47,,,,
15/12/2017,15:00,3.7,1.8,218.4,151.825,,,,
15/12/2017,16:00,3.2,1.5,221.1,236.955,,,,
15/12/2017,17:00,2.7,1,214.1,93.175,,,,
15/12/2017,18:00,2,1.1,216.9,72.735,,,,
15/12/2017,19:00,2.4,1.2,284.5,558.16,,,,
15/12/2017,20:00,2.7,1.2,290.2,44.685,,,,
15/12/2017,21:00,3.2,1.4,306.8,-125.23,,,,
15/12/2017,22:00,3.2,1.4,278.2,30.325,,,,
15/12/2017,23:00,2.9,1.4,269,20.19,,,,
16/12/2017,00:00,2.5,1.7,297.8,29.005,,,,
16/12/2017,01:00,2.1,1.7,269.7,4.055,,,,
16/12/2017,02:00,2.2,1.6,259.6,9.58,,,,
16/12/2017,03:00,1.7,1.6,243.9,36.65,,,,
16/12/2017,04:00,1.9,1.5,262.7,36.65,,,,
16/12/2017,05:00,2,2,271.8,54.395,,,,
16/12/2017,06:00,1.4,1.6,270.1,32.31,,,,
16/12/2017,07:00,1.5,2.3,266.4,24.495,,,,
16/12/2017,08:00,2.3,2.6,286.1,14.215,,,,
16/12/2017,09:00,2.9,2.7,268.5,2.6,,,,
16/12/2017,10:00,3.2,2.8,266.6,2.6,,,,
16/12/2017,11:00,3,3,276.6,2.6,,,,
16/12/2017,12:00,2.8,2.7,266.7,2.6,,,,
16/12/2017,13:00,3,2.9,274.9,2.6,,,,
16/12/2017,14:00,2.8,2.7,292.5,-35.23,,,,
16/12/2017,15:00,2.9,2.3,253,-35.23,,,,
16/12/2017,16:00,3.1,2.7,264.5,21.17,,,,
16/12/2017,17:00,3,2.9,259,21.23,,,,
16/12/2017,18:00,2.1,2.8,263,51.32,,,,
16/12/2017,19:00,1.5,2.9,252.6,17.02,,,,
16/12/2017,20:00,0.9,2.8,243.6,80.83,,,,
16/12/2017,21:00,0.3,2.9,249.6,9.24,,,,
16/12/2017,22:00,-0.2,2.1,241.6,13.395,,,,
16/12/2017,23:00,-0.7,1.9,241.6,62.54,,,,
17/12/2017,00:00,-1,1.8,235.7,7.485,,,,
17/12/2017,01:00,-0.7,1.9,237.1,134.275,,,,
17/12/2017,02:00,-0.1,2.1,247.3,1173.035,,,,
17/12/2017,03:00,0.2,2.6,249.6,19.585,,,,
17/12/2017,04:00,0.4,2.2,246.8,46.56,,,,
17/12/2017,05:00,0.6,1.8,245.8,46.555,,,,
17/12/2017,06:00,0.5,2,246.8,61.25,,,,
17/12/2017,07:00,0.1,2,242.2,61.25,,,,
17/12/2017,08:00,0.3,1.6,229.1,22.94,,,,
17/12/2017,09:00,1.2,1.8,231.9,35.26,,,,
17/12/2017,10:00,1.6,2,230.3,15.68,,,,
17/12/2017,11:00,2.5,1.6,234.2,367.38,,,,
17/12/2017,12:00,3.7,2.1,230.5,-14.325,,,,
17/12/2017,13:00,3.9,2.7,245.4,-33.1,,,,
17/12/2017,14:00,3.5,2.6,236.3,-1317.53,,,,
17/12/2017,15:00,3,2.9,225.1,142.02,,,,
17/12/2017,16:00,2.8,3.4,205.9,29.71,,,,
17/12/2017,17:00,2.7,4.2,205.1,79.295,,,,
17/12/2017,18:00,2.4,4.5,199.4,112.365,,,,
17/12/2017,19:00,2.2,5.7,185.9,201.28,,,,
17/12/2017,20:00,2.4,6.2,186.5,201.28,,,,
17/12/2017,21:00,2.7,6.8,187.4,379.41,,,,
17/12/2017,22:00,3.1,6.6,194.6,379.41,,,,
17/12/2017,23:00,3.4,5.4,208.7,379.41,,,,
18/12/2017,00:00,3.8,4.9,218,379.41,,,,
18/12/2017,01:00,4.5,3.1,244.4,379.41,,,,
18/12/2017,02:00,5.1,2.6,271.2,379.41,,,,
18/12/2017,03:00,6,4.1,314.5,379.41,,,,
18/12/2017,04:00,6,4.5,323.3,379.41,,,,
18/12/2017,05:00,5.4,4.8,318.5,228.07,,,,
18/12/2017,06:00,5.3,4.1,327.1,43.985,,,,
18/12/2017,07:00,5.6,3.8,328.7,56.135,,,,
18/12/2017,08:00,5.9,4.5,336,162.61,,,,
18/12/2017,09:00,6.2,4,338.2,186.51,,,,
18/12/2017,10:00,6.8,4.2,338.7,186.51,,,,
18/12/2017,11:00,7,4.2,338.8,-565.85,,,,
18/12/2017,12:00,7.3,4.6,341.5,-902.76,,,,
18/12/2017,13:00,7.5,3.8,336.9,-994.04,,,,
18/12/2017,14:00,7.3,3.6,334.5,-1318.27,,,,
18/12/2017,15:00,7,4,331.8,156.885,,,,
18/12/2017,16:00,6.8,3.8,339.8,262.96,,,,
18/12/2017,17:00,6.7,3.1,331.4,148.06,,,,
18/12/2017,18:00,6.4,2.8,326.1,83.515,,,,
18/12/2017,19:00,6.1,2.7,327.1,87.33,,,,
18/12/2017,20:00,6.1,2.7,340.7,69.02,,,,
18/12/2017,21:00,6,2.8,338.9,46.775,,,,
18/12/2017,22:00,5.2,2.4,334.4,62.65,,,,
18/12/2017,23:00,4.4,2,319.9,14.05,,,,
19/12/2017,00:00,4,1.5,301.5,2.88,,,,
19/12/2017,01:00,3,1.1,269.3,12.025,,,,
19/12/2017,02:00,2.9,0.9,253.2,798.08,,,,
19/12/2017,03:00,2.7,1.1,305.1,2.69,,,,
19/12/2017,04:00,3,1.4,243.5,39.77,,,,
19/12/2017,05:00,2.8,1.5,249.3,24.945,,,,
19/12/2017,06:00,2.9,1.3,234.9,3999.18,,,,
19/12/2017,07:00,3.1,1.8,241.6,-2556.405,,,,
19/12/2017,08:00,3.2,1.5,237.7,-385.27,,,,
19/12/2017,09:00,3.4,2,237.4,-48.945,,,,
19/12/2017,10:00,3.3,2.2,237.4,-60.035,,,,
19/12/2017,11:00,3.6,2.1,239.4,-45.52,,,,
19/12/2017,12:00,4,2.6,231.5,-86.9,,,,
19/12/2017,13:00,4.2,2.4,236.1,-63.55,,,,
19/12/2017,14:00,4.2,2.1,234,-65.12,,,,
19/12/2017,15:00,4.3,2.1,216.8,-54.83,,,,
19/12/2017,16:00,4.5,2.8,219.1,271.2,,,,
19/12/2017,17:00,4.7,2,229.2,126.625,,,,
19/12/2017,18:00,4.8,2.3,233.3,73.07,,,,
19/12/2017,19:00,4.8,2.7,235,217.055,,,,
19/12/2017,20:00,5,2.1,236.4,-282.88,,,,
19/12/2017,21:00,5.2,2.8,244.8,188.07,,,,
19/12/2017,22:00,5.4,2.4,243.8,67.64,,,,
19/12/2017,23:00,5.5,2,230.9,711.515,,,,
20/12/2017,00:00,5.7,2.3,235.9,-675.1,,,,
20/12/2017,01:00,5.8,2.4,243.3,516.58,,,,
20/12/2017,02:00,5.9,1.9,234.2,369.82,,,,
20/12/2017,03:00,5.9,2,238.8,179.67,,,,
20/12/2017,04:00,6,1.7,235.9,-171.74,,,,
20/12/2017,05:00,6.1,2.2,250,18.74,,,,
20/12/2017,06:00,6,2.2,249.9,806.555,,,,
20/12/2017,07:00,6,2,252.7,1380.79,,,,
20/12/2017,08:00,6.2,2.1,250.6,1380.79,,,,
20/12/2017,09:00,6.4,2.5,255.2,-95.34,,,,
20/12/2017,10:00,6.6,2.5,253.3,-58.475,,,,
20/12/2017,11:00,6.7,2,268.9,-49.59,,,,
20/12/2017,12:00,7,1.7,268.9,-49.59,,,,
20/12/2017,13:00,7.2,1.2,246.4,-49.59,,,,
20/12/2017,14:00,7.3,1.4,247.9,-49.59,,,,
20/12/2017,15:00,7.4,1.8,248.2,-49.59,,,,
20/12/2017,16:00,7.4,1.8,246.5,-49.59,,,,
20/12/2017,17:00,7.5,1.4,232.2,-49.59,,,,
20/12/2017,18:00,7.6,2,249.9,-1847.5,,,,
20/12/2017,19:00,7.5,1.6,247.4,-479.24,,,,
20/12/2017,20:00,7.5,1.7,244.5,-479.24,,,,
20/12/2017,21:00,7.5,1.7,231.3,-479.24,,,,
20/12/2017,22:00,7.5,1.9,237.4,-479.24,,,,
20/12/2017,23:00,7.5,2.1,236.1,-377.075,,,,
21/12/2017,00:00,7.5,2.3,244,883.48,,,,
21/12/2017,01:00,7.5,2.9,254.5,121.025,,,,
21/12/2017,02:00,7.5,2,238.5,40.47,,,,
21/12/2017,03:00,7.6,2.2,238.7,980.075,,,,
21/12/2017,04:00,7.6,2.3,244,-404.58,,,,
21/12/2017,05:00,7.6,1.5,235.8,-2342.34,,,,
21/12/2017,06:00,7.7,1.8,233.6,1133.87,,,,
21/12/2017,07:00,7.8,1.8,234.5,1133.87,,,,
21/12/2017,08:00,7.9,2,238.3,1133.87,,,,
21/12/2017,09:00,8,2.6,246.6,1133.87,,,,
21/12/2017,10:00,8.4,2.5,242.9,1133.87,,,,
21/12/2017,11:00,8.7,2.8,248,1133.87,,,,
21/12/2017,12:00,8.8,2.5,255.3,-45.605,,,,
21/12/2017,13:00,9,2.3,254.9,-144.385,,,,
21/12/2017,14:00,9.1,1.9,239.9,-166.265,,,,
21/12/2017,15:00,9.2,1.6,251,-1878.82,,,,
21/12/2017,16:00,9.3,1.8,228.4,869.02,,,,
21/12/2017,17:00,9.3,2.1,227.3,150.04,,,,
21/12/2017,18:00,9.3,1.9,223.6,150.04,,,,
21/12/2017,19:00,9.4,1.8,222.9,150.04,,,,
21/12/2017,20:00,9.5,2,235,150.04,,,,
21/12/2017,21:00,9.5,1.9,234.2,150.04,,,,
21/12/2017,22:00,9.6,2.4,245.4,150.04,,,,
21/12/2017,23:00,9.7,2.2,245.2,150.04,,,,
22/12/2017,00:00,9.6,2.3,243.2,150.04,,,,
22/12/2017,01:00,9.5,3.3,257.7,150.04,,,,
22/12/2017,02:00,9.3,3.1,259.3,150.04,,,,
22/12/2017,03:00,9.2,3.1,257.4,150.04,,,,
22/12/2017,04:00,9,3.4,255,-74.77,,,,
22/12/2017,05:00,8.8,3,255.4,-441,,,,
22/12/2017,06:00,8.8,2.4,260,-106.25,,,,
22/12/2017,07:00,8.7,2.3,269.1,-124.165,,,,
22/12/2017,08:00,8.7,2.1,274.5,-220.06,,,,
22/12/2017,09:00,8.8,2.6,273.1,-161.93,,,,
22/12/2017,10:00,8.9,2.6,276.7,-16.63,,,,
22/12/2017,11:00,8.9,2.4,287.3,-37.53,,,,
22/12/2017,12:00,9.1,1.8,282.7,-118.14,,,,
22/12/2017,13:00,9.2,1.8,277.7,-82.15,,,,
22/12/2017,14:00,9.2,1.9,272.7,-82.15,,,,
22/12/2017,15:00,9.1,2.2,270.8,31.81,,,,
22/12/2017,16:00,9,2.1,267.6,-1085.76,,,,
22/12/2017,17:00,8.9,1.8,260.5,-936.105,,,,
22/12/2017,18:00,8.9,1.9,274.5,-248.43,,,,
22/12/2017,19:00,8.9,1.9,265.2,-135.3,,,,
22/12/2017,20:00,8.8,1.4,259.5,-106.39,,,,
22/12/2017,21:00,8.7,1.4,249.6,-575.515,,,,
22/12/2017,22:00,8.6,2.1,247.7,92.43,,,,
22/12/2017,23:00,8.5,1.7,240.5,-216.47,,,,
23/12/2017,00:00,8.4,1.6,242.1,-313.24,,,,
23/12/2017,01:00,8.5,2.1,244.7,505.24,,,,
23/12/2017,02:00,8.5,1.6,235.3,-1430.975,,,,
23/12/2017,03:00,8.4,2.1,235.9,2467.325,,,,
23/12/2017,04:00,8.3,2.2,236.3,3174.455,,,,
23/12/2017,05:00,8.3,2.2,238.4,1903.19,,,,
23/12/2017,06:00,8.2,3.2,244.6,384.915,,,,
23/12/2017,07:00,7.9,3.9,243.3,452.1,,,,
23/12/2017,08:00,7.8,2.9,239.7,-664.35,,,,
23/12/2017,09:00,8.1,2.9,239.1,-664.35,,,,
23/12/2017,10:00,8.4,3.1,241.1,-664.35,,,,
23/12/2017,11:00,8.8,3.9,244.1,-392.22,,,,
23/12/2017,12:00,9.1,3.4,238,-120.09,,,,
23/12/2017,13:00,9.3,3.8,242.9,274.24,,,,
23/12/2017,14:00,9.3,4.1,244.6,-2510.94,,,,
23/12/2017,15:00,9.3,3,235.7,-1016.205,,,,
23/12/2017,16:00,9.2,3.8,230.9,4804.465,,,,
23/12/2017,17:00,9.1,4.4,239,202.63,,,,
23/12/2017,18:00,8.9,3.8,238.6,202.63,,,,
23/12/2017,19:00,9,3.9,233.4,227.73,,,,
23/12/2017,20:00,8.9,4.5,233.2,344.29,,,,
23/12/2017,21:00,8.7,4.5,230.3,166.285,,,,
23/12/2017,22:00,8.7,5.7,226,414.29,,,,
23/12/2017,23:00,8.6,4.8,230.8,399.43,,,,
24/12/2017,00:00,8.6,4.2,230.7,628.765,,,,
24/12/2017,01:00,8.6,4.7,229.3,359.145,,,,
24/12/2017,02:00,8.6,4.3,232,375.545,,,,
24/12/2017,03:00,8.6,4.9,227.3,172.815,,,,
24/12/2017,04:00,8.3,5.6,225.2,394.315,,,,
24/12/2017,05:00,8.2,5.5,225.8,565.8,,,,
24/12/2017,06:00,8,5.6,224,563.095,,,,
24/12/2017,07:00,8.1,5.1,223.8,903.965,,,,
24/12/2017,08:00,8.3,4.9,225.5,482.92,,,,
24/12/2017,09:00,8.5,4.9,227.6,725.705,,,,
24/12/2017,10:00,8.6,4.9,226.8,1124.03,,,,
24/12/2017,11:00,8.7,4.6,229.9,-5770.46,,,,
24/12/2017,12:00,8.7,4.2,231,4066.67,,,,
24/12/2017,13:00,8.7,4.4,229.8,1957.245,,,,
24/12/2017,14:00,8.7,4.7,223,969.26,,,,
24/12/2017,15:00,8.3,5.2,221.9,581.595,,,,
24/12/2017,16:00,8.2,3.7,231,654.92,,,,
24/12/2017,17:00,8.2,4.5,226.6,131.515,,,,
24/12/2017,18:00,8.2,4.1,237.7,255.365,,,,
24/12/2017,19:00,8,3.8,233.4,596.135,,,,
24/12/2017,20:00,7.9,5.4,224,213.405,,,,
24/12/2017,21:00,7.9,5.6,214.5,404.67,,,,
24/12/2017,22:00,8,5.1,215.7,330.285,,,,
24/12/2017,23:00,7.9,5.4,214.3,575.775,,,,
25/12/2017,00:00,8,5.9,213.8,383.57,,,,
25/12/2017,01:00,8,5.6,215.8,534.855,,,,
25/12/2017,02:00,8.1,6.3,209.7,454.585,,,,
25/12/2017,03:00,8.1,5.9,209.6,391.09,,,,
25/12/2017,04:00,8,5.9,214.6,376.325,,,,
25/12/2017,05:00,7.9,4.8,207,300.555,,,,
25/12/2017,06:00,7.5,4.8,203.1,275.49,,,,
25/12/2017,07:00,7.2,5.6,210.5,504.86,,,,
25/12/2017,08:00,6.9,5,205.4,240.97,,,,
25/12/2017,09:00,6.7,5.9,205.5,248.525,,,,
25/12/2017,10:00,6.5,6.6,213.8,608.68,,,,
25/12/2017,11:00,6.2,5.3,203,873.08,,,,
25/12/2017,12:00,6,5.7,196.4,1289.08,,,,
25/12/2017,13:00,6,6.3,186.6,-3730.675,,,,
25/12/2017,14:00,5.6,5.5,179.1,6673.83,,,,
25/12/2017,15:00,5.2,5.8,172.2,1111.01,,,,
25/12/2017,16:00,4.8,5.5,175.1,713.395,,,,
25/12/2017,17:00,4.6,6.2,178.7,507.37,,,,
25/12/2017,18:00,4.5,7.1,173.1,453.835,,,,
25/12/2017,19:00,4.3,7.5,172.8,1011.46,,,,
25/12/2017,20:00,4.1,8.2,169,3784.08,,,,
25/12/2017,21:00,4,7.7,168.1,6621.13,,,,
25/12/2017,22:00,4,7.6,169.7,2449.425,,,,
25/12/2017,23:00,3.8,7.5,175.5,2133.28,,,,
26/12/2017,00:00,3.8,6.7,173.9,1613.06,,,,
26/12/2017,01:00,4.4,7,177.1,955.42,,,,
26/12/2017,02:00,5.7,7.8,190.7,169.09,,,,
26/12/2017,03:00,6.4,8.3,201.6,171.59,,,,
26/12/2017,04:00,5.5,7.6,213.5,284.91,,,,
26/12/2017,05:00,5.1,6.1,224.7,284.91,,,,
26/12/2017,06:00,5,4.6,219.7,284.91,,,,
26/12/2017,07:00,5,5,213.3,284.91,,,,
26/12/2017,08:00,5,5.6,214.2,284.91,,,,
26/12/2017,09:00,5.5,6.2,222.9,101.905,,,,
26/12/2017,10:00,6.2,5.7,228.2,-1762.32,,,,
26/12/2017,11:00,5.8,5.5,228.6,-2051.625,,,,
26/12/2017,12:00,6,6.7,217.5,-336,,,,
26/12/2017,13:00,6.1,6.9,212.5,1022.9,,,,
26/12/2017,14:00,6.1,5.8,207.4,1471.575,,,,
26/12/2017,15:00,5.8,5.3,196.5,296.46,,,,
26/12/2017,16:00,5.3,6.1,192,79.445,,,,
26/12/2017,17:00,5.1,6.4,186.3,79.935,,,,
26/12/2017,18:00,5.2,5.9,170.1,69.58,,,,
26/12/2017,19:00,5.7,6.1,168.3,87.15,,,,
26/12/2017,20:00,6.1,6.7,166.1,71.945,,,,
26/12/2017,21:00,6.5,7,168.4,92.915,,,,
26/12/2017,22:00,6.8,8.4,165.7,197.605,,,,
26/12/2017,23:00,6.6,9.5,165.7,315.2,,,,
27/12/2017,00:00,6.3,9.4,162.2,402.355,,,,
27/12/2017,01:00,6,8.8,163.4,426.26,,,,
27/12/2017,02:00,5.3,8.7,165.9,252.06,,,,
27/12/2017,03:00,4.3,8.4,166.9,252.06,,,,
27/12/2017,04:00,3.9,7.6,166.3,252.06,,,,
27/12/2017,05:00,3.9,6.7,174.7,252.06,,,,
27/12/2017,06:00,4,6.8,171.2,252.06,,,,
27/12/2017,07:00,4.4,6.3,171.6,252.1,,,,
27/12/2017,08:00,4.7,5.7,175.6,244.105,,,,
27/12/2017,09:00,5.3,4.6,183.3,201.685,,,,
27/12/2017,10:00,6.3,4.7,198.7,258.13,,,,
27/12/2017,11:00,6.4,4.3,196.5,-123.765,,,,
27/12/2017,12:00,6.5,4.6,198.7,-129.045,,,,
27/12/2017,13:00,6.2,3.7,202.2,2217.3,,,,
27/12/2017,14:00,6.2,2.8,231,-4050.56,,,,
27/12/2017,15:00,5.5,2.6,239.7,112.87,,,,
27/12/2017,16:00,4.9,2.6,211,157.8,,,,
27/12/2017,17:00,4.5,2.9,232.8,31.27,,,,
27/12/2017,18:00,4.3,5.4,284.3,62.705,,,,
27/12/2017,19:00,3.2,7.4,325.2,82.13,,,,
27/12/2017,20:00,3.1,5.2,325.4,82.13,,,,
27/12/2017,21:00,3.2,5.5,317,82.13,,,,
27/12/2017,22:00,2.8,5,313.4,82.13,,,,
27/12/2017,23:00,2.6,4.3,282.1,82.13,,,,
28/12/2017,00:00,3.1,4.4,281.8,82.13,,,,
28/12/2017,01:00,3.1,3.7,274.4,82.13,,,,
28/12/2017,02:00,3,4.2,269.7,114.375,,,,
28/12/2017,03:00,2.4,3.8,286,200.39,,,,
28/12/2017,04:00,1.4,3.5,305.3,200.39,,,,
28/12/2017,05:00,2.2,3.8,265.1,200.39,,,,
28/12/2017,06:00,2.1,3.7,259,134.19,,,,
28/12/2017,07:00,1.2,2.5,239.1,59.605,,,,
28/12/2017,08:00,0.6,3,241.9,29.945,,,,
28/12/2017,09:00,1,3,240.3,52.34,,,,
28/12/2017,10:00,1.7,3.5,239.1,-706.8,,,,
28/12/2017,11:00,2.7,3.3,242.6,-288.51,,,,
28/12/2017,12:00,3.7,3.9,247.6,-79.775,,,,
28/12/2017,13:00,4,3.8,244,-112.72,,,,
28/12/2017,14:00,3.8,3.3,242,-700.675,,,,
28/12/2017,15:00,3.5,2.9,237.4,137.925,,,,
28/12/2017,16:00,3.1,3.3,231.7,40.48,,,,
28/12/2017,17:00,2.6,3.9,221.4,46.1,,,,
28/12/2017,18:00,2.1,3.6,226.6,31.965,,,,
28/12/2017,19:00,1.8,3.3,229.9,9.4,,,,
28/12/2017,20:00,1.5,3.2,231.7,25.115,,,,
28/12/2017,21:00,1.3,3.5,224,23.75,,,,
28/12/2017,22:00,1,3.9,223.8,27.63,,,,
28/12/2017,23:00,0.8,3.9,228.1,37.08,,,,
29/12/2017,00:00,0.6,3.7,226.4,35.845,,,,
29/12/2017,01:00,0.4,3.5,217.3,32.79,,,,
29/12/2017,02:00,0.3,3.1,209.6,32.97,,,,
29/12/2017,03:00,-0.1,2.9,194.8,13.665,,,,
29/12/2017,04:00,0.1,3.3,194.8,22.035,,,,
29/12/2017,05:00,0.1,3.6,178.6,20.52,,,,
29/12/2017,06:00,0.6,4.7,175.7,21.84,,,,
29/12/2017,07:00,1.5,5.4,175.3,60.585,,,,
29/12/2017,08:00,1.7,7.2,164.4,106.605,,,,
29/12/2017,09:00,1.9,7.5,166,250.85,,,,
29/12/2017,10:00,1.8,8.1,163,194.83,,,,
29/12/2017,11:00,1.7,9.2,166.6,194.83,,,,
29/12/2017,12:00,1.7,7.8,172.3,194.83,,,,
29/12/2017,13:00,2.2,8.6,180.1,194.83,,,,
29/12/2017,14:00,2.9,8.1,182.1,194.83,,,,
29/12/2017,15:00,3.5,5.9,192.4,2539.19,,,,
29/12/2017,16:00,4.4,4.5,214.4,2539.19,,,,
29/12/2017,17:00,4.9,4.2,232.8,1309.185,,,,
29/12/2017,18:00,5.3,5,257.4,250.8,,,,
29/12/2017,19:00,5.6,4.6,250.9,250.8,,,,
29/12/2017,20:00,5.5,3.6,239.3,116.955,,,,
29/12/2017,21:00,4.7,4.2,227.8,102.04,,,,
29/12/2017,22:00,4.1,3.8,230.4,51.7,,,,
29/12/2017,23:00,4.2,3.8,234.8,37.76,,,,
30/12/2017,00:00,4.4,4.8,217,29.75,,,,
30/12/2017,01:00,4.6,4.7,194.5,60.52,,,,
30/12/2017,02:00,4.9,6,191.8,36.415,,,,
30/12/2017,03:00,5.5,5.9,189.1,194.925,,,,
30/12/2017,04:00,5.3,6.1,176.2,148.28,,,,
30/12/2017,05:00,5.5,7,167.4,148.28,,,,
30/12/2017,06:00,6.4,6.9,180.5,148.28,,,,
30/12/2017,07:00,9,7.9,213.7,148.28,,,,
30/12/2017,08:00,10.3,6.4,227.1,148.28,,,,
30/12/2017,09:00,11.4,5.4,237.9,97.31,,,,
30/12/2017,10:00,12.2,7.3,247.7,331.885,,,,
30/12/2017,11:00,12.6,7.5,245.9,1073.45,,,,
30/12/2017,12:00,12.7,6.9,245.5,498,,,,
30/12/2017,13:00,12.7,6.6,244.7,438.265,,,,
30/12/2017,14:00,12.5,5.4,240.2,654.69,,,,
30/12/2017,15:00,12.4,5.6,239.4,335.21,,,,
30/12/2017,16:00,12.5,5.2,235.5,300.83,,,,
30/12/2017,17:00,12.7,5.2,243.3,227.76,,,,
30/12/2017,18:00,12.5,4.9,242.4,276.665,,,,
30/12/2017,19:00,12.4,4.7,238.8,286.275,,,,
30/12/2017,20:00,12,4.2,236.6,273.6,,,,
30/12/2017,21:00,11.6,4.2,231.5,168.44,,,,
30/12/2017,22:00,10.9,5.1,223.4,148.52,,,,
30/12/2017,23:00,10.2,4.1,224.5,166.19,,,,
31/12/2017,00:00,10.7,5.3,211.1,166.19,,,,
31/12/2017,01:00,12,9.2,214.3,166.19,,,,
31/12/2017,02:00,12.4,9.9,217.2,166.19,,,,
31/12/2017,03:00,12.6,9.5,217.5,166.19,,,,
31/12/2017,04:00,13,10.5,214.5,166.19,,,,
31/12/2017,05:00,13.1,9.8,210.2,616.49,,,,
31/12/2017,06:00,12.7,10.1,209.6,297.145,,,,
31/12/2017,07:00,12.4,8.8,206.3,630.035,,,,
31/12/2017,08:00,12.5,8.7,204.1,488.3,,,,
31/12/2017,09:00,12.8,9,200,480.525,,,,
31/12/2017,10:00,13.5,8.7,202.2,438.125,,,,
31/12/2017,11:00,13.7,9,203.9,1044.4,,,,
31/12/2017,12:00,13.5,9.3,205.5,1452.745,,,,
31/12/2017,13:00,13.1,8.1,217.5,656.41,,,,
31/12/2017,14:00,10.7,5.2,237.5,404.53,,,,
31/12/2017,15:00,10.4,4.8,229.5,404.53,,,,
31/12/2017,16:00,10.6,5.6,223.3,404.53,,,,
31/12/2017,17:00,9.9,6.4,217.9,404.53,,,,
31/12/2017,18:00,9.2,5.5,227.1,404.53,,,,
31/12/2017,19:00,9.1,6.8,216.2,404.53,,,,
31/12/2017,20:00,8.6,8,226,404.53,,,,
31/12/2017,21:00,7.6,5.7,225.6,404.53,,,,
31/12/2017,22:00,8.1,7.8,221,404.53,,,,
31/12/2017,23:00,8.1,8.3,215.3,247.12,,,,
